chembl_id,canonical_smiles,chemical_formula,ic50_nM,pIC50,assay_description,target_name,inchi,inchi_key
CHEMBL11359,,H6Cl2N2Pt+2,2300.0,5.64,In vitro cytotoxicity against human tumor MCF-7 cell line (breast cancer),MCF7,,
CHEMBL11359,,H6Cl2N2Pt+2,1400.0,5.85,In vitro cytotoxicity against human tumor EVSA-T cell line (breast cancer),EVSA-T,,
CHEMBL11359,,H6Cl2N2Pt+2,3200.0,5.5,In vitro cytotoxicity against human tumor WIDR cell line (colon cancer),WiDr,,
CHEMBL11359,,H6Cl2N2Pt+2,600.0,6.22,In vitro cytotoxicity against human tumor IGROV cell line (ovarian cancer),IGROV-1,,
CHEMBL11359,,H6Cl2N2Pt+2,1900.0,5.72,In vitro cytotoxicity against human tumor M19 cell line (melanoma cancer),M19-MEL,,
CHEMBL11359,,H6Cl2N2Pt+2,7500.0,5.12,In vitro cytotoxicity against human tumor A498 cell line (renal cancer),A498,,
CHEMBL11359,,H6Cl2N2Pt+2,10900.0,4.96,In vitro cytotoxicity against human tumor H226 cell line (nonsmall cell lung cancer),NCI-H226,,
CHEMBL279877,,C4H12Cl2N8O6Pt2,23000.0,4.64,In vitro cytotoxicity against human tumor MCF-7 cell line (breast cancer),MCF7,,
CHEMBL279877,,C4H12Cl2N8O6Pt2,85200.0,,In vitro cytotoxicity against human tumor EVSA-T cell line (breast cancer),EVSA-T,,
CHEMBL279877,,C4H12Cl2N8O6Pt2,13300.0,4.88,In vitro cytotoxicity against human tumor WIDR cell line (colon cancer),WiDr,,
CHEMBL279877,,C4H12Cl2N8O6Pt2,200.0,6.7,In vitro cytotoxicity against human tumor IGROV cell line (ovarian cancer),IGROV-1,,
CHEMBL279877,,C4H12Cl2N8O6Pt2,7200.0,5.14,In vitro cytotoxicity against human tumor M19 cell line (melanoma cancer),M19-MEL,,
CHEMBL279877,,C4H12Cl2N8O6Pt2,53000.0,4.28,In vitro cytotoxicity against human tumor A498 cell line (renal cancer),A498,,
CHEMBL279877,,C4H12Cl2N8O6Pt2,85200.0,,In vitro cytotoxicity against human tumor H226 cell line (nonsmall cell lung cancer),NCI-H226,,
CHEMBL11359,,H6Cl2N2Pt+2,300.0,6.52,Compound was tested for inhibitory activity against A2780 human ovarian carcinoma cell line; activity expressed in Mean IC50 values,A2780,,
CHEMBL11359,,H6Cl2N2Pt+2,3300.0,5.48,Compound was tested for inhibitory activity against A2780cisR human ovarian carcinoma cell line; activity expressed in Mean IC50 values,A2780,,
CHEMBL11359,,H6Cl2N2Pt+2,100.0,7.0,Compound was tested for inhibitory activity against CH1 human ovarian carcinoma cell line; activity expressed in Mean IC50 values,CH1,,
CHEMBL11359,,H6Cl2N2Pt+2,650.0,6.19,Compound was tested for inhibitory activity against CH1cisR human ovarian carcinoma cell line; activity expressed in Mean IC50 values,CH1,,
CHEMBL280204,,C4H12Cl2N8O6Pt2,17000.0,4.77,In vitro cytotoxicity against human tumor MCF-7 cell line (breast cancer),MCF7,,
CHEMBL280204,,C4H12Cl2N8O6Pt2,47000.0,4.33,In vitro cytotoxicity against human tumor EVSA-T cell line (breast cancer),EVSA-T,,
CHEMBL280204,,C4H12Cl2N8O6Pt2,2400.0,5.62,In vitro cytotoxicity against human tumor WIDR cell line (colon cancer),WiDr,,
CHEMBL280204,,C4H12Cl2N8O6Pt2,1000.0,6.0,In vitro cytotoxicity against human tumor IGROV cell line (ovarian cancer),IGROV-1,,
CHEMBL280204,,C4H12Cl2N8O6Pt2,20900.0,4.68,In vitro cytotoxicity against human tumor M19 cell line (melanoma cancer),M19-MEL,,
CHEMBL280204,,C4H12Cl2N8O6Pt2,63500.0,4.2,In vitro cytotoxicity against human tumor A498 cell line (renal cancer),A498,,
CHEMBL280204,,C4H12Cl2N8O6Pt2,85200.0,,In vitro cytotoxicity against human tumor H226 cell line (nonsmall cell lung cancer),NCI-H226,,
CHEMBL19930,,C4H12Cl4N6Pt2,26200.0,4.58,In vitro cytotoxicity against human tumor MCF-7 cell line (breast cancer),MCF7,,
CHEMBL19930,,C4H12Cl4N6Pt2,40300.0,4.39,In vitro cytotoxicity against human tumor EVSA-T cell line (breast cancer),EVSA-T,,
CHEMBL19930,,C4H12Cl4N6Pt2,6600.0,5.18,In vitro cytotoxicity against human tumor WIDR cell line (colon cancer),WiDr,,
CHEMBL19930,,C4H12Cl4N6Pt2,100.0,7.0,In vitro cytotoxicity against human tumor IGROV cell line (ovarian cancer),IGROV-1,,
CHEMBL19930,,C4H12Cl4N6Pt2,17600.0,4.75,In vitro cytotoxicity against human tumor M19 cell line (melanoma cancer),M19-MEL,,
CHEMBL19930,,C4H12Cl4N6Pt2,54600.0,4.26,In vitro cytotoxicity against human tumor A498 cell line (renal cancer),A498,,
CHEMBL19930,,C4H12Cl4N6Pt2,91900.0,,In vitro cytotoxicity against human tumor H226 cell line (nonsmall cell lung cancer),NCI-H226,,
CHEMBL1169454,,C36H30N4O8Pt+2,280.0,6.55,Compound was tested for inhibitory activity against A2780 human ovarian carcinoma cell line; activity expressed in Mean IC50 values,A2780,,
CHEMBL1169454,,C36H30N4O8Pt+2,1000.0,6.0,Compound was tested for inhibitory activity against A2780cisR human ovarian carcinoma cell line; activity expressed in Mean IC50 values,A2780,,
CHEMBL1169454,,C36H30N4O8Pt+2,350.0,6.46,Compound was tested for inhibitory activity against CH1 human ovarian carcinoma cell line; activity expressed in Mean IC50 values,CH1,,
CHEMBL1169454,,C36H30N4O8Pt+2,600.0,6.22,Compound was tested for inhibitory activity against CH1cisR human ovarian carcinoma cell line; activity expressed in Mean IC50 values,CH1,,
CHEMBL2146195,,C30H26Cl2N4O4Pt,250.0,6.6,Compound was tested for inhibitory activity against A2780 human ovarian carcinoma cell line; activity expressed in Mean IC50 values,A2780,,
CHEMBL2146195,,C30H26Cl2N4O4Pt,800.0,6.1,Compound was tested for inhibitory activity against A2780cisR human ovarian carcinoma cell line; activity expressed in Mean IC50 values,A2780,,
CHEMBL2146195,,C30H26Cl2N4O4Pt,270.0,6.57,Compound was tested for inhibitory activity against CH1 human ovarian carcinoma cell line; activity expressed in Mean IC50 values,CH1,,
CHEMBL2146195,,C30H26Cl2N4O4Pt,450.0,6.35,Compound was tested for inhibitory activity against CH1cisR human ovarian carcinoma cell line; activity expressed in Mean IC50 values,CH1,,
CHEMBL19739,,C4H12Cl4N6Pt2,15500.0,4.81,In vitro cytotoxicity against human tumor MCF-7 cell line (breast cancer),MCF7,,
CHEMBL19739,,C4H12Cl4N6Pt2,42500.0,4.37,In vitro cytotoxicity against human tumor EVSA-T cell line (breast cancer),EVSA-T,,
CHEMBL19739,,C4H12Cl4N6Pt2,2000.0,5.7,In vitro cytotoxicity against human tumor WIDR cell line (colon cancer),WiDr,,
CHEMBL19739,,C4H12Cl4N6Pt2,800.0,6.1,In vitro cytotoxicity against human tumor IGROV cell line (ovarian cancer),IGROV-1,,
CHEMBL19739,,C4H12Cl4N6Pt2,21400.0,4.67,In vitro cytotoxicity against human tumor M19 cell line (melanoma cancer),M19-MEL,,
CHEMBL19739,,C4H12Cl4N6Pt2,54100.0,,In vitro cytotoxicity against human tumor A498 cell line (renal cancer),A498,,
CHEMBL19739,,C4H12Cl4N6Pt2,91900.0,,In vitro cytotoxicity against human tumor H226 cell line (nonsmall cell lung cancer),NCI-H226,,
CHEMBL11359,,H6Cl2N2Pt+2,890.0,6.05,In vitro cytotoxicity was tested against human Ovarian carcinoma A2780 cell line,A2780,,
CHEMBL11359,,H6Cl2N2Pt+2,3400.0,5.47,In vitro cytotoxicity was tested against human Ovarian carcinoma A2780 cisplatin resistant cell line,A2780,,
CHEMBL11359,,H6Cl2N2Pt+2,150.0,6.82,In vitro cytotoxicity was tested against human Ovarian carcinoma CH1 cell line,CH1,,
CHEMBL11359,,H6Cl2N2Pt+2,2400.0,5.62,In vitro cytotoxicity was tested against human Ovarian carcinoma CH1 cisplatin resistant cell line,CH1,,
CHEMBL11359,,H6Cl2N2Pt+2,3400.0,5.47,In vitro cytotoxicity was tested against human Ovarian carcinoma SKOV-3 cell line,SK-OV-3,,
CHEMBL118385,,C12H8AuCl2N2+2,3800.0,5.42,cytotoxic activity toward A2780 ovarian human cell line sensitive (S) to cisplatin in experiment 5,A2780,,
CHEMBL118385,,C12H8AuCl2N2+2,3490.0,5.46,cytotoxic activity toward A2780 ovarian human cell line resistant (R) to cisplatin in experiment 5,A2780,,
CHEMBL11359,,H6Cl2N2Pt+2,1220.0,5.91,cytotoxic activity toward A2780 ovarian human cell line sensitive (S) to cisplatin in experiment 8,A2780,,
CHEMBL11359,,H6Cl2N2Pt+2,14160.0,4.85,cytotoxic activity toward A2780 ovarian human cell line resistant (R) to cisplatin in experiment 8,A2780,,
CHEMBL332792,,C10H20AuN4,99000.0,4.0,cytotoxic activity toward A2780 ovarian human cell line sensitive (S) to cisplatin in experiment 2,A2780,,
CHEMBL332792,,C10H20AuN4,120000.0,,cytotoxic activity toward A2780 ovarian human cell line resistant (R) to cisplatin in experiment 2,A2780,,
CHEMBL334321,,AuCl4+,11000.0,4.96,cytotoxic activity toward A2780 ovarian human cell line sensitive (S) to cisplatin,A2780,,
CHEMBL326518,,C15H11AuClN3+3,200.0,6.7,cytotoxic activity toward A2780 ovarian human cell line sensitive (S) to cisplatin in experiment 1,A2780,,
CHEMBL326518,,C15H11AuClN3+3,370.0,6.43,cytotoxic activity toward A2780 ovarian human cell line resistant (R) to cisplatin in experiment 3,A2780,,
CHEMBL118666,,C4H12AuCl3N4-3,8360.0,5.08,cytotoxic activity toward A2780 ovarian human cell line sensitive (S) to cisplatin in experiment 3,A2780,,
CHEMBL118666,,C4H12AuCl3N4-3,17000.0,4.77,cytotoxic activity toward A2780 ovarian human cell line resistant (R) to cisplatin in experiment 3,A2780,,
CHEMBL119215,,C4H10AuClN3,8200.0,5.09,cytotoxic activity toward A2780 ovarian human cell line sensitive (S) to cisplatin in experiment 2,A2780,,
CHEMBL119215,,C4H10AuClN3,18700.0,4.73,cytotoxic activity toward A2780 ovarian human cell line resistant (R) to cisplatin in experiment 3,A2780,,
CHEMBL11359,,H6Cl2N2Pt+2,890.0,6.05,The compound was tested for cytotoxic activity against A2780 cell line(human ovarian carcinoma ),A2780,,
CHEMBL11359,,H6Cl2N2Pt+2,3400.0,5.47,The compound was tested for cytotoxic activity against A2780cisR cell line(human ovarian carcinoma ),A2780cisR,,
CHEMBL11359,,H6Cl2N2Pt+2,150.0,6.82,The compound was tested for cytotoxic activity against CH1 cell line(human ovarian carcinoma ),CH1,,
CHEMBL11359,,H6Cl2N2Pt+2,2400.0,5.62,The compound was tested for cytotoxic activity against CH1/Cs cell line(human ovarian carcinoma),CH1,,
CHEMBL11359,,H6Cl2N2Pt+2,3400.0,5.47,The compound was tested for cytotoxic activity against SKOV-3 cell line(human ovarian carcinoma ),SK-OV-3,,
CHEMBL11359,,H6Cl2N2Pt+2,24100.0,4.62,In vitro antitumor activity of compound against AGS cell line (human stomach cancer cells),AGS,,
CHEMBL11359,,H6Cl2N2Pt+2,8370.0,5.08,In vitro antitumor activity of compound against 7404 cell line (human liver carcinoma cells),BEL-7404 tumor cell line,,
CHEMBL11359,,H6Cl2N2Pt+2,18700.0,4.73,In vitro antitumor activity of compound against MCF-7 cell line (human breast cancer cells),MCF7,,
CHEMBL164788,,C14H24Cl2N2O4Pt,3000.0,5.52,Cytotoxicity against chronic myelogenous leukemia K562 tumor cell lines,K562,,
CHEMBL164788,,C14H24Cl2N2O4Pt,2000.0,5.7,Cytotoxicity against chronic myelogenous leukemia KG-1 tumor cell lines,KG-1,,
CHEMBL164788,,C14H24Cl2N2O4Pt,1000.0,6.0,Cytotoxicity against acute myelogenous leukemia ML-2 tumor cell lines,ML-2,,
CHEMBL164788,,C14H24Cl2N2O4Pt,12000.0,4.92,Cytotoxicity against colon cancer HT29N tumor cell lines,HT-29,,
CHEMBL164788,,C14H24Cl2N2O4Pt,8000.0,5.1,Cytotoxicity against colon cancer HT-29 tumor cell lines,HT-29,,
CHEMBL164788,,C14H24Cl2N2O4Pt,9000.0,5.05,Cytotoxicity against colon cancer HCT116 tumor cell lines,HCT-116,,
CHEMBL164788,,C14H24Cl2N2O4Pt,6000.0,5.22,Cytotoxicity against lung carcinoma A427 tumor cell lines,A-427,,
CHEMBL164788,,C14H24Cl2N2O4Pt,6000.0,5.22,Cytotoxicity against breast carcinoma HBL100 tumor cell lines,HBL-100,,
CHEMBL164788,,C14H24Cl2N2O4Pt,8000.0,5.1,Cytotoxicity against breast carcinoma MCF-7 tumor cell lines,MCF7,,
CHEMBL164788,,C14H24Cl2N2O4Pt,25000.0,4.6,Cytotoxicity against lung carcinoma COR-L23/CTR tumor cell lines,COR-L23,,
CHEMBL164788,,C14H24Cl2N2O4Pt,4000.0,5.4,Cytotoxicity against ovarian carcinoma A2780 tumor cell lines,A2780,,
CHEMBL164788,,C14H24Cl2N2O4Pt,3000.0,5.52,Cytotoxicity against ovarian carcinoma A2780/cis tumor cell lines,A2780,,
CHEMBL164788,,C14H24Cl2N2O4Pt,7000.0,5.16,Cytotoxicity against ovarian carcinoma A2780/cis90 tumor cell lines,A2780,,
CHEMBL2068467,,C9H20Cl2N2Pt,18000.0,4.75,Inhibitory concentration was measured on human bladder cell line,Homo sapiens,,
CHEMBL2068332,,H8N4Pt,4000.0,5.4,Inhibitory concentration was measured on human bladder cell line,Homo sapiens,,
CHEMBL11359,,H6Cl2N2Pt+2,80000.0,,Cytotoxicity against chronic myelogenous leukemia K562 tumor cell lines,K562,,
CHEMBL11359,,H6Cl2N2Pt+2,48000.0,4.32,Cytotoxicity against chronic myelogenous leukemia KG-1 tumor cell lines,KG-1,,
CHEMBL11359,,H6Cl2N2Pt+2,80000.0,,Cytotoxicity against acute myelogenous leukemia ML-2 tumor cell lines,ML-2,,
CHEMBL11359,,H6Cl2N2Pt+2,80000.0,,Cytotoxicity against colon cancer HT29N tumor cell lines,HT-29,,
CHEMBL11359,,H6Cl2N2Pt+2,50000.0,4.3,Cytotoxicity against colon cancer HT-29 tumor cell lines,HT-29,,
CHEMBL11359,,H6Cl2N2Pt+2,80000.0,,Cytotoxicity against colon cancer HCT116 tumor cell lines,HCT-116,,
CHEMBL11359,,H6Cl2N2Pt+2,63000.0,4.2,Cytotoxicity against lung carcinoma A427 tumor cell lines,A-427,,
CHEMBL11359,,H6Cl2N2Pt+2,63000.0,4.2,Cytotoxicity against breast carcinoma HBL100 tumor cell lines,HBL-100,,
CHEMBL11359,,H6Cl2N2Pt+2,71000.0,4.15,Cytotoxicity against breast carcinoma MCF-7 tumor cell lines,MCF7,,
CHEMBL11359,,H6Cl2N2Pt+2,80000.0,,Cytotoxicity against lung carcinoma COR-L23/CTR tumor cell lines,COR-L23,,
CHEMBL11359,,H6Cl2N2Pt+2,4000.0,5.4,Cytotoxicity against ovarian carcinoma A2780 tumor cell lines,A2780,,
CHEMBL11359,,H6Cl2N2Pt+2,40000.0,4.4,Cytotoxicity against ovarian carcinoma A2780/cis tumor cell lines,A2780,,
CHEMBL11359,,H6Cl2N2Pt+2,80000.0,,Cytotoxicity against ovarian carcinoma A2780/cis90 tumor cell lines,A2780,,
CHEMBL2068468,,C9H20Cl2N2Pt,22000.0,4.66,Inhibitory concentration was measured on human bladder cell line,Homo sapiens,,
CHEMBL608256,,C19H25ClN6PtS,130.0,6.89,Cytotoxicity against HL-60 leukemia cells,HL-60,,
CHEMBL608255,,C17H20ClN5PtS,75000.0,4.12,Cytotoxicity against HL-60 leukemia cells,HL-60,,
CHEMBL96737,,C32H25N8O3Pt2S+7,5700.0,5.24,50% Growth inhibition on NCH37 glioma cell lines,NCH82,,
CHEMBL96737,,C32H25N8O3Pt2S+7,3900.0,5.41,50% Growth inhibition on NCH82 glioma cell lines,NCH37,,
CHEMBL96737,,C32H25N8O3Pt2S+7,2500.0,5.6,50% Growth inhibition on NCH89 glioma cell lines,NCH89,,
CHEMBL96737,,C32H25N8O3Pt2S+7,4800.0,5.32,50% Growth inhibition on HNO97 head and neck squamous carcinoma cell lines,HNO 97 cell line,,
CHEMBL94699,,C20H14ClN5O3PtS+3,10500.0,4.98,50% Growth inhibition on NCH37 glioma cell lines,NCH82,,
CHEMBL94699,,C20H14ClN5O3PtS+3,7400.0,5.13,50% Growth inhibition on NCH82 glioma cell lines,NCH37,,
CHEMBL94699,,C20H14ClN5O3PtS+3,2500.0,5.6,50% Growth inhibition on NCH89 glioma cell lines,NCH89,,
CHEMBL94699,,C20H14ClN5O3PtS+3,5500.0,5.26,50% Growth inhibition on HNO97 head and neck squamous carcinoma cell lines,HNO 97 cell line,,
CHEMBL98681,,C10H22Cl4N4Pt2,15000.0,4.82,Cytotoxic potency against human HeLa cell line expressed as inhibitory concentration,HeLa,,
CHEMBL98681,,C10H22Cl4N4Pt2,20000.0,4.7,Cytotoxic potency against human HSC-3 cell line expressed as inhibitory concentration,HSC-3,,
CHEMBL98681,,C10H22Cl4N4Pt2,35000.0,4.46,Cytotoxic potency against human THP-1 cell line expressed as inhibitory concentration,THP-1,,
CHEMBL98681,,C10H22Cl4N4Pt2,37000.0,4.43,Cytotoxic potency against human MOLT-3 cell line expressed as inhibitory concentration,MOLT-3,,
CHEMBL98681,,C10H22Cl4N4Pt2,30000.0,4.52,Cytotoxic potency against human CCRF-CEM cell line expressed as inhibitory concentration,CCRF-CEM,,
CHEMBL98681,,C10H22Cl4N4Pt2,145000.0,,Cytotoxic potency against human L-132 cell line expressed as inhibitory concentration,L132,,
CHEMBL611448,,C14H44Cl12N6Pt3,20000.0,4.7,Cytotoxic potency against human HeLa cell line expressed as inhibitory concentration,HeLa,,
CHEMBL611448,,C14H44Cl12N6Pt3,96000.0,4.02,Cytotoxic potency against human HSC-3 cell line expressed as inhibitory concentration,HSC-3,,
CHEMBL611448,,C14H44Cl12N6Pt3,130000.0,,Cytotoxic potency against human THP-1 cell line expressed as inhibitory concentration,THP-1,,
CHEMBL611448,,C14H44Cl12N6Pt3,128000.0,,Cytotoxic potency against human MOLT-3 cell line expressed as inhibitory concentration,MOLT-3,,
CHEMBL611448,,C14H44Cl12N6Pt3,125000.0,,Cytotoxic potency against human CCRF-CEM cell line expressed as inhibitory concentration,CCRF-CEM,,
CHEMBL611448,,C14H44Cl12N6Pt3,100000.0,4.0,Cytotoxic potency against human L-132 cell line expressed as inhibitory concentration,L132,,
CHEMBL11359,,H6Cl2N2Pt+2,2000.0,5.7,Cytotoxic potency against human HeLa cell line expressed as inhibitory concentration,HeLa,,
CHEMBL11359,,H6Cl2N2Pt+2,7000.0,5.16,Cytotoxic potency against human HSC-3 cell line expressed as inhibitory concentration,HSC-3,,
CHEMBL11359,,H6Cl2N2Pt+2,2000.0,5.7,Cytotoxic potency against human THP-1 cell line expressed as inhibitory concentration,THP-1,,
CHEMBL11359,,H6Cl2N2Pt+2,4000.0,5.4,Cytotoxic potency against human MOLT-3 cell line expressed as inhibitory concentration,MOLT-3,,
CHEMBL11359,,H6Cl2N2Pt+2,1000.0,6.0,Cytotoxic potency against human CCRF-CEM cell line expressed as inhibitory concentration,CCRF-CEM,,
CHEMBL11359,,H6Cl2N2Pt+2,2000.0,5.7,Cytotoxic potency against human L-132 cell line expressed as inhibitory concentration,L132,,
CHEMBL611447,,C15H42Cl8N6Pt3+4,13000.0,4.89,Cytotoxic potency against human HeLa cell line expressed as inhibitory concentration,HeLa,,
CHEMBL611447,,C15H42Cl8N6Pt3+4,20000.0,4.7,Cytotoxic potency against human HSC-3 cell line expressed as inhibitory concentration,HSC-3,,
CHEMBL611447,,C15H42Cl8N6Pt3+4,97000.0,4.01,Cytotoxic potency against human THP-1 cell line expressed as inhibitory concentration,THP-1,,
CHEMBL611447,,C15H42Cl8N6Pt3+4,90000.0,4.05,Cytotoxic potency against human MOLT-3 cell line expressed as inhibitory concentration,MOLT-3,,
CHEMBL611447,,C15H42Cl8N6Pt3+4,83000.0,4.08,Cytotoxic potency against human CCRF-CEM cell line expressed as inhibitory concentration,CCRF-CEM,,
CHEMBL611447,,C15H42Cl8N6Pt3+4,104000.0,,Cytotoxic potency against human L-132 cell line expressed as inhibitory concentration,L132,,
CHEMBL611446,,C8H22Cl6N6Pt3,62000.0,4.21,Cytotoxic potency against human HeLa cell line expressed as inhibitory concentration,HeLa,,
CHEMBL611446,,C8H22Cl6N6Pt3,14000.0,4.85,Cytotoxic potency against human THP-1 cell line expressed as inhibitory concentration,THP-1,,
CHEMBL611446,,C8H22Cl6N6Pt3,18000.0,4.75,Cytotoxic potency against human MOLT-3 cell line expressed as inhibitory concentration,MOLT-3,,
CHEMBL611446,,C8H22Cl6N6Pt3,135000.0,,Cytotoxic potency against human L-132 cell line expressed as inhibitory concentration,L132,,
CHEMBL98680,,C14H32Cl6N6Pt3,5000.0,5.3,Cytotoxic potency against human HeLa cell line expressed as inhibitory concentration,HeLa,,
CHEMBL98680,,C14H32Cl6N6Pt3,11000.0,4.96,Cytotoxic potency against human HSC-3 cell line expressed as inhibitory concentration,HSC-3,,
CHEMBL98680,,C14H32Cl6N6Pt3,30000.0,4.52,Cytotoxic potency against human THP-1 cell line expressed as inhibitory concentration,THP-1,,
CHEMBL98680,,C14H32Cl6N6Pt3,50000.0,4.3,Cytotoxic potency against human MOLT-3 cell line expressed as inhibitory concentration,MOLT-3,,
CHEMBL98680,,C14H32Cl6N6Pt3,78000.0,4.11,Cytotoxic potency against human CCRF-CEM cell line expressed as inhibitory concentration,CCRF-CEM,,
CHEMBL98680,,C14H32Cl6N6Pt3,120000.0,,Cytotoxic potency against human L-132 cell line expressed as inhibitory concentration,L132,,
CHEMBL611190,,C14H38Cl6N6Pt3+4,45000.0,4.35,Cytotoxic potency against human HeLa cell line expressed as inhibitory concentration,HeLa,,
CHEMBL611190,,C14H38Cl6N6Pt3+4,10000.0,5.0,Cytotoxic potency against human THP-1 cell line expressed as inhibitory concentration,THP-1,,
CHEMBL611190,,C14H38Cl6N6Pt3+4,6000.0,5.22,Cytotoxic potency against human MOLT-3 cell line expressed as inhibitory concentration,MOLT-3,,
CHEMBL611190,,C14H38Cl6N6Pt3+4,50000.0,4.3,Cytotoxic potency against human L-132 cell line expressed as inhibitory concentration,L132,,
CHEMBL611189,,C12H34Cl6N6Pt3+4,137000.0,,Cytotoxic potency against human HeLa cell line expressed as inhibitory concentration,HeLa,,
CHEMBL611189,,C12H34Cl6N6Pt3+4,12000.0,4.92,Cytotoxic potency against human THP-1 cell line expressed as inhibitory concentration,THP-1,,
CHEMBL611189,,C12H34Cl6N6Pt3+4,15000.0,4.82,Cytotoxic potency against human MOLT-3 cell line expressed as inhibitory concentration,MOLT-3,,
CHEMBL611189,,C12H34Cl6N6Pt3+4,83000.0,4.08,Cytotoxic potency against human L-132 cell line expressed as inhibitory concentration,L132,,
CHEMBL1351,,C6H12N2O4Pt,3000.0,5.52,Cytotoxic potency against human HSC-3 cell line expressed as inhibitory concentration,HSC-3,,
CHEMBL11359,,H6Cl2N2Pt+2,3970.0,5.4,In vitro cytotoxic activity against growth of human breast carcinoma cell line (MCF-7-S) after 72 hr,MCF7S,,
CHEMBL11359,,H6Cl2N2Pt+2,3530.0,5.45,In vitro cytotoxic activity against growth of MDR phenotype human breast carcinoma cell line (MCF-7-R) after 72 hr,MCF7R,,
CHEMBL11359,,H6Cl2N2Pt+2,300.0,6.52,The compound was tested for cytotoxic potency against A2780 human tumor cell lines.,A2780,,
CHEMBL11359,,H6Cl2N2Pt+2,3300.0,5.48,The compound was tested for cytotoxic potency against A2780R human tumor cell lines.,A2780,,
CHEMBL11359,,H6Cl2N2Pt+2,100.0,7.0,The compound was tested for cytotoxic potency against CH1 human tumor cell lines.,CH1,,
CHEMBL11359,,H6Cl2N2Pt+2,4400.0,5.36,The compound was tested for cytotoxic potency against SKOV-3 human tumor cell lines.,SK-OV-3,,
CHEMBL11359,,H6Cl2N2Pt+2,1400.0,5.85,In vitro cytotoxicity was determined by using cultures of human lung (PC9) cancer cells by MTT assay,PC-9,,
CHEMBL11359,,H6Cl2N2Pt+2,11700.0,4.93,In vitro cytotoxicity was determined by using cultures of human resistant lung (PC9cisR) cancer cells by MTT assay,PC-9,,
CHEMBL11359,,H6Cl2N2Pt+2,1800.0,5.75,In vitro cytotoxicity was determined by using cultures of human prostate (DU145) cancer cells by MTT assay,DU-145,,
CHEMBL11359,,H6Cl2N2Pt+2,5000.0,5.3,In vitro cytotoxicity was determined by using cultures of human lung (PC9) cancer cells by SRB assay,PC-9,,
CHEMBL11359,,H6Cl2N2Pt+2,17500.0,,In vitro cytotoxicity was determined by using cultures of human resistant lung (PC9cisR) cancer cells by SRB assay,PC-9,,
CHEMBL11359,,H6Cl2N2Pt+2,1000.0,6.0,In vitro cytotoxicity was determined by using cultures of human prostate (DU145) cancer cells by SRB assay,DU-145,,
CHEMBL2068331,,C6H12Cl2N2Pt,5900.0,5.23,In vitro cytotoxicity was determined by using cultures of human lung (PC9) cancer cells by MTT assay,PC-9,,
CHEMBL2068331,,C6H12Cl2N2Pt,16000.0,4.8,In vitro cytotoxicity was determined by using cultures of human resistant lung (PC9cisR) cancer cells by MTT assay,PC-9,,
CHEMBL2068331,,C6H12Cl2N2Pt,2900.0,5.54,In vitro cytotoxicity was determined by using cultures of human prostate (DU145) cancer cells by MTT assay,DU-145,,
CHEMBL2068331,,C6H12Cl2N2Pt,11000.0,4.96,In vitro cytotoxicity was determined by using cultures of human lung (PC9) cancer cells by SRB assay,PC-9,,
CHEMBL2068331,,C6H12Cl2N2Pt,27300.0,4.56,In vitro cytotoxicity was determined by using cultures of human resistant lung (PC9cisR) cancer cells by SRB assay,PC-9,,
CHEMBL2068331,,C6H12Cl2N2Pt,3300.0,5.48,In vitro cytotoxicity was determined by using cultures of human prostate (DU145) cancer cells by SRB assay,DU-145,,
CHEMBL2068330,,C6H12Cl2N2Pt,3000.0,5.52,In vitro cytotoxicity was determined by using cultures of human lung (PC9) cancer cells by MTT assay,PC-9,,
CHEMBL2068330,,C6H12Cl2N2Pt,15500.0,4.81,In vitro cytotoxicity was determined by using cultures of human resistant lung (PC9cisR) cancer cells by MTT assay,PC-9,,
CHEMBL2068330,,C6H12Cl2N2Pt,3400.0,5.47,In vitro cytotoxicity was determined by using cultures of human prostate (DU145) cancer cells by MTT assay,DU-145,,
CHEMBL2068330,,C6H12Cl2N2Pt,11700.0,4.93,In vitro cytotoxicity was determined by using cultures of human lung (PC9) cancer cells by SRB assay,PC-9,,
CHEMBL2068330,,C6H12Cl2N2Pt,25000.0,4.6,In vitro cytotoxicity was determined by using cultures of human resistant lung (PC9cisR) cancer cells by SRB assay,PC-9,,
CHEMBL2068330,,C6H12Cl2N2Pt,3700.0,5.43,In vitro cytotoxicity was determined by using cultures of human prostate (DU145) cancer cells by SRB assay,DU-145,,
CHEMBL611449,,C20H29ClN6PtS+2,10.0,8.0,Clonogenic survival activity against human leukemia (HL-60) cells; 0.01-10 range,HL-60,,
CHEMBL611449,,C20H29ClN6PtS+2,10.0,8.0,"Clonogenic survival activity against human ovarian cancer cells (2008, C13*) cells; 0.01-10 range",Ovarian cancer cell line,,
CHEMBL11359,,H6Cl2N2Pt+2,450.0,6.35,"Cytotoxicity against A2780-WT, human ovarian carcinoma cell line",A2780,,
CHEMBL11359,,H6Cl2N2Pt+2,280.0,6.55,"Cytotoxicity against A2780-DX5, Doxorubicin-resistant Ovarian carcinoma cell line",A2780,,
CHEMBL11359,,H6Cl2N2Pt+2,1600.0,5.8,"Cytotoxicity against A2780-C25, oxaliplatin-resistant Ovarian carcinoma cell line",A2780,,
CHEMBL11359,,H6Cl2N2Pt+2,9000.0,5.05,"Cytotoxicity against A2780-CP3, cisplatin-resistant Ovarian carcinoma cell line",A2780,,
CHEMBL2146196,,C8H16Cl2N2O2Pt,10900.0,4.96,In vitro cytotoxicity against lung cancer A 549 cell lines,A549,,
CHEMBL2146196,,C8H16Cl2N2O2Pt,7800.0,5.11,In vitro cytotoxicity against ovarian cancer SK-OV-3 cell lines,SK-OV-3,,
CHEMBL2146196,,C8H16Cl2N2O2Pt,6200.0,5.21,In vitro cytotoxicity against CNS cancer XF 498 cell lines,XF498,,
CHEMBL1351,,C6H12N2O4Pt,37700.0,4.42,In vitro cytotoxicity against lung cancer A 549 cell lines,A549,,
CHEMBL1351,,C6H12N2O4Pt,13900.0,4.86,In vitro cytotoxicity against ovarian cancer SK-OV-3 cell lines,SK-OV-3,,
CHEMBL1351,,C6H12N2O4Pt,13600.0,4.87,In vitro cytotoxicity against CNS cancer XF 498 cell lines,XF498,,
CHEMBL1627579,,C33H48Cl2N2O3Pt+2,8600.0,5.07,In vitro inhibition of estrogen receptor negative human breast cancer MDA-MB-231 cell proliferation,MDA-MB-231,,
CHEMBL1627579,,C33H48Cl2N2O3Pt+2,2700.0,5.57,In vitro inhibition of estrogen receptor negative human breast cancer Hs 578.T cell proliferation,Hs-578T,,
CHEMBL1627579,,C33H48Cl2N2O3Pt+2,5800.0,5.24,In vitro inhibition of estrogen receptor positive human breast cancer MCF-7 cell proliferation,MCF7,,
CHEMBL1627579,,C33H48Cl2N2O3Pt+2,4200.0,5.38,In vitro inhibition of estrogen receptor positive human breast cancer ZR-75-1 cell proliferation,ZR-75-1,,
CHEMBL1627945,,C30H42Cl2N2O3Pt+2,18500.0,4.73,In vitro inhibition of estrogen receptor negative human breast cancer MDA-MB-231 cell proliferation,MDA-MB-231,,
CHEMBL1627945,,C30H42Cl2N2O3Pt+2,28000.0,4.55,In vitro inhibition of estrogen receptor negative human breast cancer Hs 578.T cell proliferation,Hs-578T,,
CHEMBL1627945,,C30H42Cl2N2O3Pt+2,31500.0,4.5,In vitro inhibition of estrogen receptor positive human breast cancer MCF-7 cell proliferation,MCF7,,
CHEMBL1627945,,C30H42Cl2N2O3Pt+2,16400.0,4.79,In vitro inhibition of estrogen receptor positive human breast cancer ZR-75-1 cell proliferation,ZR-75-1,,
CHEMBL1627581,,C28H38Cl2N2O3Pt+2,40000.0,,In vitro inhibition of estrogen receptor negative human breast cancer MDA-MB-231 cell proliferation,MDA-MB-231,,
CHEMBL1627581,,C28H38Cl2N2O3Pt+2,40000.0,,In vitro inhibition of estrogen receptor negative human breast cancer Hs 578.T cell proliferation,Hs-578T,,
CHEMBL1627581,,C28H38Cl2N2O3Pt+2,40000.0,,In vitro inhibition of estrogen receptor positive human breast cancer MCF-7 cell proliferation,MCF7,,
CHEMBL1627581,,C28H38Cl2N2O3Pt+2,31500.0,4.5,In vitro inhibition of estrogen receptor positive human breast cancer ZR-75-1 cell proliferation,ZR-75-1,,
CHEMBL1627949,,C29H40Cl2N2O3Pt+2,40000.0,,In vitro inhibition of estrogen receptor negative human breast cancer MDA-MB-231 cell proliferation,MDA-MB-231,,
CHEMBL1627949,,C29H40Cl2N2O3Pt+2,22900.0,4.64,In vitro inhibition of estrogen receptor negative human breast cancer Hs 578.T cell proliferation,Hs-578T,,
CHEMBL1627949,,C29H40Cl2N2O3Pt+2,20000.0,4.7,In vitro inhibition of estrogen receptor positive human breast cancer MCF-7 cell proliferation,MCF7,,
CHEMBL1627949,,C29H40Cl2N2O3Pt+2,15800.0,4.8,In vitro inhibition of estrogen receptor positive human breast cancer ZR-75-1 cell proliferation,ZR-75-1,,
CHEMBL1628046,,C32H46Cl2N2O3Pt+2,9200.0,5.04,In vitro inhibition of estrogen receptor negative human breast cancer MDA-MB-231 cell proliferation,MDA-MB-231,,
CHEMBL1628046,,C32H46Cl2N2O3Pt+2,12400.0,4.91,In vitro inhibition of estrogen receptor negative human breast cancer Hs 578.T cell proliferation,Hs-578T,,
CHEMBL1628046,,C32H46Cl2N2O3Pt+2,13400.0,4.87,In vitro inhibition of estrogen receptor positive human breast cancer MCF-7 cell proliferation,MCF7,,
CHEMBL1628046,,C32H46Cl2N2O3Pt+2,9300.0,5.03,In vitro inhibition of estrogen receptor positive human breast cancer ZR-75-1 cell proliferation,ZR-75-1,,
CHEMBL1627577,,C35H52Cl2N2O3Pt+2,4700.0,5.33,In vitro inhibition of estrogen receptor negative human breast cancer MDA-MB-231 cell proliferation,MDA-MB-231,,
CHEMBL1627577,,C35H52Cl2N2O3Pt+2,3500.0,5.46,In vitro inhibition of estrogen receptor negative human breast cancer Hs 578.T cell proliferation,Hs-578T,,
CHEMBL1627577,,C35H52Cl2N2O3Pt+2,4000.0,5.4,In vitro inhibition of estrogen receptor positive human breast cancer MCF-7 cell proliferation,MCF7,,
CHEMBL1627577,,C35H52Cl2N2O3Pt+2,2500.0,5.6,In vitro inhibition of estrogen receptor positive human breast cancer ZR-75-1 cell proliferation,ZR-75-1,,
CHEMBL1628045,,C34H50Cl2N2O3Pt+2,12700.0,4.9,In vitro inhibition of estrogen receptor negative human breast cancer MDA-MB-231 cell proliferation,MDA-MB-231,,
CHEMBL1628045,,C34H50Cl2N2O3Pt+2,17300.0,4.76,In vitro inhibition of estrogen receptor negative human breast cancer Hs 578.T cell proliferation,Hs-578T,,
CHEMBL1628045,,C34H50Cl2N2O3Pt+2,13400.0,4.87,In vitro inhibition of estrogen receptor positive human breast cancer MCF-7 cell proliferation,MCF7,,
CHEMBL1628045,,C34H50Cl2N2O3Pt+2,14000.0,4.85,In vitro inhibition of estrogen receptor positive human breast cancer ZR-75-1 cell proliferation,ZR-75-1,,
CHEMBL2146208,,C5H12Cl2N2O2Pt,32500.0,4.49,In vitro cytotoxicity against lung cancer A 549 cell lines,A549,,
CHEMBL2146208,,C5H12Cl2N2O2Pt,15400.0,4.81,In vitro cytotoxicity against ovarian cancer SK-OV-3 cell lines,SK-OV-3,,
CHEMBL2146208,,C5H12Cl2N2O2Pt,14800.0,4.83,In vitro cytotoxicity against CNS cancer XF 498 cell lines,XF498,,
CHEMBL11359,,H6Cl2N2Pt+2,3200.0,5.5,In vitro cytotoxicity against lung cancer A 549 cell lines,A549,,
CHEMBL11359,,H6Cl2N2Pt+2,4400.0,5.36,In vitro cytotoxicity against ovarian cancer SK-OV-3 cell lines,SK-OV-3,,
CHEMBL11359,,H6Cl2N2Pt+2,2900.0,5.54,In vitro cytotoxicity against CNS cancer XF 498 cell lines,XF498,,
CHEMBL11359,,H6Cl2N2Pt+2,12700.0,4.9,In vitro inhibition of estrogen receptor negative human breast cancer MDA-MB-231 cell proliferation,MDA-MB-231,,
CHEMBL11359,,H6Cl2N2Pt+2,9100.0,5.04,In vitro inhibition of estrogen receptor negative human breast cancer Hs 578.T cell proliferation,Hs-578T,,
CHEMBL11359,,H6Cl2N2Pt+2,16700.0,4.78,In vitro inhibition of estrogen receptor positive human breast cancer MCF-7 cell proliferation,MCF7,,
CHEMBL11359,,H6Cl2N2Pt+2,9300.0,5.03,In vitro inhibition of estrogen receptor positive human breast cancer ZR-75-1 cell proliferation,ZR-75-1,,
CHEMBL1627580,,C31H44Cl2N2O3Pt+2,4800.0,5.32,In vitro inhibition of estrogen receptor negative human breast cancer MDA-MB-231 cell proliferation,MDA-MB-231,,
CHEMBL1627580,,C31H44Cl2N2O3Pt+2,4100.0,5.39,In vitro inhibition of estrogen receptor negative human breast cancer Hs 578.T cell proliferation,Hs-578T,,
CHEMBL1627580,,C31H44Cl2N2O3Pt+2,4300.0,5.37,In vitro inhibition of estrogen receptor positive human breast cancer MCF-7 cell proliferation,MCF7,,
CHEMBL1627580,,C31H44Cl2N2O3Pt+2,5000.0,5.3,In vitro inhibition of estrogen receptor positive human breast cancer ZR-75-1 cell proliferation,ZR-75-1,,
CHEMBL2068487,,C11H20N2O5Pt,7000.0,5.16,Compound was tested in vitro for cytotoxic activity against PC-9 human non-small cell lung cancer cell line by MTT assay,PC-9,,
CHEMBL2068487,,C11H20N2O5Pt,2100.0,5.68,Compound was tested in vitro for cytotoxic activity against PC-14 human non-small cell lung cancer cell line by MTT assay,PC-14,,
CHEMBL2068487,,C11H20N2O5Pt,8100.0,5.09,Compound was tested in vitro for cytotoxic activity against MKN-45 human stomach cancer cell line by MTT assay,MKN-45,,
CHEMBL2068487,,C11H20N2O5Pt,6100.0,5.21,Compound was tested in vitro for cytotoxic activity against KATO III human stomach cancer cell line by MTT assay,KATO III stomach cancer cell line,,
CHEMBL35604,,C10H18N2O5Pt,9700.0,5.01,Compound was tested in vitro for cytotoxic activity against PC-9 human non-small cell lung cancer cell line by MTT assay,PC-9,,
CHEMBL35604,,C10H18N2O5Pt,1100.0,5.96,Compound was tested in vitro for cytotoxic activity against PC-14 human non-small cell lung cancer cell line by MTT assay,PC-14,,
CHEMBL35604,,C10H18N2O5Pt,4100.0,5.39,Compound was tested in vitro for cytotoxic activity against MKN-45 human stomach cancer cell line by MTT assay,MKN-45,,
CHEMBL35604,,C10H18N2O5Pt,6100.0,5.21,Compound was tested in vitro for cytotoxic activity against KATO III human stomach cancer cell line by MTT assay,KATO III stomach cancer cell line,,
CHEMBL2068390,,C11H20N2O5Pt,6900.0,5.16,Compound was tested in vitro for cytotoxic activity against PC-9 human non-small cell lung cancer cell line by MTT assay,PC-9,,
CHEMBL2068390,,C11H20N2O5Pt,5000.0,5.3,Compound was tested in vitro for cytotoxic activity against PC-14 human non-small cell lung cancer cell line by MTT assay,PC-14,,
CHEMBL2068390,,C11H20N2O5Pt,7200.0,5.14,Compound was tested in vitro for cytotoxic activity against MKN-45 human stomach cancer cell line by MTT assay,MKN-45,,
CHEMBL2068390,,C11H20N2O5Pt,6500.0,5.19,Compound was tested in vitro for cytotoxic activity against KATO III human stomach cancer cell line by MTT assay,KATO III stomach cancer cell line,,
CHEMBL11359,,H6Cl2N2Pt+2,5000.0,5.3,Compound was tested in vitro for cytotoxic activity against PC-9 human non-small cell lung cancer cell line by MTT assay,PC-9,,
CHEMBL11359,,H6Cl2N2Pt+2,1500.0,5.82,Compound was tested in vitro for cytotoxic activity against PC-14 human non-small cell lung cancer cell line by MTT assay,PC-14,,
CHEMBL11359,,H6Cl2N2Pt+2,3700.0,5.43,Compound was tested in vitro for cytotoxic activity against MKN-45 human stomach cancer cell line by MTT assay,MKN-45,,
CHEMBL11359,,H6Cl2N2Pt+2,5200.0,5.28,Compound was tested in vitro for cytotoxic activity against KATO III human stomach cancer cell line by MTT assay,KATO III stomach cancer cell line,,
CHEMBL2068571,,C10H18N2O5Pt,7100.0,5.15,Compound was tested in vitro for cytotoxic activity against PC-9 human non-small cell lung cancer cell line by MTT assay,PC-9,,
CHEMBL2068571,,C10H18N2O5Pt,2800.0,5.55,Compound was tested in vitro for cytotoxic activity against PC-14 human non-small cell lung cancer cell line by MTT assay,PC-14,,
CHEMBL2068571,,C10H18N2O5Pt,5300.0,5.28,Compound was tested in vitro for cytotoxic activity against MKN-45 human stomach cancer cell line by MTT assay,MKN-45,,
CHEMBL2068571,,C10H18N2O5Pt,7000.0,5.16,Compound was tested in vitro for cytotoxic activity against KATO III human stomach cancer cell line by MTT assay,KATO III stomach cancer cell line,,
CHEMBL2068388,,C10H18N2O5Pt,8400.0,5.08,Compound was tested in vitro for cytotoxic activity against PC-9 human non-small cell lung cancer cell line by MTT assay,PC-9,,
CHEMBL2068388,,C10H18N2O5Pt,1900.0,5.72,Compound was tested in vitro for cytotoxic activity against PC-14 human non-small cell lung cancer cell line by MTT assay,PC-14,,
CHEMBL2068388,,C10H18N2O5Pt,5800.0,5.24,Compound was tested in vitro for cytotoxic activity against MKN-45 human stomach cancer cell line by MTT assay,MKN-45,,
CHEMBL2068388,,C10H18N2O5Pt,4600.0,5.34,Compound was tested in vitro for cytotoxic activity against KATO III human stomach cancer cell line by MTT assay,KATO III stomach cancer cell line,,
CHEMBL2068569,,C11H20N2O5Pt,6400.0,5.19,Compound was tested in vitro for cytotoxic activity against PC-9 human non-small cell lung cancer cell line by MTT assay,PC-9,,
CHEMBL2068569,,C11H20N2O5Pt,1800.0,5.75,Compound was tested in vitro for cytotoxic activity against PC-14 human non-small cell lung cancer cell line by MTT assay,PC-14,,
CHEMBL2068569,,C11H20N2O5Pt,3800.0,5.42,Compound was tested in vitro for cytotoxic activity against MKN-45 human stomach cancer cell line by MTT assay,MKN-45,,
CHEMBL2068569,,C11H20N2O5Pt,4400.0,5.36,Compound was tested in vitro for cytotoxic activity against KATO III human stomach cancer cell line by MTT assay,KATO III stomach cancer cell line,,
CHEMBL1351,,C6H12N2O4Pt,60500.0,4.22,Compound was tested in vitro for cytotoxic activity against PC-9 human non-small cell lung cancer cell line by MTT assay,PC-9,,
CHEMBL1351,,C6H12N2O4Pt,9700.0,5.01,Compound was tested in vitro for cytotoxic activity against PC-14 human non-small cell lung cancer cell line by MTT assay,PC-14,,
CHEMBL1351,,C6H12N2O4Pt,32400.0,4.49,Compound was tested in vitro for cytotoxic activity against MKN-45 human stomach cancer cell line by MTT assay,MKN-45,,
CHEMBL1351,,C6H12N2O4Pt,49700.0,4.3,Compound was tested in vitro for cytotoxic activity against KATO III human stomach cancer cell line by MTT assay,KATO III stomach cancer cell line,,
CHEMBL147203,,C10H21N3O8P2Pt+,20600.0,4.69,Antiproliferative activity in human ovarian cancer cell line (CH1) using MTT assay,CH1,,
CHEMBL11359,,H6Cl2N2Pt+2,3300.0,5.48,Growth inhibition against A2780 cisplatin resistant wild-type ovarian cell lines,A2780,,
CHEMBL11359,,H6Cl2N2Pt+2,11000.0,4.96,Resistance factor (IC50 in the resistant cell line/IC50 in the parent cell line),Homo sapiens,,
CHEMBL11359,,H6Cl2N2Pt+2,100.0,7.0,Growth inhibition against CH-1 wild-type ovarian cell lines,CH1,,
CHEMBL11359,,H6Cl2N2Pt+2,650.0,6.19,Growth inhibition against CH-1 cisplatin resistant wild-type ovarian cell lines,CH1,,
CHEMBL11359,,H6Cl2N2Pt+2,6500.0,5.19,Resistance factor (IC50 in the resistant cell line/IC50 in the parent cell line),Homo sapiens,,
CHEMBL11359,,H6Cl2N2Pt+2,4400.0,5.36,Growth inhibition against SKOV3 wild-type ovarian cell lines,SK-OV-3,,
CHEMBL147203,,C10H21N3O8P2Pt+,52400.0,4.28,Antiproliferative activity in human ovarian cancer cell line (CH1) using MTT assay,CH1,,
CHEMBL11359,,H6Cl2N2Pt+2,1100.0,5.96,Cytotoxic effect against GLC4 (human small cell lung carcinoma cell line) using the microculture tetrazolium (MTT) assay based on continuous incubation,GLC4 cell line,,
CHEMBL11359,,H6Cl2N2Pt+2,4600.0,5.34,Cytotoxic effect against GLC4 (human small cell lung carcinoma cell line) using the microculture tetrazolium (MTT) assay based on 2 hr incubation,GLC4 cell line,,
CHEMBL421775,,C4H14N3O8P2Pt+2,128000.0,,Antiproliferative activity in human ovarian cancer cell line (CH1) using MTT assay,CH1,,
CHEMBL1351,,C6H12N2O4Pt,2500.0,5.6,Antiproliferative activity in human ovarian cancer cell line (CH1) using MTT assay,CH1,,
CHEMBL11359,,H6Cl2N2Pt+2,150.0,6.82,Antiproliferative activity in human ovarian cancer cell line (CH1) using MTT assay,CH1,,
CHEMBL147203,,C10H21N3O8P2Pt+,169000.0,,Antiproliferative activity in human ovarian cancer cell line (CH1) using MTT assay,CH1,,
CHEMBL343632,,C6H15N3O8P2Pt+,532000.0,,Antiproliferative activity in human ovarian cancer cell line (CH1) using MTT assay,CH1,,
CHEMBL414804,,C8H12N2O4Pt,270.0,6.57,Antiproliferative activity in human ovarian cancer cell line (CH1) using MTT assay,CH1,,
CHEMBL295087,,C19H18AuF6N2OP+,3300.0,5.48,"Inhibitory effect of Gold(III) complex, [Au(bipy-H)(OH)]-[PF6] on growth of cisplatin-sensitive A2780/S human tumor cell lines",A2780,,
CHEMBL295087,,C19H18AuF6N2OP+,8200.0,5.09,"Inhibitory effect of Gold(III) complex, [Au(bipy-H)(OH)]-[PF6] on growth of cisplatin-resistant A2780/R human tumor cell lines",A2780,,
CHEMBL295087,,C19H18AuF6N2OP+,13300.0,4.88,"Inhibitory effect of Gold(III) complex, [Au(bipy-H)(OH)]-[PF6] on growth of cisplatin-resistant SKOV3 human tumor cell lines",SK-OV-3,,
CHEMBL295087,,C19H18AuF6N2OP+,11900.0,4.92,"Inhibitory effect of Gold(III) complex, [Au(bipy-H)(OH)]-[PF6] on growth of cisplatin-sensitive CCRF-CEM/S human tumor cell lines",CCRF-CEM,,
CHEMBL295087,,C19H18AuF6N2OP+,51200.0,4.29,"Inhibitory effect of Gold(III) complex, [Au(bipy-H)(OH)]-[PF6] on growth of cisplatin-resistant CCRF-CEM/R human tumor cell lines",CCRF-CEM,,
CHEMBL295522,,C10H10AuF6N2O2P+,8800.0,5.06,"Inhibitory effect of Gold(III) complex, [Au(bipy)-(OH)2]-[PF6] on growth of cisplatin-sensitive A2780/S human tumor cell lines",A2780,,
CHEMBL295522,,C10H10AuF6N2O2P+,24100.0,4.62,"Inhibitory effect of Gold(III) complex, [Au(bipy)-(OH)2]-[PF6] on growth of cisplatin-resistant A2780/R human tumor cell lines",A2780,,
CHEMBL295522,,C10H10AuF6N2O2P+,34400.0,4.46,"Inhibitory effect of Gold(III) complex, [Au(bipy)-(OH)2]-[PF6] on growth of cisplatin-resistant SKOV3 human tumor cell lines",SK-OV-3,,
CHEMBL295522,,C10H10AuF6N2O2P+,52900.0,4.28,"Inhibitory effect of Gold(III) complex, [Au(bipy)-(OH)2]-[PF6] on growth of cisplatin-sensitive CCRF-CEM/S human tumor cell lines",CCRF-CEM,,
CHEMBL295522,,C10H10AuF6N2O2P+,58600.0,4.23,"Inhibitory effect of Gold(III) complex, [Au(bipy)-(OH)2]-[PF6] on growth of cisplatin-resistant CCRF-CEM/R human tumor cell lines",CCRF-CEM,,
CHEMBL11359,,H6Cl2N2Pt+2,1300.0,5.89,"Inhibitory effect of Gold(III) complex, CDDP on growth of cisplatin-sensitive A2780/S human tumor cell lines",A2780,,
CHEMBL11359,,H6Cl2N2Pt+2,15300.0,4.82,"Inhibitory effect of Gold(III) complex, CDDP on growth of cisplatin-resistant A2780/R human tumor cell lines",A2780,,
CHEMBL11359,,H6Cl2N2Pt+2,21600.0,4.67,"Inhibitory effect of Gold(III) complex, CDDP on growth of cisplatin-resistant SKOV3 human tumor cell lines",SK-OV-3,,
CHEMBL11359,,H6Cl2N2Pt+2,1000.0,6.0,"Inhibitory effect of Gold(III) complex, CDDP on growth of cisplatin-sensitive CCRF-CEM/S human tumor cell lines",CCRF-CEM,,
CHEMBL11359,,H6Cl2N2Pt+2,14100.0,4.85,"Inhibitory effect of Gold(III) complex, CDDP on growth of cisplatin-resistant CCRF-CEM/R human tumor cell lines",CCRF-CEM,,
CHEMBL69107,,C15H21FeN5O4S2+2,70.0,7.16,Cytotoxic activity against human acute lymphoblastic leukemia (CCRF-CEM) cell line,CCRF-CEM,,
CHEMBL69107,,C15H21FeN5O4S2+2,70.0,7.16,Cytotoxic activity against colon adenocarcinoma (HT-29) cell line,HT-29,,
CHEMBL66328,,C15H21FeN5O4S2+2,70.0,7.16,Cytotoxic activity against human acute lymphoblastic leukemia (CCRF-CEM) cell line,CCRF-CEM,,
CHEMBL66328,,C15H21FeN5O4S2+2,60.0,7.22,Cytotoxic activity against colon adenocarcinoma (HT-29) cell line,HT-29,,
CHEMBL69031,,C16H23FeN5O4S2+2,810.0,6.09,Cytotoxic activity against human acute lymphoblastic leukemia (CCRF-CEM) cell line,CCRF-CEM,,
CHEMBL69031,,C16H23FeN5O4S2+2,770.0,6.11,Cytotoxic activity against colon adenocarcinoma (HT-29) cell line,HT-29,,
CHEMBL305532,,C15H21FeN5O4S2+2,820.0,6.09,Cytotoxic activity against human acute lymphoblastic leukemia (CCRF-CEM) cell line,CCRF-CEM,,
CHEMBL305532,,C15H21FeN5O4S2+2,750.0,6.12,Cytotoxic activity against colon adenocarcinoma (HT-29) cell line,HT-29,,
CHEMBL171079,,C6H12Cl2N2O2Pt,2510.0,5.6,Cytotoxicity against human stomach cancer cell line SNU-1 in MTT assay,SNU1,,
CHEMBL171079,,C6H12Cl2N2O2Pt,320.0,6.5,Cytotoxicity against human stomach cancer cell line SNU-5 in MTT assay,SNU-5,,
CHEMBL171079,,C6H12Cl2N2O2Pt,2590.0,5.59,Cytotoxicity against human stomach cancer cell line SNU-16 in MTT assay,SNU-16,,
CHEMBL171079,,C6H12Cl2N2O2Pt,14560.0,4.84,Cytotoxicity against human non-small cell lung cancer cell line PC-9 in MTT assay,PC-9,,
CHEMBL171079,,C6H12Cl2N2O2Pt,2910.0,5.54,Cytotoxicity against human non-small cell lung cancer cell line PC-14 in MTT assay,PC-14,,
CHEMBL171156,,C12H18N2O6Pt,7860.0,5.11,Cytotoxicity against human stomach cancer cell line SNU-1 in MTT assay,SNU1,,
CHEMBL171156,,C12H18N2O6Pt,3650.0,5.44,Cytotoxicity against human stomach cancer cell line SNU-5 in MTT assay,SNU-5,,
CHEMBL171156,,C12H18N2O6Pt,16070.0,4.79,Cytotoxicity against human stomach cancer cell line SNU-16 in MTT assay,SNU-16,,
CHEMBL171156,,C12H18N2O6Pt,105710.0,,Cytotoxicity against human non-small cell lung cancer cell line PC-9 in MTT assay,PC-9,,
CHEMBL171156,,C12H18N2O6Pt,50060.0,4.3,Cytotoxicity against human non-small cell lung cancer cell line PC-14 in MTT assay,PC-14,,
CHEMBL171155,,C9H14N2O6Pt,4890.0,5.31,Cytotoxicity against human stomach cancer cell line SNU-1 in MTT assay,SNU1,,
CHEMBL171155,,C9H14N2O6Pt,830.0,6.08,Cytotoxicity against human stomach cancer cell line SNU-5 in MTT assay,SNU-5,,
CHEMBL171155,,C9H14N2O6Pt,5340.0,5.27,Cytotoxicity against human stomach cancer cell line SNU-16 in MTT assay,SNU-16,,
CHEMBL171155,,C9H14N2O6Pt,29550.0,4.53,Cytotoxicity against human non-small cell lung cancer cell line PC-9 in MTT assay,PC-9,,
CHEMBL171155,,C9H14N2O6Pt,10830.0,4.96,Cytotoxicity against human non-small cell lung cancer cell line PC-14 in MTT assay,PC-14,,
CHEMBL1351,,C6H12N2O4Pt,20110.0,4.7,Cytotoxicity against human stomach cancer cell line SNU-1 in MTT assay,SNU1,,
CHEMBL1351,,C6H12N2O4Pt,9160.0,5.04,Cytotoxicity against human stomach cancer cell line SNU-5 in MTT assay,SNU-5,,
CHEMBL1351,,C6H12N2O4Pt,13650.0,4.87,Cytotoxicity against human stomach cancer cell line SNU-16 in MTT assay,SNU-16,,
CHEMBL1351,,C6H12N2O4Pt,21820.0,4.66,Cytotoxicity against human non-small cell lung cancer cell line PC-9 in MTT assay,PC-9,,
CHEMBL1351,,C6H12N2O4Pt,15620.0,4.81,Cytotoxicity against human non-small cell lung cancer cell line PC-14 in MTT assay,PC-14,,
CHEMBL11359,,H6Cl2N2Pt+2,2670.0,5.57,Cytotoxicity against human stomach cancer cell line SNU-1 in MTT assay,SNU1,,
CHEMBL11359,,H6Cl2N2Pt+2,1000.0,6.0,Cytotoxicity against human stomach cancer cell line SNU-5 in MTT assay,SNU-5,,
CHEMBL11359,,H6Cl2N2Pt+2,5000.0,5.3,Cytotoxicity against human stomach cancer cell line SNU-16 in MTT assay,SNU-16,,
CHEMBL11359,,H6Cl2N2Pt+2,1000.0,6.0,Cytotoxicity against human non-small cell lung cancer cell line PC-9 in MTT assay,PC-9,,
CHEMBL11359,,H6Cl2N2Pt+2,1330.0,5.88,Cytotoxicity against human non-small cell lung cancer cell line PC-14 in MTT assay,PC-14,,
CHEMBL368259,,C8H12N2O6Pt,6060.0,5.22,Cytotoxicity against human stomach cancer cell line SNU-1 in MTT assay,SNU1,,
CHEMBL368259,,C8H12N2O6Pt,540.0,6.27,Cytotoxicity against human stomach cancer cell line SNU-5 in MTT assay,SNU-5,,
CHEMBL368259,,C8H12N2O6Pt,5050.0,5.3,Cytotoxicity against human stomach cancer cell line SNU-16 in MTT assay,SNU-16,,
CHEMBL368259,,C8H12N2O6Pt,39600.0,4.4,Cytotoxicity against human non-small cell lung cancer cell line PC-9 in MTT assay,PC-9,,
CHEMBL368259,,C8H12N2O6Pt,8150.0,5.09,Cytotoxicity against human non-small cell lung cancer cell line PC-14 in MTT assay,PC-14,,
CHEMBL320447,,C7H16Cl2N2Pt,4200.0,5.38,In vivo antitumor activity against HX/62 cell line.,HX62 cell line,,
CHEMBL320447,,C7H16Cl2N2Pt,10000.0,5.0,In vitro antitumor activity against SK-OV-3 cell line.,SK-OV-3,,
CHEMBL320447,,C7H16Cl2N2Pt,2400.0,5.62,In vitro antitumor activity against 41M cell line.,41M,,
CHEMBL320447,,C7H16Cl2N2Pt,1700.0,5.77,In vitro antitumor activity against 41McisR cell line.,41M,,
CHEMBL320447,,C7H16Cl2N2Pt,4300.0,5.37,In vitro antitumor activity against CH1 cell line.,CH1,,
CHEMBL320447,,C7H16Cl2N2Pt,4700.0,5.33,In vitro antitumor activity against CH1cisR cell line.,CH1,,
CHEMBL320447,,C7H16Cl2N2Pt,1300.0,5.89,In vitro antitumor activity against A2780 cell line.,A2780,,
CHEMBL320447,,C7H16Cl2N2Pt,4600.0,5.34,In vitro antitumor activity against A2780cisR cell line.,A2780,,
CHEMBL322197,,C7H16Cl4N2Pt,23000.0,4.64,In vivo antitumor activity against HX/62 cell line.,HX62 cell line,,
CHEMBL322197,,C7H16Cl4N2Pt,29000.0,4.54,In vitro antitumor activity against SK-OV-3 cell line.,SK-OV-3,,
CHEMBL322197,,C7H16Cl4N2Pt,16500.0,4.78,In vitro antitumor activity against 41M cell line.,41M,,
CHEMBL322197,,C7H16Cl4N2Pt,16000.0,4.8,In vitro antitumor activity against 41McisR cell line.,41M,,
CHEMBL322197,,C7H16Cl4N2Pt,15500.0,4.81,In vitro antitumor activity against CH1 cell line.,CH1,,
CHEMBL322197,,C7H16Cl4N2Pt,15500.0,4.81,In vitro antitumor activity against CH1cisR cell line.,CH1,,
CHEMBL322197,,C7H16Cl4N2Pt,14000.0,4.85,In vitro antitumor activity against A2780 cell line.,A2780,,
CHEMBL322197,,C7H16Cl4N2Pt,16000.0,4.8,In vitro antitumor activity against A2780cisR cell line.,A2780,,
CHEMBL103570,,C6H16Cl2N2O2Pt,4400.0,5.36,In vivo antitumor activity against HX/62 cell line.,HX62 cell line,,
CHEMBL103570,,C6H16Cl2N2O2Pt,6000.0,5.22,In vitro antitumor activity against SK-OV-3 cell line.,SK-OV-3,,
CHEMBL103570,,C6H16Cl2N2O2Pt,1300.0,5.89,In vitro antitumor activity against 41M cell line.,41M,,
CHEMBL103570,,C6H16Cl2N2O2Pt,1400.0,5.85,In vitro antitumor activity against 41McisR cell line.,41M,,
CHEMBL103570,,C6H16Cl2N2O2Pt,1100.0,5.96,In vitro antitumor activity against CH1 cell line.,CH1,,
CHEMBL103570,,C6H16Cl2N2O2Pt,2100.0,5.68,In vitro antitumor activity against CH1cisR cell line.,CH1,,
CHEMBL103570,,C6H16Cl2N2O2Pt,420.0,6.38,In vitro antitumor activity against A2780 cell line.,A2780,,
CHEMBL103570,,C6H16Cl2N2O2Pt,3000.0,5.52,In vitro antitumor activity against A2780cisR cell line.,A2780,,
CHEMBL321068,,C3H12Cl2N2O2Pt,14000.0,4.85,In vivo antitumor activity against HX/62 cell line.,HX62 cell line,,
CHEMBL321068,,C3H12Cl2N2O2Pt,9200.0,5.04,In vitro antitumor activity against SK-OV-3 cell line.,SK-OV-3,,
CHEMBL321068,,C3H12Cl2N2O2Pt,3200.0,5.5,In vitro antitumor activity against 41M cell line.,41M,,
CHEMBL321068,,C3H12Cl2N2O2Pt,4600.0,5.34,In vitro antitumor activity against 41McisR cell line.,41M,,
CHEMBL321068,,C3H12Cl2N2O2Pt,2400.0,5.62,In vitro antitumor activity against CH1 cell line.,CH1,,
CHEMBL321068,,C3H12Cl2N2O2Pt,5500.0,5.26,In vitro antitumor activity against CH1cisR cell line.,CH1,,
CHEMBL321068,,C3H12Cl2N2O2Pt,540.0,6.27,In vitro antitumor activity against A2780 cell line.,A2780,,
CHEMBL321068,,C3H12Cl2N2O2Pt,4700.0,5.33,In vitro antitumor activity against A2780cisR cell line.,A2780,,
CHEMBL317447,,C2H10Cl2N2O2Pt,42000.0,4.38,In vivo antitumor activity against HX/62 cell line.,HX62 cell line,,
CHEMBL317447,,C2H10Cl2N2O2Pt,45000.0,4.35,In vitro antitumor activity against SK-OV-3 cell line.,SK-OV-3,,
CHEMBL317447,,C2H10Cl2N2O2Pt,9400.0,5.03,In vitro antitumor activity against 41M cell line.,41M,,
CHEMBL317447,,C2H10Cl2N2O2Pt,13300.0,4.88,In vitro antitumor activity against 41McisR cell line.,41M,,
CHEMBL317447,,C2H10Cl2N2O2Pt,10300.0,4.99,In vitro antitumor activity against CH1 cell line.,CH1,,
CHEMBL317447,,C2H10Cl2N2O2Pt,14000.0,4.85,In vitro antitumor activity against CH1cisR cell line.,CH1,,
CHEMBL317447,,C2H10Cl2N2O2Pt,4500.0,5.35,In vitro antitumor activity against A2780 cell line.,A2780,,
CHEMBL317447,,C2H10Cl2N2O2Pt,26500.0,4.58,In vitro antitumor activity against A2780cisR cell line.,A2780,,
CHEMBL2068304,,C30H36Cl2N2O2Pt,64000.0,4.19,In vitro inhibition of estrogen receptor positive MCF-7 human mammary carcinoma cell proliferation,MCF7,,
CHEMBL2068304,,C30H36Cl2N2O2Pt,32000.0,4.5,In vitro inhibition of estrogen receptor negative MDA-MD-231 human mammary carcinoma cell proliferation,MDA-MB-231,,
CHEMBL2068444,,C32H40Cl2N2O2Pt,56000.0,4.25,In vitro inhibition of estrogen receptor positive MCF-7 human mammary carcinoma cell proliferation,MCF7,,
CHEMBL2068444,,C32H40Cl2N2O2Pt,29000.0,4.54,In vitro inhibition of estrogen receptor negative MDA-MD-231 human mammary carcinoma cell proliferation,MDA-MB-231,,
CHEMBL2068294,,C35H46Cl2N2O3Pt,67000.0,4.17,In vitro inhibition of estrogen receptor positive MCF-7 human mammary carcinoma cell proliferation,MCF7,,
CHEMBL2068294,,C35H46Cl2N2O3Pt,18000.0,4.75,In vitro inhibition of estrogen receptor negative MDA-MD-231 human mammary carcinoma cell proliferation,MDA-MB-231,,
CHEMBL2068291,,C37H50Cl2N2O3Pt,15000.0,4.82,In vitro inhibition of estrogen receptor positive MCF-7 human mammary carcinoma cell proliferation,MCF7,,
CHEMBL2068291,,C37H50Cl2N2O3Pt,4300.0,5.37,In vitro inhibition of estrogen receptor negative MDA-MD-231 human mammary carcinoma cell proliferation,MDA-MB-231,,
CHEMBL11359,,H6Cl2N2Pt+2,3000.0,5.52,In vitro inhibition of estrogen receptor positive MCF-7 human mammary carcinoma cell proliferation,MCF7,,
CHEMBL11359,,H6Cl2N2Pt+2,3400.0,5.47,In vitro inhibition of estrogen receptor negative MDA-MD-231 human mammary carcinoma cell proliferation,MDA-MB-231,,
CHEMBL432005,,C10H20Cl2N2O4Pt,3100.0,5.51,In vivo antitumor activity against HX/62 cell line.,HX62 cell line,,
CHEMBL432005,,C10H20Cl2N2O4Pt,4800.0,5.32,In vitro antitumor activity against SK-OV-3 cell line.,SK-OV-3,,
CHEMBL432005,,C10H20Cl2N2O4Pt,1300.0,5.89,In vitro antitumor activity against 41M cell line.,41M,,
CHEMBL432005,,C10H20Cl2N2O4Pt,1200.0,5.92,In vitro antitumor activity against 41McisR cell line.,41M,,
CHEMBL432005,,C10H20Cl2N2O4Pt,1100.0,5.96,In vitro antitumor activity against CH1 cell line.,CH1,,
CHEMBL432005,,C10H20Cl2N2O4Pt,1500.0,5.82,In vitro antitumor activity against CH1cisR cell line.,CH1,,
CHEMBL432005,,C10H20Cl2N2O4Pt,300.0,6.52,In vitro antitumor activity against A2780 cell line.,A2780,,
CHEMBL432005,,C10H20Cl2N2O4Pt,3000.0,5.52,In vitro antitumor activity against A2780cisR cell line.,A2780,,
CHEMBL2068301,,C32H40Cl2N2Pt,4900.0,5.31,In vitro inhibition of estrogen receptor positive MCF-7 human mammary carcinoma cell proliferation,MCF7,,
CHEMBL2068301,,C32H40Cl2N2Pt,1200.0,5.92,In vitro inhibition of estrogen receptor negative MDA-MD-231 human mammary carcinoma cell proliferation,MDA-MB-231,,
CHEMBL321094,,C5H9Cl2N2O2Pt+,12500.0,4.9,In vivo antitumor activity against HX/62 cell line.,HX62 cell line,,
CHEMBL321094,,C5H9Cl2N2O2Pt+,13500.0,4.87,In vitro antitumor activity against SK-OV-3 cell line.,SK-OV-3,,
CHEMBL321094,,C5H9Cl2N2O2Pt+,5500.0,5.26,In vitro antitumor activity against 41M cell line.,41M,,
CHEMBL321094,,C5H9Cl2N2O2Pt+,4300.0,5.37,In vitro antitumor activity against 41McisR cell line.,41M,,
CHEMBL321094,,C5H9Cl2N2O2Pt+,4800.0,5.32,In vitro antitumor activity against CH1 cell line.,CH1,,
CHEMBL321094,,C5H9Cl2N2O2Pt+,4800.0,5.32,In vitro antitumor activity against CH1cisR cell line.,CH1,,
CHEMBL321094,,C5H9Cl2N2O2Pt+,2700.0,5.57,In vitro antitumor activity against A2780 cell line.,A2780,,
CHEMBL321094,,C5H9Cl2N2O2Pt+,5700.0,5.24,In vitro antitumor activity against A2780cisR cell line.,A2780,,
CHEMBL105222,,C7H18Cl2N2O2Pt,40000.0,4.4,In vivo antitumor activity against HX/62 cell line.,HX62 cell line,,
CHEMBL105222,,C7H18Cl2N2O2Pt,27000.0,4.57,In vitro antitumor activity against SK-OV-3 cell line.,SK-OV-3,,
CHEMBL105222,,C7H18Cl2N2O2Pt,14400.0,4.84,In vitro antitumor activity against 41M cell line.,41M,,
CHEMBL105222,,C7H18Cl2N2O2Pt,9500.0,5.02,In vitro antitumor activity against 41McisR cell line.,41M,,
CHEMBL105222,,C7H18Cl2N2O2Pt,10200.0,4.99,In vitro antitumor activity against CH1 cell line.,CH1,,
CHEMBL105222,,C7H18Cl2N2O2Pt,14300.0,4.84,In vitro antitumor activity against CH1cisR cell line.,CH1,,
CHEMBL105222,,C7H18Cl2N2O2Pt,3200.0,5.5,In vitro antitumor activity against A2780 cell line.,A2780,,
CHEMBL105222,,C7H18Cl2N2O2Pt,16000.0,4.8,In vitro antitumor activity against A2780cisR cell line.,A2780,,
CHEMBL102583,,C7H18Cl2N2O2Pt,4100.0,5.39,In vivo antitumor activity against HX/62 cell line.,HX62 cell line,,
CHEMBL102583,,C7H18Cl2N2O2Pt,6900.0,5.16,In vitro antitumor activity against SK-OV-3 cell line.,SK-OV-3,,
CHEMBL102583,,C7H18Cl2N2O2Pt,2300.0,5.64,In vitro antitumor activity against 41M cell line.,41M,,
CHEMBL102583,,C7H18Cl2N2O2Pt,1600.0,5.8,In vitro antitumor activity against 41McisR cell line.,41M,,
CHEMBL102583,,C7H18Cl2N2O2Pt,1300.0,5.89,In vitro antitumor activity against CH1 cell line.,CH1,,
CHEMBL102583,,C7H18Cl2N2O2Pt,2900.0,5.54,In vitro antitumor activity against CH1cisR cell line.,CH1,,
CHEMBL102583,,C7H18Cl2N2O2Pt,1300.0,5.89,In vitro antitumor activity against A2780 cell line.,A2780,,
CHEMBL102583,,C7H18Cl2N2O2Pt,5000.0,5.3,In vitro antitumor activity against A2780cisR cell line.,A2780,,
CHEMBL103516,,C5H7Cl4N2Pt+,11000.0,4.96,In vivo antitumor activity against HX/62 cell line.,HX62 cell line,,
CHEMBL103516,,C5H7Cl4N2Pt+,14500.0,4.84,In vitro antitumor activity against SK-OV-3 cell line.,SK-OV-3,,
CHEMBL103516,,C5H7Cl4N2Pt+,5300.0,5.28,In vitro antitumor activity against 41M cell line.,41M,,
CHEMBL103516,,C5H7Cl4N2Pt+,4100.0,5.39,In vitro antitumor activity against 41McisR cell line.,41M,,
CHEMBL103516,,C5H7Cl4N2Pt+,4700.0,5.33,In vitro antitumor activity against CH1 cell line.,CH1,,
CHEMBL103516,,C5H7Cl4N2Pt+,4800.0,5.32,In vitro antitumor activity against CH1cisR cell line.,CH1,,
CHEMBL103516,,C5H7Cl4N2Pt+,3200.0,5.5,In vitro antitumor activity against A2780 cell line.,A2780,,
CHEMBL103516,,C5H7Cl4N2Pt+,5600.0,5.25,In vitro antitumor activity against A2780cisR cell line.,A2780,,
CHEMBL2068305,,C30H36Cl2N2Pt,4300.0,5.37,In vitro inhibition of estrogen receptor positive MCF-7 human mammary carcinoma cell proliferation,MCF7,,
CHEMBL2068305,,C30H36Cl2N2Pt,1600.0,5.8,In vitro inhibition of estrogen receptor negative MDA-MD-231 human mammary carcinoma cell proliferation,MDA-MB-231,,
CHEMBL102282,,CH8Cl2N2O2Pt,110000.0,,In vivo antitumor activity against HX/62 cell line.,HX62 cell line,,
CHEMBL102282,,CH8Cl2N2O2Pt,72000.0,4.14,In vitro antitumor activity against SK-OV-3 cell line.,SK-OV-3,,
CHEMBL102282,,CH8Cl2N2O2Pt,5400.0,5.27,In vitro antitumor activity against 41M cell line.,41M,,
CHEMBL102282,,CH8Cl2N2O2Pt,33000.0,4.48,In vitro antitumor activity against 41McisR cell line.,41M,,
CHEMBL102282,,CH8Cl2N2O2Pt,12500.0,4.9,In vitro antitumor activity against CH1 cell line.,CH1,,
CHEMBL102282,,CH8Cl2N2O2Pt,30500.0,4.52,In vitro antitumor activity against CH1cisR cell line.,CH1,,
CHEMBL102282,,CH8Cl2N2O2Pt,6200.0,5.21,In vitro antitumor activity against A2780 cell line.,A2780,,
CHEMBL102282,,CH8Cl2N2O2Pt,64000.0,4.19,In vitro antitumor activity against A2780cisR cell line.,A2780,,
CHEMBL103460,,C6H16Br2N2O2Pt,3200.0,5.5,In vivo antitumor activity against HX/62 cell line.,HX62 cell line,,
CHEMBL103460,,C6H16Br2N2O2Pt,4700.0,5.33,In vitro antitumor activity against SK-OV-3 cell line.,SK-OV-3,,
CHEMBL103460,,C6H16Br2N2O2Pt,2100.0,5.68,In vitro antitumor activity against 41M cell line.,41M,,
CHEMBL103460,,C6H16Br2N2O2Pt,1700.0,5.77,In vitro antitumor activity against 41McisR cell line.,41M,,
CHEMBL103460,,C6H16Br2N2O2Pt,1600.0,5.8,In vitro antitumor activity against CH1 cell line.,CH1,,
CHEMBL103460,,C6H16Br2N2O2Pt,2800.0,5.55,In vitro antitumor activity against CH1cisR cell line.,CH1,,
CHEMBL103460,,C6H16Br2N2O2Pt,1400.0,5.85,In vitro antitumor activity against A2780 cell line.,A2780,,
CHEMBL103460,,C6H16Br2N2O2Pt,3600.0,5.44,In vitro antitumor activity against A2780cisR cell line.,A2780,,
CHEMBL104893,,C6H14Cl2N2Pt,2000.0,5.7,In vivo antitumor activity against HX/62 cell line.,HX62 cell line,,
CHEMBL104893,,C6H14Cl2N2Pt,2100.0,5.68,In vitro antitumor activity against SK-OV-3 cell line.,SK-OV-3,,
CHEMBL104893,,C6H14Cl2N2Pt,260.0,6.58,In vitro antitumor activity against 41M cell line.,41M,,
CHEMBL104893,,C6H14Cl2N2Pt,280.0,6.55,In vitro antitumor activity against 41McisR cell line.,41M,,
CHEMBL104893,,C6H14Cl2N2Pt,66.0,7.18,In vitro antitumor activity against CH1 cell line.,CH1,,
CHEMBL104893,,C6H14Cl2N2Pt,380.0,6.42,In vitro antitumor activity against CH1cisR cell line.,CH1,,
CHEMBL104893,,C6H14Cl2N2Pt,83.0,7.08,In vitro antitumor activity against A2780 cell line.,A2780,,
CHEMBL104893,,C6H14Cl2N2Pt,400.0,6.4,In vitro antitumor activity against A2780cisR cell line.,A2780,,
CHEMBL102644,,C6H14Br2N2Pt,10900.0,4.96,In vivo antitumor activity against HX/62 cell line.,HX62 cell line,,
CHEMBL102644,,C6H14Br2N2Pt,11500.0,4.94,In vitro antitumor activity against SK-OV-3 cell line.,SK-OV-3,,
CHEMBL102644,,C6H14Br2N2Pt,4000.0,5.4,In vitro antitumor activity against 41M cell line.,41M,,
CHEMBL102644,,C6H14Br2N2Pt,3200.0,5.5,In vitro antitumor activity against 41McisR cell line.,41M,,
CHEMBL102644,,C6H14Br2N2Pt,4000.0,5.4,In vitro antitumor activity against CH1 cell line.,CH1,,
CHEMBL102644,,C6H14Br2N2Pt,5000.0,5.3,In vitro antitumor activity against CH1cisR cell line.,CH1,,
CHEMBL102644,,C6H14Br2N2Pt,1900.0,5.72,In vitro antitumor activity against A2780 cell line.,A2780,,
CHEMBL102644,,C6H14Br2N2Pt,5400.0,5.27,In vitro antitumor activity against A2780cisR cell line.,A2780,,
CHEMBL103347,,C7H14Cl2N2Pt,5600.0,5.25,In vivo antitumor activity against HX/62 cell line.,HX62 cell line,,
CHEMBL103347,,C7H14Cl2N2Pt,4400.0,5.36,In vitro antitumor activity against SK-OV-3 cell line.,SK-OV-3,,
CHEMBL103347,,C7H14Cl2N2Pt,1400.0,5.85,In vitro antitumor activity against 41M cell line.,41M,,
CHEMBL103347,,C7H14Cl2N2Pt,1500.0,5.82,In vitro antitumor activity against 41McisR cell line.,41M,,
CHEMBL103347,,C7H14Cl2N2Pt,1400.0,5.85,In vitro antitumor activity against CH1 cell line.,CH1,,
CHEMBL103347,,C7H14Cl2N2Pt,1700.0,5.77,In vitro antitumor activity against CH1cisR cell line.,CH1,,
CHEMBL103347,,C7H14Cl2N2Pt,250.0,6.6,In vitro antitumor activity against A2780 cell line.,A2780,,
CHEMBL103347,,C7H14Cl2N2Pt,3000.0,5.52,In vitro antitumor activity against A2780cisR cell line.,A2780,,
CHEMBL103122,,C7H12Cl2N2O2Pt,10200.0,4.99,In vivo antitumor activity against HX/62 cell line.,HX62 cell line,,
CHEMBL103122,,C7H12Cl2N2O2Pt,8200.0,5.09,In vitro antitumor activity against SK-OV-3 cell line.,SK-OV-3,,
CHEMBL103122,,C7H12Cl2N2O2Pt,1300.0,5.89,In vitro antitumor activity against 41M cell line.,41M,,
CHEMBL103122,,C7H12Cl2N2O2Pt,1300.0,5.89,In vitro antitumor activity against 41McisR cell line.,41M,,
CHEMBL103122,,C7H12Cl2N2O2Pt,1100.0,5.96,In vitro antitumor activity against CH1 cell line.,CH1,,
CHEMBL103122,,C7H12Cl2N2O2Pt,1900.0,5.72,In vitro antitumor activity against CH1cisR cell line.,CH1,,
CHEMBL103122,,C7H12Cl2N2O2Pt,1100.0,5.96,In vitro antitumor activity against A2780 cell line.,A2780,,
CHEMBL103122,,C7H12Cl2N2O2Pt,4200.0,5.38,In vitro antitumor activity against A2780cisR cell line.,A2780,,
CHEMBL321094,,C5H9Cl2N2O2Pt+,14200.0,4.85,In vivo antitumor activity against HX/62 cell line.,HX62 cell line,,
CHEMBL321094,,C5H9Cl2N2O2Pt+,10300.0,4.99,In vitro antitumor activity against SK-OV-3 cell line.,SK-OV-3,,
CHEMBL321094,,C5H9Cl2N2O2Pt+,4600.0,5.34,In vitro antitumor activity against 41M cell line.,41M,,
CHEMBL321094,,C5H9Cl2N2O2Pt+,4400.0,5.36,In vitro antitumor activity against 41McisR cell line.,41M,,
CHEMBL321094,,C5H9Cl2N2O2Pt+,3700.0,5.43,In vitro antitumor activity against CH1 cell line.,CH1,,
CHEMBL321094,,C5H9Cl2N2O2Pt+,5400.0,5.27,In vitro antitumor activity against CH1cisR cell line.,CH1,,
CHEMBL321094,,C5H9Cl2N2O2Pt+,1900.0,5.72,In vitro antitumor activity against A2780 cell line.,A2780,,
CHEMBL321094,,C5H9Cl2N2O2Pt+,6400.0,5.19,In vitro antitumor activity against A2780cisR cell line.,A2780,,
CHEMBL319686,,C12H26Cl2N2O2Pt,6900.0,5.16,In vivo antitumor activity against HX/62 cell line.,HX62 cell line,,
CHEMBL319686,,C12H26Cl2N2O2Pt,2500.0,5.6,In vitro antitumor activity against SK-OV-3 cell line.,SK-OV-3,,
CHEMBL319686,,C12H26Cl2N2O2Pt,800.0,6.1,In vitro antitumor activity against 41M cell line.,41M,,
CHEMBL319686,,C12H26Cl2N2O2Pt,1200.0,5.92,In vitro antitumor activity against 41McisR cell line.,41M,,
CHEMBL319686,,C12H26Cl2N2O2Pt,550.0,6.26,In vitro antitumor activity against CH1 cell line.,CH1,,
CHEMBL319686,,C12H26Cl2N2O2Pt,600.0,6.22,In vitro antitumor activity against CH1cisR cell line.,CH1,,
CHEMBL319686,,C12H26Cl2N2O2Pt,800.0,6.1,In vitro antitumor activity against A2780 cell line.,A2780,,
CHEMBL319686,,C12H26Cl2N2O2Pt,3200.0,5.5,In vitro antitumor activity against A2780cisR cell line.,A2780,,
CHEMBL2068561,,C34H44Cl2N2O2Pt,52000.0,4.28,In vitro inhibition of estrogen receptor positive MCF-7 human mammary carcinoma cell proliferation,MCF7,,
CHEMBL2068561,,C34H44Cl2N2O2Pt,29000.0,4.54,In vitro inhibition of estrogen receptor negative MDA-MD-231 human mammary carcinoma cell proliferation,MDA-MB-231,,
CHEMBL320638,,C10H22Cl2N2Pt,800.0,6.1,In vivo antitumor activity against HX/62 cell line.,HX62 cell line,,
CHEMBL320638,,C10H22Cl2N2Pt,1500.0,5.82,In vitro antitumor activity against SK-OV-3 cell line.,SK-OV-3,,
CHEMBL320638,,C10H22Cl2N2Pt,490.0,6.31,In vitro antitumor activity against 41M cell line.,41M,,
CHEMBL320638,,C10H22Cl2N2Pt,1200.0,5.92,In vitro antitumor activity against 41McisR cell line.,41M,,
CHEMBL320638,,C10H22Cl2N2Pt,210.0,6.68,In vitro antitumor activity against CH1 cell line.,CH1,,
CHEMBL320638,,C10H22Cl2N2Pt,430.0,6.37,In vitro antitumor activity against CH1cisR cell line.,CH1,,
CHEMBL320638,,C10H22Cl2N2Pt,400.0,6.4,In vitro antitumor activity against A2780 cell line.,A2780,,
CHEMBL320638,,C10H22Cl2N2Pt,1400.0,5.85,In vitro antitumor activity against A2780cisR cell line.,A2780,,
CHEMBL102856,,C4H12Cl2N2O3Pt,100000.0,4.0,In vivo antitumor activity against HX/62 cell line.,HX62 cell line,,
CHEMBL102856,,C4H12Cl2N2O3Pt,47000.0,4.33,In vitro antitumor activity against SK-OV-3 cell line.,SK-OV-3,,
CHEMBL102856,,C4H12Cl2N2O3Pt,26000.0,4.58,In vitro antitumor activity against 41M cell line.,41M,,
CHEMBL102856,,C4H12Cl2N2O3Pt,54000.0,4.27,In vitro antitumor activity against 41McisR cell line.,41M,,
CHEMBL102856,,C4H12Cl2N2O3Pt,17300.0,4.76,In vitro antitumor activity against CH1 cell line.,CH1,,
CHEMBL102856,,C4H12Cl2N2O3Pt,28300.0,4.55,In vitro antitumor activity against CH1cisR cell line.,CH1,,
CHEMBL102856,,C4H12Cl2N2O3Pt,10900.0,4.96,In vitro antitumor activity against A2780 cell line.,A2780,,
CHEMBL102856,,C4H12Cl2N2O3Pt,47000.0,4.33,In vitro antitumor activity against A2780cisR cell line.,A2780,,
CHEMBL322013,,C7H18Cl2N2O2Pt,3400.0,5.47,In vivo antitumor activity against HX/62 cell line.,HX62 cell line,,
CHEMBL322013,,C7H18Cl2N2O2Pt,3900.0,5.41,In vitro antitumor activity against SK-OV-3 cell line.,SK-OV-3,,
CHEMBL322013,,C7H18Cl2N2O2Pt,1300.0,5.89,In vitro antitumor activity against 41M cell line.,41M,,
CHEMBL322013,,C7H18Cl2N2O2Pt,1400.0,5.85,In vitro antitumor activity against 41McisR cell line.,41M,,
CHEMBL322013,,C7H18Cl2N2O2Pt,1100.0,5.96,In vitro antitumor activity against CH1 cell line.,CH1,,
CHEMBL322013,,C7H18Cl2N2O2Pt,1700.0,5.77,In vitro antitumor activity against CH1cisR cell line.,CH1,,
CHEMBL322013,,C7H18Cl2N2O2Pt,610.0,6.21,In vitro antitumor activity against A2780 cell line.,A2780,,
CHEMBL322013,,C7H18Cl2N2O2Pt,2500.0,5.6,In vitro antitumor activity against A2780cisR cell line.,A2780,,
CHEMBL103570,,C6H16Cl2N2O2Pt,30000.0,4.52,In vivo antitumor activity against HX/62 cell line.,HX62 cell line,,
CHEMBL103570,,C6H16Cl2N2O2Pt,16600.0,4.78,In vitro antitumor activity against SK-OV-3 cell line.,SK-OV-3,,
CHEMBL103570,,C6H16Cl2N2O2Pt,3500.0,5.46,In vitro antitumor activity against 41M cell line.,41M,,
CHEMBL103570,,C6H16Cl2N2O2Pt,3200.0,5.5,In vitro antitumor activity against 41McisR cell line.,41M,,
CHEMBL103570,,C6H16Cl2N2O2Pt,570.0,6.24,In vitro antitumor activity against CH1 cell line.,CH1,,
CHEMBL103570,,C6H16Cl2N2O2Pt,2000.0,5.7,In vitro antitumor activity against CH1cisR cell line.,CH1,,
CHEMBL103570,,C6H16Cl2N2O2Pt,800.0,6.1,In vitro antitumor activity against A2780 cell line.,A2780,,
CHEMBL103570,,C6H16Cl2N2O2Pt,1900.0,5.72,In vitro antitumor activity against A2780cisR cell line.,A2780,,
CHEMBL321068,,C3H12Cl2N2O2Pt,50000.0,4.3,In vivo antitumor activity against HX/62 cell line.,HX62 cell line,,
CHEMBL321068,,C3H12Cl2N2O2Pt,30500.0,4.52,In vitro antitumor activity against SK-OV-3 cell line.,SK-OV-3,,
CHEMBL321068,,C3H12Cl2N2O2Pt,3900.0,5.41,In vitro antitumor activity against 41M cell line.,41M,,
CHEMBL321068,,C3H12Cl2N2O2Pt,9200.0,5.04,In vitro antitumor activity against 41McisR cell line.,41M,,
CHEMBL321068,,C3H12Cl2N2O2Pt,1400.0,5.85,In vitro antitumor activity against CH1 cell line.,CH1,,
CHEMBL321068,,C3H12Cl2N2O2Pt,4900.0,5.31,In vitro antitumor activity against CH1cisR cell line.,CH1,,
CHEMBL321068,,C3H12Cl2N2O2Pt,990.0,6.0,In vitro antitumor activity against A2780 cell line.,A2780,,
CHEMBL321068,,C3H12Cl2N2O2Pt,7200.0,5.14,In vitro antitumor activity against A2780cisR cell line.,A2780,,
CHEMBL103345,,C4H14Cl2N2O2Pt,50000.0,4.3,In vivo antitumor activity against HX/62 cell line.,HX62 cell line,,
CHEMBL103345,,C4H14Cl2N2O2Pt,34000.0,4.47,In vitro antitumor activity against SK-OV-3 cell line.,SK-OV-3,,
CHEMBL103345,,C4H14Cl2N2O2Pt,4500.0,5.35,In vitro antitumor activity against 41M cell line.,41M,,
CHEMBL103345,,C4H14Cl2N2O2Pt,8000.0,5.1,In vitro antitumor activity against 41McisR cell line.,41M,,
CHEMBL103345,,C4H14Cl2N2O2Pt,1100.0,5.96,In vitro antitumor activity against CH1 cell line.,CH1,,
CHEMBL103345,,C4H14Cl2N2O2Pt,3400.0,5.47,In vitro antitumor activity against CH1cisR cell line.,CH1,,
CHEMBL103345,,C4H14Cl2N2O2Pt,800.0,6.1,In vitro antitumor activity against A2780 cell line.,A2780,,
CHEMBL103345,,C4H14Cl2N2O2Pt,8500.0,5.07,In vitro antitumor activity against A2780cisR cell line.,A2780,,
CHEMBL103049,,C6H16Cl2N2Pt,4800.0,5.32,In vivo antitumor activity against HX/62 cell line.,HX62 cell line,,
CHEMBL103049,,C6H16Cl2N2Pt,7100.0,5.15,In vitro antitumor activity against SK-OV-3 cell line.,SK-OV-3,,
CHEMBL103049,,C6H16Cl2N2Pt,4500.0,5.35,In vitro antitumor activity against 41M cell line.,41M,,
CHEMBL103049,,C6H16Cl2N2Pt,4100.0,5.39,In vitro antitumor activity against 41McisR cell line.,41M,,
CHEMBL103049,,C6H16Cl2N2Pt,4000.0,5.4,In vitro antitumor activity against CH1 cell line.,CH1,,
CHEMBL103049,,C6H16Cl2N2Pt,4400.0,5.36,In vitro antitumor activity against CH1cisR cell line.,CH1,,
CHEMBL103049,,C6H16Cl2N2Pt,2300.0,5.64,In vitro antitumor activity against A2780 cell line.,A2780,,
CHEMBL103049,,C6H16Cl2N2Pt,4800.0,5.32,In vitro antitumor activity against A2780cisR cell line.,A2780,,
CHEMBL103345,,C4H14Cl2N2O2Pt,1800.0,5.75,In vivo antitumor activity against HX/62 cell line.,HX62 cell line,,
CHEMBL103345,,C4H14Cl2N2O2Pt,4700.0,5.33,In vitro antitumor activity against SK-OV-3 cell line.,SK-OV-3,,
CHEMBL103345,,C4H14Cl2N2O2Pt,1100.0,5.96,In vitro antitumor activity against 41M cell line.,41M,,
CHEMBL103345,,C4H14Cl2N2O2Pt,900.0,6.05,In vitro antitumor activity against 41McisR cell line.,41M,,
CHEMBL103345,,C4H14Cl2N2O2Pt,740.0,6.13,In vitro antitumor activity against CH1 cell line.,CH1,,
CHEMBL103345,,C4H14Cl2N2O2Pt,1620.0,5.79,In vitro antitumor activity against CH1cisR cell line.,CH1,,
CHEMBL103345,,C4H14Cl2N2O2Pt,210.0,6.68,In vitro antitumor activity against A2780 cell line.,A2780,,
CHEMBL103345,,C4H14Cl2N2O2Pt,4200.0,5.38,In vitro antitumor activity against A2780cisR cell line.,A2780,,
CHEMBL319263,,C8H22Cl2N2O2Pt,1300.0,5.89,In vivo antitumor activity against HX/62 cell line.,HX62 cell line,,
CHEMBL319263,,C8H22Cl2N2O2Pt,1800.0,5.75,In vitro antitumor activity against SK-OV-3 cell line.,SK-OV-3,,
CHEMBL319263,,C8H22Cl2N2O2Pt,480.0,6.32,In vitro antitumor activity against 41M cell line.,41M,,
CHEMBL319263,,C8H22Cl2N2O2Pt,1000.0,6.0,In vitro antitumor activity against 41McisR cell line.,41M,,
CHEMBL319263,,C8H22Cl2N2O2Pt,360.0,6.44,In vitro antitumor activity against CH1 cell line.,CH1,,
CHEMBL319263,,C8H22Cl2N2O2Pt,550.0,6.26,In vitro antitumor activity against CH1cisR cell line.,CH1,,
CHEMBL319263,,C8H22Cl2N2O2Pt,400.0,6.4,In vitro antitumor activity against A2780 cell line.,A2780,,
CHEMBL319263,,C8H22Cl2N2O2Pt,2200.0,5.66,In vitro antitumor activity against A2780cisR cell line.,A2780,,
CHEMBL103721,,C7H16Cl2N2Pt,2200.0,5.66,In vivo antitumor activity against HX/62 cell line.,HX62 cell line,,
CHEMBL103721,,C7H16Cl2N2Pt,3900.0,5.41,In vitro antitumor activity against SK-OV-3 cell line.,SK-OV-3,,
CHEMBL103721,,C7H16Cl2N2Pt,780.0,6.11,In vitro antitumor activity against 41M cell line.,41M,,
CHEMBL103721,,C7H16Cl2N2Pt,480.0,6.32,In vitro antitumor activity against 41McisR cell line.,41M,,
CHEMBL103721,,C7H16Cl2N2Pt,380.0,6.42,In vitro antitumor activity against CH1 cell line.,CH1,,
CHEMBL103721,,C7H16Cl2N2Pt,1100.0,5.96,In vitro antitumor activity against CH1cisR cell line.,CH1,,
CHEMBL103721,,C7H16Cl2N2Pt,460.0,6.34,In vitro antitumor activity against A2780 cell line.,A2780,,
CHEMBL103721,,C7H16Cl2N2Pt,3600.0,5.44,In vitro antitumor activity against A2780cisR cell line.,A2780,,
CHEMBL104893,,C6H14Cl2N2Pt,4100.0,5.39,In vivo antitumor activity against HX/62 cell line.,HX62 cell line,,
CHEMBL104893,,C6H14Cl2N2Pt,7200.0,5.14,In vitro antitumor activity against SK-OV-3 cell line.,SK-OV-3,,
CHEMBL104893,,C6H14Cl2N2Pt,1700.0,5.77,In vitro antitumor activity against 41M cell line.,41M,,
CHEMBL104893,,C6H14Cl2N2Pt,1500.0,5.82,In vitro antitumor activity against 41McisR cell line.,41M,,
CHEMBL104893,,C6H14Cl2N2Pt,1100.0,5.96,In vitro antitumor activity against CH1 cell line.,CH1,,
CHEMBL104893,,C6H14Cl2N2Pt,3300.0,5.48,In vitro antitumor activity against CH1cisR cell line.,CH1,,
CHEMBL104893,,C6H14Cl2N2Pt,1200.0,5.92,In vitro antitumor activity against A2780 cell line.,A2780,,
CHEMBL104893,,C6H14Cl2N2Pt,5700.0,5.24,In vitro antitumor activity against A2780cisR cell line.,A2780,,
CHEMBL2068292,,C36H48Cl2N2O3Pt,77000.0,4.11,In vitro inhibition of estrogen receptor positive MCF-7 human mammary carcinoma cell proliferation,MCF7,,
CHEMBL2068292,,C36H48Cl2N2O3Pt,23000.0,4.64,In vitro inhibition of estrogen receptor negative MDA-MD-231 human mammary carcinoma cell proliferation,MDA-MB-231,,
CHEMBL11359,,H6Cl2N2Pt+2,12600.0,4.9,In vivo antitumor activity against HX/62 cell line.,HX62 cell line,,
CHEMBL11359,,H6Cl2N2Pt+2,4400.0,5.36,In vitro antitumor activity against SK-OV-3 cell line.,SK-OV-3,,
CHEMBL11359,,H6Cl2N2Pt+2,260.0,6.58,In vitro antitumor activity against 41M cell line.,41M,,
CHEMBL11359,,H6Cl2N2Pt+2,1200.0,5.92,In vitro antitumor activity against 41McisR cell line.,41M,,
CHEMBL11359,,H6Cl2N2Pt+2,110.0,6.96,In vitro antitumor activity against CH1 cell line.,CH1,,
CHEMBL11359,,H6Cl2N2Pt+2,710.0,6.15,In vitro antitumor activity against CH1cisR cell line.,CH1,,
CHEMBL11359,,H6Cl2N2Pt+2,330.0,6.48,In vitro antitumor activity against A2780 cell line.,A2780,,
CHEMBL11359,,H6Cl2N2Pt+2,5200.0,5.28,In vitro antitumor activity against A2780cisR cell line.,A2780,,
CHEMBL2068302,,C28H32Cl2N2Pt,8000.0,5.1,In vitro inhibition of estrogen receptor positive MCF-7 human mammary carcinoma cell proliferation,MCF7,,
CHEMBL2068302,,C28H32Cl2N2Pt,5000.0,5.3,In vitro inhibition of estrogen receptor negative MDA-MD-231 human mammary carcinoma cell proliferation,MDA-MB-231,,
CHEMBL319021,,C4H14Cl2N2O2Pt,3300.0,5.48,In vivo antitumor activity against HX/62 cell line.,HX62 cell line,,
CHEMBL319021,,C4H14Cl2N2O2Pt,12100.0,4.92,In vitro antitumor activity against SK-OV-3 cell line.,SK-OV-3,,
CHEMBL319021,,C4H14Cl2N2O2Pt,1800.0,5.75,In vitro antitumor activity against 41M cell line.,41M,,
CHEMBL319021,,C4H14Cl2N2O2Pt,760.0,6.12,In vitro antitumor activity against 41McisR cell line.,41M,,
CHEMBL319021,,C4H14Cl2N2O2Pt,3300.0,5.48,In vitro antitumor activity against CH1 cell line.,CH1,,
CHEMBL319021,,C4H14Cl2N2O2Pt,4500.0,5.35,In vitro antitumor activity against CH1cisR cell line.,CH1,,
CHEMBL319021,,C4H14Cl2N2O2Pt,1900.0,5.72,In vitro antitumor activity against A2780 cell line.,A2780,,
CHEMBL319021,,C4H14Cl2N2O2Pt,11600.0,4.94,In vitro antitumor activity against A2780cisR cell line.,A2780,,
CHEMBL105598,,C5H14Cl2N2O2Pt,10200.0,4.99,In vivo antitumor activity against HX/62 cell line.,HX62 cell line,,
CHEMBL105598,,C5H14Cl2N2O2Pt,7000.0,5.16,In vitro antitumor activity against SK-OV-3 cell line.,SK-OV-3,,
CHEMBL105598,,C5H14Cl2N2O2Pt,1100.0,5.96,In vitro antitumor activity against 41M cell line.,41M,,
CHEMBL105598,,C5H14Cl2N2O2Pt,1300.0,5.89,In vitro antitumor activity against 41McisR cell line.,41M,,
CHEMBL105598,,C5H14Cl2N2O2Pt,1100.0,5.96,In vitro antitumor activity against CH1 cell line.,CH1,,
CHEMBL105598,,C5H14Cl2N2O2Pt,1900.0,5.72,In vitro antitumor activity against CH1cisR cell line.,CH1,,
CHEMBL105598,,C5H14Cl2N2O2Pt,950.0,6.02,In vitro antitumor activity against A2780 cell line.,A2780,,
CHEMBL105598,,C5H14Cl2N2O2Pt,5200.0,5.28,In vitro antitumor activity against A2780cisR cell line.,A2780,,
CHEMBL103847,,C4H12Cl2N2Pt,50000.0,,In vivo antitumor activity against HX/62 cell line.,HX62 cell line,,
CHEMBL103847,,C4H12Cl2N2Pt,50000.0,,In vitro antitumor activity against SK-OV-3 cell line.,SK-OV-3,,
CHEMBL103847,,C4H12Cl2N2Pt,50000.0,,In vitro antitumor activity against 41M cell line.,41M,,
CHEMBL103847,,C4H12Cl2N2Pt,50000.0,,In vitro antitumor activity against 41McisR cell line.,41M,,
CHEMBL103847,,C4H12Cl2N2Pt,50000.0,,In vitro antitumor activity against CH1 cell line.,CH1,,
CHEMBL103847,,C4H12Cl2N2Pt,50000.0,,In vitro antitumor activity against CH1cisR cell line.,CH1,,
CHEMBL103847,,C4H12Cl2N2Pt,50000.0,,In vitro antitumor activity against A2780 cell line.,A2780,,
CHEMBL103847,,C4H12Cl2N2Pt,50000.0,,In vitro antitumor activity against A2780cisR cell line.,A2780,,
CHEMBL317255,,C7H16Cl2N2Pt,50000.0,,In vivo antitumor activity against HX/62 cell line.,HX62 cell line,,
CHEMBL317255,,C7H16Cl2N2Pt,50000.0,,In vitro antitumor activity against SK-OV-3 cell line.,SK-OV-3,,
CHEMBL317255,,C7H16Cl2N2Pt,50000.0,,In vitro antitumor activity against 41M cell line.,41M,,
CHEMBL317255,,C7H16Cl2N2Pt,50000.0,,In vitro antitumor activity against 41McisR cell line.,41M,,
CHEMBL317255,,C7H16Cl2N2Pt,50000.0,,In vitro antitumor activity against CH1 cell line.,CH1,,
CHEMBL317255,,C7H16Cl2N2Pt,50000.0,,In vitro antitumor activity against CH1cisR cell line.,CH1,,
CHEMBL317255,,C7H16Cl2N2Pt,26000.0,4.58,In vitro antitumor activity against A2780 cell line.,A2780,,
CHEMBL317255,,C7H16Cl2N2Pt,50000.0,,In vitro antitumor activity against A2780cisR cell line.,A2780,,
CHEMBL430691,,C6H14Cl4N2Pt,4400.0,5.36,In vivo antitumor activity against HX/62 cell line.,HX62 cell line,,
CHEMBL430691,,C6H14Cl4N2Pt,9300.0,5.03,In vitro antitumor activity against SK-OV-3 cell line.,SK-OV-3,,
CHEMBL430691,,C6H14Cl4N2Pt,3100.0,5.51,In vitro antitumor activity against 41M cell line.,41M,,
CHEMBL430691,,C6H14Cl4N2Pt,4100.0,5.39,In vitro antitumor activity against 41McisR cell line.,41M,,
CHEMBL430691,,C6H14Cl4N2Pt,3900.0,5.41,In vitro antitumor activity against CH1 cell line.,CH1,,
CHEMBL430691,,C6H14Cl4N2Pt,4700.0,5.33,In vitro antitumor activity against CH1cisR cell line.,CH1,,
CHEMBL430691,,C6H14Cl4N2Pt,1500.0,5.82,In vitro antitumor activity against A2780 cell line.,A2780,,
CHEMBL430691,,C6H14Cl4N2Pt,5300.0,5.28,In vitro antitumor activity against A2780cisR cell line.,A2780,,
CHEMBL2068295,,C36H48Cl2N2O2Pt,74000.0,4.13,In vitro inhibition of estrogen receptor positive MCF-7 human mammary carcinoma cell proliferation,MCF7,,
CHEMBL2068295,,C36H48Cl2N2O2Pt,21000.0,4.68,In vitro inhibition of estrogen receptor negative MDA-MD-231 human mammary carcinoma cell proliferation,MDA-MB-231,,
CHEMBL11359,,H6Cl2N2Pt+2,300.0,6.52,The compound was evaluated for the cytotoxicity against human A2780 (ovarian) tumor cell lines.,A2780,,
CHEMBL11359,,H6Cl2N2Pt+2,3000.0,5.52,The compound was evaluated for the cytotoxicity against human A2780cisR (ovarian) tumor cell lines.,A2780cisR,,
CHEMBL11359,,H6Cl2N2Pt+2,100.0,7.0,The compound was evaluated for the cytotoxicity against human CH1 (ovarian) tumor cell lines.,CH1,,
CHEMBL11359,,H6Cl2N2Pt+2,4400.0,5.36,The compound was evaluated for the cytotoxicity against human SKOV-3 (ovarian) tumor cell lines.,SK-OV-3,,
CHEMBL11359,,H6Cl2N2Pt+2,1700.0,5.77,The compound was evaluated for the cytotoxicity against human HT-29 (colon) tumor cell lines.,HT-29,,
CHEMBL1386,,H6Cl2N2Pt,245000.0,,In vivo antitumor activity against HX/62 cell line.,HX62 cell line,,
CHEMBL1386,,H6Cl2N2Pt,255000.0,,In vitro antitumor activity against SK-OV-3 cell line.,SK-OV-3,,
CHEMBL1386,,H6Cl2N2Pt,57000.0,4.24,In vitro antitumor activity against 41M cell line.,41M,,
CHEMBL1386,,H6Cl2N2Pt,70000.0,4.16,In vitro antitumor activity against 41McisR cell line.,41M,,
CHEMBL1386,,H6Cl2N2Pt,30000.0,4.52,In vitro antitumor activity against CH1 cell line.,CH1,,
CHEMBL1386,,H6Cl2N2Pt,68500.0,4.16,In vitro antitumor activity against CH1cisR cell line.,CH1,,
CHEMBL1386,,H6Cl2N2Pt,32000.0,4.5,In vitro antitumor activity against A2780 cell line.,A2780,,
CHEMBL1386,,H6Cl2N2Pt,260000.0,,In vitro antitumor activity against A2780cisR cell line.,A2780,,
CHEMBL323516,,C12H26Cl2N4O4Pt,14000.0,4.85,In vivo antitumor activity against HX/62 cell line.,HX62 cell line,,
CHEMBL323516,,C12H26Cl2N4O4Pt,19000.0,4.72,In vitro antitumor activity against SK-OV-3 cell line.,SK-OV-3,,
CHEMBL323516,,C12H26Cl2N4O4Pt,6200.0,5.21,In vitro antitumor activity against 41M cell line.,41M,,
CHEMBL323516,,C12H26Cl2N4O4Pt,4300.0,5.37,In vitro antitumor activity against 41McisR cell line.,41M,,
CHEMBL323516,,C12H26Cl2N4O4Pt,4600.0,5.34,In vitro antitumor activity against CH1 cell line.,CH1,,
CHEMBL323516,,C12H26Cl2N4O4Pt,5600.0,5.25,In vitro antitumor activity against CH1cisR cell line.,CH1,,
CHEMBL323516,,C12H26Cl2N4O4Pt,3200.0,5.5,In vitro antitumor activity against A2780 cell line.,A2780,,
CHEMBL323516,,C12H26Cl2N4O4Pt,10600.0,4.97,In vitro antitumor activity against A2780cisR cell line.,A2780,,
CHEMBL2068303,,C35H46Cl2N2O2Pt,23000.0,4.64,In vitro inhibition of estrogen receptor positive MCF-7 human mammary carcinoma cell proliferation,MCF7,,
CHEMBL2068303,,C35H46Cl2N2O2Pt,9300.0,5.03,In vitro inhibition of estrogen receptor negative MDA-MD-231 human mammary carcinoma cell proliferation,MDA-MB-231,,
CHEMBL75222,,C14H28O2PtS4,44000.0,4.36,Cytotoxic activity was determined in vitro in MCF-7 cell line culture at pH 6.8,MCF7,,
CHEMBL75222,,C14H28O2PtS4,47000.0,4.33,Cytotoxic activity was determined in vitro in MCF-7 cell line culture at pH 7.4,MCF7,,
CHEMBL75222,,C14H28O2PtS4,23000.0,4.64,Cytotoxic activity was determined in vitro in Calu-6 cell line culture at pH 6.8,Calu-6,,
CHEMBL75222,,C14H28O2PtS4,37000.0,4.43,Cytotoxic activity was determined in vitro in Calu-6 cell line culture at pH 7.4,Calu-6,,
CHEMBL75222,,C14H28O2PtS4,91000.0,,Cytotoxic activity was determined in vitro in LXF-289 cell line culture at pH 6.8,LXF-289 cell line,,
CHEMBL75222,,C14H28O2PtS4,91000.0,,Cytotoxic activity was determined in vitro in LXF-289 cell line culture at pH 7.4,LXF-289 cell line,,
CHEMBL75222,,C14H28O2PtS4,37000.0,4.43,Cytotoxic activity was determined in vitro in SK-MEL-25 cell line culture at pH 6.8,SK-MEL-25,,
CHEMBL75222,,C14H28O2PtS4,70000.0,4.16,Cytotoxic activity was determined in vitro in SK-MEL-25 cell line culture at pH 7.4,SK-MEL-25,,
CHEMBL75222,,C14H28O2PtS4,102000.0,,Cytotoxic activity was determined in vitro in SK-OV-3 cell line culture at pH 6.8,SK-OV-3,,
CHEMBL75222,,C14H28O2PtS4,130000.0,,Cytotoxic activity was determined in vitro in SK-OV-3 cell line culture at pH 7.4,SK-OV-3,,
CHEMBL75222,,C14H28O2PtS4,64000.0,4.19,Cytotoxic activity was determined in vitro in KB cell line culture at pH 6.8,KB,,
CHEMBL75222,,C14H28O2PtS4,91000.0,,Cytotoxic activity was determined in vitro in KB cell line culture at pH 7.4,KB,,
CHEMBL73466,,C12H24O2PtS4,62000.0,4.21,Cytotoxic activity was determined in vitro in MCF-7 cell line culture at pH 6.8,MCF7,,
CHEMBL73466,,C12H24O2PtS4,86000.0,,Cytotoxic activity was determined in vitro in MCF-7 cell line culture at pH 7.4,MCF7,,
CHEMBL73466,,C12H24O2PtS4,25000.0,4.6,Cytotoxic activity was determined in vitro in Calu-6 cell line culture at pH 6.8,Calu-6,,
CHEMBL73466,,C12H24O2PtS4,27000.0,4.57,Cytotoxic activity was determined in vitro in Calu-6 cell line culture at pH 7.4,Calu-6,,
CHEMBL73466,,C12H24O2PtS4,59000.0,4.23,Cytotoxic activity was determined in vitro in LXF-289 cell line culture at pH 6.8,LXF-289 cell line,,
CHEMBL73466,,C12H24O2PtS4,75000.0,4.12,Cytotoxic activity was determined in vitro in LXF-289 cell line culture at pH 7.4,LXF-289 cell line,,
CHEMBL73466,,C12H24O2PtS4,72000.0,4.14,Cytotoxic activity was determined in vitro in SK-MEL-25 cell line culture at pH 6.8,SK-MEL-25,,
CHEMBL73466,,C12H24O2PtS4,83000.0,4.08,Cytotoxic activity was determined in vitro in SK-MEL-25 cell line culture at pH 7.4,SK-MEL-25,,
CHEMBL73466,,C12H24O2PtS4,86000.0,,Cytotoxic activity was determined in vitro in SK-OV-3 cell line culture at pH 6.8,SK-OV-3,,
CHEMBL73466,,C12H24O2PtS4,86000.0,,Cytotoxic activity was determined in vitro in SK-OV-3 cell line culture at pH 7.4,SK-OV-3,,
CHEMBL73466,,C12H24O2PtS4,86000.0,,Cytotoxic activity was determined in vitro in KB cell line culture at pH 6.8,KB,,
CHEMBL73466,,C12H24O2PtS4,86000.0,,Cytotoxic activity was determined in vitro in KB cell line culture at pH 7.4,KB,,
CHEMBL312519,,C20H40O2PtS4,24000.0,4.62,Cytotoxic activity was determined in vitro in MCF-7 cell line culture at pH 6.8,MCF7,,
CHEMBL312519,,C20H40O2PtS4,30000.0,4.52,Cytotoxic activity was determined in vitro in MCF-7 cell line culture at pH 7.4,MCF7,,
CHEMBL312519,,C20H40O2PtS4,76000.0,,Cytotoxic activity was determined in vitro in Calu-6 cell line culture at pH 6.8,Calu-6,,
CHEMBL312519,,C20H40O2PtS4,76000.0,,Cytotoxic activity was determined in vitro in Calu-6 cell line culture at pH 7.4,Calu-6,,
CHEMBL312519,,C20H40O2PtS4,38000.0,,Cytotoxic activity was determined in vitro in LXF-289 cell line culture at pH 6.8,LXF-289 cell line,,
CHEMBL312519,,C20H40O2PtS4,53000.0,,Cytotoxic activity was determined in vitro in LXF-289 cell line culture at pH 7.4,LXF-289 cell line,,
CHEMBL312519,,C20H40O2PtS4,76000.0,,Cytotoxic activity was determined in vitro in SK-MEL-25 cell line culture at pH 6.8,SK-MEL-25,,
CHEMBL312519,,C20H40O2PtS4,76000.0,,Cytotoxic activity was determined in vitro in SK-MEL-25 cell line culture at pH 7.4,SK-MEL-25,,
CHEMBL312519,,C20H40O2PtS4,76000.0,,Cytotoxic activity was determined in vitro in SK-OV-3 cell line culture at pH 6.8,SK-OV-3,,
CHEMBL312519,,C20H40O2PtS4,76000.0,,Cytotoxic activity was determined in vitro in SK-OV-3 cell line culture at pH 7.4,SK-OV-3,,
CHEMBL312519,,C20H40O2PtS4,76000.0,,Cytotoxic activity was determined in vitro in KB cell line culture at pH 6.8,KB,,
CHEMBL312519,,C20H40O2PtS4,76000.0,,Cytotoxic activity was determined in vitro in KB cell line culture at pH 7.4,KB,,
CHEMBL336530,,C5H14Cl2N2Pt,17000.0,4.77,Cytotoxicity against human promyelocytic leukemia cell line HL-60 (obtained by MTT assay).,HL-60,,
CHEMBL336530,,C5H14Cl2N2Pt,5000.0,5.3,Cytotoxicity against human acute T-cell leukemia cell line JURKAT (obtained by MTT assay).,Jurkat,,
CHEMBL336530,,C5H14Cl2N2Pt,32000.0,4.5,Cytotoxicity against human cervix epithelial carcinoma cell line HeLa (obtained by MTT assay).,HeLa,,
CHEMBL309353,,C14H24O2PtS4,5000.0,5.3,Cytotoxic activity was determined in vitro in MCF-7 cell line culture at pH 6.8,MCF7,,
CHEMBL309353,,C14H24O2PtS4,9000.0,5.05,Cytotoxic activity was determined in vitro in MCF-7 cell line culture at pH 7.4,MCF7,,
CHEMBL309353,,C14H24O2PtS4,3000.0,5.52,Cytotoxic activity was determined in vitro in Calu-6 cell line culture at pH 6.8,Calu-6,,
CHEMBL309353,,C14H24O2PtS4,8000.0,5.1,Cytotoxic activity was determined in vitro in Calu-6 cell line culture at pH 7.4,Calu-6,,
CHEMBL309353,,C14H24O2PtS4,6000.0,5.22,Cytotoxic activity was determined in vitro in LXF-289 cell line culture at pH 6.8,LXF-289 cell line,,
CHEMBL309353,,C14H24O2PtS4,12000.0,4.92,Cytotoxic activity was determined in vitro in LXF-289 cell line culture at pH 7.4,LXF-289 cell line,,
CHEMBL309353,,C14H24O2PtS4,3000.0,5.52,Cytotoxic activity was determined in vitro in SK-MEL-25 cell line culture at pH 6.8,SK-MEL-25,,
CHEMBL309353,,C14H24O2PtS4,8000.0,5.1,Cytotoxic activity was determined in vitro in SK-MEL-25 cell line culture at pH 7.4,SK-MEL-25,,
CHEMBL309353,,C14H24O2PtS4,9000.0,5.05,Cytotoxic activity was determined in vitro in SK-OV-3 cell line culture at pH 6.8,SK-OV-3,,
CHEMBL309353,,C14H24O2PtS4,12000.0,4.92,Cytotoxic activity was determined in vitro in SK-OV-3 cell line culture at pH 7.4,SK-OV-3,,
CHEMBL309353,,C14H24O2PtS4,6000.0,5.22,Cytotoxic activity was determined in vitro in KB cell line culture at pH 6.8,KB,,
CHEMBL309353,,C14H24O2PtS4,9000.0,5.05,Cytotoxic activity was determined in vitro in KB cell line culture at pH 7.4,KB,,
CHEMBL310027,,C24H36O2PtS4,32000.0,4.5,Cytotoxic activity was determined in vitro in MCF-7 cell line culture at pH 6.8,MCF7,,
CHEMBL310027,,C24H36O2PtS4,38000.0,,Cytotoxic activity was determined in vitro in MCF-7 cell line culture at pH 7.4,MCF7,,
CHEMBL310027,,C24H36O2PtS4,8000.0,5.1,Cytotoxic activity was determined in vitro in Calu-6 cell line culture at pH 6.8,Calu-6,,
CHEMBL310027,,C24H36O2PtS4,18000.0,4.75,Cytotoxic activity was determined in vitro in Calu-6 cell line culture at pH 7.4,Calu-6,,
CHEMBL310027,,C24H36O2PtS4,38000.0,,Cytotoxic activity was determined in vitro in LXF-289 cell line culture at pH 6.8,LXF-289 cell line,,
CHEMBL310027,,C24H36O2PtS4,38000.0,,Cytotoxic activity was determined in vitro in LXF-289 cell line culture at pH 7.4,LXF-289 cell line,,
CHEMBL310027,,C24H36O2PtS4,38000.0,,Cytotoxic activity was determined in vitro in SK-MEL-25 cell line culture at pH 6.8,SK-MEL-25,,
CHEMBL310027,,C24H36O2PtS4,38000.0,,Cytotoxic activity was determined in vitro in SK-MEL-25 cell line culture at pH 7.4,SK-MEL-25,,
CHEMBL310027,,C24H36O2PtS4,38000.0,,Cytotoxic activity was determined in vitro in SK-OV-3 cell line culture at pH 6.8,SK-OV-3,,
CHEMBL310027,,C24H36O2PtS4,38000.0,,Cytotoxic activity was determined in vitro in SK-OV-3 cell line culture at pH 7.4,SK-OV-3,,
CHEMBL310027,,C24H36O2PtS4,77000.0,,Cytotoxic activity was determined in vitro in KB cell line culture at pH 6.8,KB,,
CHEMBL310027,,C24H36O2PtS4,77000.0,,Cytotoxic activity was determined in vitro in KB cell line culture at pH 7.4,KB,,
CHEMBL75221,,C18H36O2PtS4,31000.0,4.51,Cytotoxic activity was determined in vitro in MCF-7 cell line culture at pH 6.8,MCF7,,
CHEMBL75221,,C18H36O2PtS4,31000.0,4.51,Cytotoxic activity was determined in vitro in MCF-7 cell line culture at pH 7.4,MCF7,,
CHEMBL75221,,C18H36O2PtS4,23000.0,4.64,Cytotoxic activity was determined in vitro in Calu-6 cell line culture at pH 6.8,Calu-6,,
CHEMBL75221,,C18H36O2PtS4,56000.0,4.25,Cytotoxic activity was determined in vitro in Calu-6 cell line culture at pH 7.4,Calu-6,,
CHEMBL75221,,C18H36O2PtS4,30000.0,4.52,Cytotoxic activity was determined in vitro in LXF-289 cell line culture at pH 6.8,LXF-289 cell line,,
CHEMBL75221,,C18H36O2PtS4,83000.0,4.08,Cytotoxic activity was determined in vitro in LXF-289 cell line culture at pH 7.4,LXF-289 cell line,,
CHEMBL75221,,C18H36O2PtS4,56000.0,4.25,Cytotoxic activity was determined in vitro in SK-MEL-25 cell line culture at pH 6.8,SK-MEL-25,,
CHEMBL75221,,C18H36O2PtS4,83000.0,,Cytotoxic activity was determined in vitro in SK-MEL-25 cell line culture at pH 7.4,SK-MEL-25,,
CHEMBL75221,,C18H36O2PtS4,83000.0,,Cytotoxic activity was determined in vitro in SK-OV-3 cell line culture at pH 6.8,SK-OV-3,,
CHEMBL75221,,C18H36O2PtS4,83000.0,,Cytotoxic activity was determined in vitro in SK-OV-3 cell line culture at pH 7.4,SK-OV-3,,
CHEMBL75221,,C18H36O2PtS4,83000.0,,Cytotoxic activity was determined in vitro in KB cell line culture at pH 6.8,KB,,
CHEMBL75221,,C18H36O2PtS4,83000.0,,Cytotoxic activity was determined in vitro in KB cell line culture at pH 7.4,KB,,
CHEMBL75705,,C12H24O2PtS4,5000.0,5.3,Cytotoxic activity was determined in vitro in MCF-7 cell line culture at pH 6.8,MCF7,,
CHEMBL75705,,C12H24O2PtS4,6000.0,5.22,Cytotoxic activity was determined in vitro in MCF-7 cell line culture at pH 7.4,MCF7,,
CHEMBL75705,,C12H24O2PtS4,3000.0,5.52,Cytotoxic activity was determined in vitro in Calu-6 cell line culture at pH 6.8,Calu-6,,
CHEMBL75705,,C12H24O2PtS4,5000.0,5.3,Cytotoxic activity was determined in vitro in Calu-6 cell line culture at pH 7.4,Calu-6,,
CHEMBL75705,,C12H24O2PtS4,8000.0,5.1,Cytotoxic activity was determined in vitro in LXF-289 cell line culture at pH 6.8,LXF-289 cell line,,
CHEMBL75705,,C12H24O2PtS4,10000.0,5.0,Cytotoxic activity was determined in vitro in LXF-289 cell line culture at pH 7.4,LXF-289 cell line,,
CHEMBL75705,,C12H24O2PtS4,5000.0,5.3,Cytotoxic activity was determined in vitro in SK-MEL-25 cell line culture at pH 6.8,SK-MEL-25,,
CHEMBL75705,,C12H24O2PtS4,9000.0,5.05,Cytotoxic activity was determined in vitro in SK-MEL-25 cell line culture at pH 7.4,SK-MEL-25,,
CHEMBL75705,,C12H24O2PtS4,8000.0,5.1,Cytotoxic activity was determined in vitro in SK-OV-3 cell line culture at pH 6.8,SK-OV-3,,
CHEMBL75705,,C12H24O2PtS4,5000.0,5.3,Cytotoxic activity was determined in vitro in SK-OV-3 cell line culture at pH 7.4,SK-OV-3,,
CHEMBL75705,,C12H24O2PtS4,4000.0,5.4,Cytotoxic activity was determined in vitro in KB cell line culture at pH 6.8,KB,,
CHEMBL75705,,C12H24O2PtS4,5000.0,5.3,Cytotoxic activity was determined in vitro in KB cell line culture at pH 7.4,KB,,
CHEMBL72313,,C10H20O2PtS4,27000.0,4.57,Cytotoxic activity was determined in vitro in MCF-7 cell line culture at pH 6.8,MCF7,,
CHEMBL72313,,C10H20O2PtS4,23000.0,4.64,Cytotoxic activity was determined in vitro in MCF-7 cell line culture at pH 7.4,MCF7,,
CHEMBL72313,,C10H20O2PtS4,9000.0,5.05,Cytotoxic activity was determined in vitro in Calu-6 cell line culture at pH 6.8,Calu-6,,
CHEMBL72313,,C10H20O2PtS4,10000.0,5.0,Cytotoxic activity was determined in vitro in Calu-6 cell line culture at pH 7.4,Calu-6,,
CHEMBL72313,,C10H20O2PtS4,19000.0,4.72,Cytotoxic activity was determined in vitro in LXF-289 cell line culture at pH 6.8,LXF-289 cell line,,
CHEMBL72313,,C10H20O2PtS4,37000.0,4.43,Cytotoxic activity was determined in vitro in LXF-289 cell line culture at pH 7.4,LXF-289 cell line,,
CHEMBL72313,,C10H20O2PtS4,15000.0,4.82,Cytotoxic activity was determined in vitro in SK-MEL-25 cell line culture at pH 6.8,SK-MEL-25,,
CHEMBL72313,,C10H20O2PtS4,21000.0,4.68,Cytotoxic activity was determined in vitro in SK-MEL-25 cell line culture at pH 7.4,SK-MEL-25,,
CHEMBL72313,,C10H20O2PtS4,32000.0,4.5,Cytotoxic activity was determined in vitro in SK-OV-3 cell line culture at pH 6.8,SK-OV-3,,
CHEMBL72313,,C10H20O2PtS4,61000.0,4.21,Cytotoxic activity was determined in vitro in SK-OV-3 cell line culture at pH 7.4,SK-OV-3,,
CHEMBL72313,,C10H20O2PtS4,30000.0,4.52,Cytotoxic activity was determined in vitro in KB cell line culture at pH 6.8,KB,,
CHEMBL72313,,C10H20O2PtS4,47000.0,4.33,Cytotoxic activity was determined in vitro in KB cell line culture at pH 7.4,KB,,
CHEMBL2146200,,C6H18Cl2N2Pt,30000.0,4.52,Cytotoxicity against human promyelocytic leukemia cell line HL-60 (obtained by MTT assay).,HL-60,,
CHEMBL2146200,,C6H18Cl2N2Pt,9000.0,5.05,Cytotoxicity against human acute T-cell leukemia cell line JURKAT (obtained by MTT assay).,Jurkat,,
CHEMBL2146200,,C6H18Cl2N2Pt,65000.0,4.19,Cytotoxicity against human cervix epithelial carcinoma cell line HeLa (obtained by MTT assay).,HeLa,,
CHEMBL11359,,H6Cl2N2Pt+2,108000.0,,Cytotoxic activity was determined in vitro in MCF-7 cell line culture at pH 6.8,MCF7,,
CHEMBL11359,,H6Cl2N2Pt+2,160000.0,,Cytotoxic activity was determined in vitro in MCF-7 cell line culture at pH 7.4,MCF7,,
CHEMBL11359,,H6Cl2N2Pt+2,16000.0,4.8,Cytotoxic activity was determined in vitro in Calu-6 cell line culture at pH 6.8,Calu-6,,
CHEMBL11359,,H6Cl2N2Pt+2,25000.0,4.6,Cytotoxic activity was determined in vitro in Calu-6 cell line culture at pH 7.4,Calu-6,,
CHEMBL11359,,H6Cl2N2Pt+2,113000.0,,Cytotoxic activity was determined in vitro in LXF-289 cell line culture at pH 6.8,LXF-289 cell line,,
CHEMBL11359,,H6Cl2N2Pt+2,83000.0,4.08,Cytotoxic activity was determined in vitro in LXF-289 cell line culture at pH 7.4,LXF-289 cell line,,
CHEMBL11359,,H6Cl2N2Pt+2,78000.0,4.11,Cytotoxic activity was determined in vitro in SK-MEL-25 cell line culture at pH 6.8,SK-MEL-25,,
CHEMBL11359,,H6Cl2N2Pt+2,90000.0,4.05,Cytotoxic activity was determined in vitro in SK-MEL-25 cell line culture at pH 7.4,SK-MEL-25,,
CHEMBL11359,,H6Cl2N2Pt+2,64000.0,4.19,Cytotoxic activity was determined in vitro in SK-OV-3 cell line culture at pH 6.8,SK-OV-3,,
CHEMBL11359,,H6Cl2N2Pt+2,90000.0,4.05,Cytotoxic activity was determined in vitro in SK-OV-3 cell line culture at pH 7.4,SK-OV-3,,
CHEMBL11359,,H6Cl2N2Pt+2,55000.0,4.26,Cytotoxic activity was determined in vitro in KB cell line culture at pH 6.8,KB,,
CHEMBL11359,,H6Cl2N2Pt+2,52000.0,4.28,Cytotoxic activity was determined in vitro in KB cell line culture at pH 7.4,KB,,
CHEMBL1386,,H6Cl2N2Pt,50000.0,4.3,Cytotoxicity against human promyelocytic leukemia cell line HL-60 (obtained by MTT assay).,HL-60,,
CHEMBL1386,,H6Cl2N2Pt,22000.0,4.66,Cytotoxicity against human acute T-cell leukemia cell line JURKAT (obtained by MTT assay).,Jurkat,,
CHEMBL1386,,H6Cl2N2Pt,89000.0,4.05,Cytotoxicity against human cervix epithelial carcinoma cell line HeLa (obtained by MTT assay).,HeLa,,
CHEMBL72317,,C10H16O2PtS4,95000.0,4.02,Cytotoxic activity was determined in vitro in MCF-7 cell line culture at pH 6.8,MCF7,,
CHEMBL72317,,C10H16O2PtS4,90000.0,4.05,Cytotoxic activity was determined in vitro in MCF-7 cell line culture at pH 7.4,MCF7,,
CHEMBL72317,,C10H16O2PtS4,17000.0,4.77,Cytotoxic activity was determined in vitro in Calu-6 cell line culture at pH 6.8,Calu-6,,
CHEMBL72317,,C10H16O2PtS4,33000.0,4.48,Cytotoxic activity was determined in vitro in Calu-6 cell line culture at pH 7.4,Calu-6,,
CHEMBL72317,,C10H16O2PtS4,102000.0,,Cytotoxic activity was determined in vitro in LXF-289 cell line culture at pH 6.8,LXF-289 cell line,,
CHEMBL72317,,C10H16O2PtS4,102000.0,,Cytotoxic activity was determined in vitro in LXF-289 cell line culture at pH 7.4,LXF-289 cell line,,
CHEMBL72317,,C10H16O2PtS4,64000.0,4.19,Cytotoxic activity was determined in vitro in SK-MEL-25 cell line culture at pH 6.8,SK-MEL-25,,
CHEMBL72317,,C10H16O2PtS4,85000.0,4.07,Cytotoxic activity was determined in vitro in SK-MEL-25 cell line culture at pH 7.4,SK-MEL-25,,
CHEMBL72317,,C10H16O2PtS4,95000.0,4.02,Cytotoxic activity was determined in vitro in SK-OV-3 cell line culture at pH 6.8,SK-OV-3,,
CHEMBL72317,,C10H16O2PtS4,67000.0,4.17,Cytotoxic activity was determined in vitro in SK-OV-3 cell line culture at pH 7.4,SK-OV-3,,
CHEMBL72317,,C10H16O2PtS4,33000.0,4.48,Cytotoxic activity was determined in vitro in KB cell line culture at pH 6.8,KB,,
CHEMBL72317,,C10H16O2PtS4,72000.0,4.14,Cytotoxic activity was determined in vitro in KB cell line culture at pH 7.4,KB,,
CHEMBL419256,,C8H16O2PtS4,3000.0,5.52,Cytotoxic activity was determined in vitro in MCF-7 cell line culture at pH 6.8,MCF7,,
CHEMBL419256,,C8H16O2PtS4,7000.0,5.16,Cytotoxic activity was determined in vitro in MCF-7 cell line culture at pH 7.4,MCF7,,
CHEMBL419256,,C8H16O2PtS4,6000.0,5.22,Cytotoxic activity was determined in vitro in Calu-6 cell line culture at pH 6.8,Calu-6,,
CHEMBL419256,,C8H16O2PtS4,10000.0,5.0,Cytotoxic activity was determined in vitro in Calu-6 cell line culture at pH 7.4,Calu-6,,
CHEMBL419256,,C8H16O2PtS4,10000.0,5.0,Cytotoxic activity was determined in vitro in LXF-289 cell line culture at pH 6.8,LXF-289 cell line,,
CHEMBL419256,,C8H16O2PtS4,30000.0,4.52,Cytotoxic activity was determined in vitro in LXF-289 cell line culture at pH 7.4,LXF-289 cell line,,
CHEMBL419256,,C8H16O2PtS4,6000.0,5.22,Cytotoxic activity was determined in vitro in SK-MEL-25 cell line culture at pH 6.8,SK-MEL-25,,
CHEMBL419256,,C8H16O2PtS4,12000.0,4.92,Cytotoxic activity was determined in vitro in SK-MEL-25 cell line culture at pH 7.4,SK-MEL-25,,
CHEMBL419256,,C8H16O2PtS4,14000.0,4.85,Cytotoxic activity was determined in vitro in SK-OV-3 cell line culture at pH 6.8,SK-OV-3,,
CHEMBL419256,,C8H16O2PtS4,33000.0,4.48,Cytotoxic activity was determined in vitro in SK-OV-3 cell line culture at pH 7.4,SK-OV-3,,
CHEMBL419256,,C8H16O2PtS4,6000.0,5.22,Cytotoxic activity was determined in vitro in KB cell line culture at pH 6.8,KB,,
CHEMBL419256,,C8H16O2PtS4,10000.0,5.0,Cytotoxic activity was determined in vitro in KB cell line culture at pH 7.4,KB,,
CHEMBL72640,,C12H20O2PtS4,5000.0,5.3,Cytotoxic activity was determined in vitro in MCF-7 cell line culture at pH 6.8,MCF7,,
CHEMBL72640,,C12H20O2PtS4,10000.0,5.0,Cytotoxic activity was determined in vitro in MCF-7 cell line culture at pH 7.4,MCF7,,
CHEMBL72640,,C12H20O2PtS4,3000.0,5.52,Cytotoxic activity was determined in vitro in Calu-6 cell line culture at pH 6.8,Calu-6,,
CHEMBL72640,,C12H20O2PtS4,5000.0,5.3,Cytotoxic activity was determined in vitro in Calu-6 cell line culture at pH 7.4,Calu-6,,
CHEMBL72640,,C12H20O2PtS4,37000.0,4.43,Cytotoxic activity was determined in vitro in LXF-289 cell line culture at pH 6.8,LXF-289 cell line,,
CHEMBL72640,,C12H20O2PtS4,38000.0,4.42,Cytotoxic activity was determined in vitro in LXF-289 cell line culture at pH 7.4,LXF-289 cell line,,
CHEMBL72640,,C12H20O2PtS4,5000.0,5.3,Cytotoxic activity was determined in vitro in SK-MEL-25 cell line culture at pH 6.8,SK-MEL-25,,
CHEMBL72640,,C12H20O2PtS4,9000.0,5.05,Cytotoxic activity was determined in vitro in SK-MEL-25 cell line culture at pH 7.4,SK-MEL-25,,
CHEMBL72640,,C12H20O2PtS4,17000.0,4.77,Cytotoxic activity was determined in vitro in SK-OV-3 cell line culture at pH 6.8,SK-OV-3,,
CHEMBL72640,,C12H20O2PtS4,26000.0,4.58,Cytotoxic activity was determined in vitro in SK-OV-3 cell line culture at pH 7.4,SK-OV-3,,
CHEMBL72640,,C12H20O2PtS4,14000.0,4.85,Cytotoxic activity was determined in vitro in KB cell line culture at pH 6.8,KB,,
CHEMBL72640,,C12H20O2PtS4,24000.0,4.62,Cytotoxic activity was determined in vitro in KB cell line culture at pH 7.4,KB,,
CHEMBL447841,,C12H24O2PtS4,23000.0,4.64,Cytotoxic activity was determined in vitro in MCF-7 cell line culture at pH 6.8,MCF7,,
CHEMBL447841,,C12H24O2PtS4,40000.0,4.4,Cytotoxic activity was determined in vitro in MCF-7 cell line culture at pH 7.4,MCF7,,
CHEMBL447841,,C12H24O2PtS4,6000.0,5.22,Cytotoxic activity was determined in vitro in Calu-6 cell line culture at pH 6.8,Calu-6,,
CHEMBL447841,,C12H24O2PtS4,21000.0,4.68,Cytotoxic activity was determined in vitro in Calu-6 cell line culture at pH 7.4,Calu-6,,
CHEMBL447841,,C12H24O2PtS4,23000.0,4.64,Cytotoxic activity was determined in vitro in LXF-289 cell line culture at pH 6.8,LXF-289 cell line,,
CHEMBL447841,,C12H24O2PtS4,71000.0,4.15,Cytotoxic activity was determined in vitro in LXF-289 cell line culture at pH 7.4,LXF-289 cell line,,
CHEMBL447841,,C12H24O2PtS4,20000.0,4.7,Cytotoxic activity was determined in vitro in SK-MEL-25 cell line culture at pH 6.8,SK-MEL-25,,
CHEMBL447841,,C12H24O2PtS4,35000.0,4.46,Cytotoxic activity was determined in vitro in SK-MEL-25 cell line culture at pH 7.4,SK-MEL-25,,
CHEMBL447841,,C12H24O2PtS4,24000.0,4.62,Cytotoxic activity was determined in vitro in SK-OV-3 cell line culture at pH 6.8,SK-OV-3,,
CHEMBL447841,,C12H24O2PtS4,21000.0,4.68,Cytotoxic activity was determined in vitro in SK-OV-3 cell line culture at pH 7.4,SK-OV-3,,
CHEMBL447841,,C12H24O2PtS4,35000.0,4.46,Cytotoxic activity was determined in vitro in KB cell line culture at pH 6.8,KB,,
CHEMBL447841,,C12H24O2PtS4,19000.0,4.72,Cytotoxic activity was determined in vitro in KB cell line culture at pH 7.4,KB,,
CHEMBL72641,,C10H16O2PtS4,11000.0,4.96,Cytotoxic activity was determined in vitro in MCF-7 cell line culture at pH 6.8,MCF7,,
CHEMBL72641,,C10H16O2PtS4,21000.0,4.68,Cytotoxic activity was determined in vitro in MCF-7 cell line culture at pH 7.4,MCF7,,
CHEMBL72641,,C10H16O2PtS4,3000.0,5.52,Cytotoxic activity was determined in vitro in Calu-6 cell line culture at pH 6.8,Calu-6,,
CHEMBL72641,,C10H16O2PtS4,7000.0,5.16,Cytotoxic activity was determined in vitro in Calu-6 cell line culture at pH 7.4,Calu-6,,
CHEMBL72641,,C10H16O2PtS4,37000.0,4.43,Cytotoxic activity was determined in vitro in LXF-289 cell line culture at pH 6.8,LXF-289 cell line,,
CHEMBL72641,,C10H16O2PtS4,44000.0,4.36,Cytotoxic activity was determined in vitro in LXF-289 cell line culture at pH 7.4,LXF-289 cell line,,
CHEMBL72641,,C10H16O2PtS4,7000.0,5.16,Cytotoxic activity was determined in vitro in SK-MEL-25 cell line culture at pH 6.8,SK-MEL-25,,
CHEMBL72641,,C10H16O2PtS4,12000.0,4.92,Cytotoxic activity was determined in vitro in SK-MEL-25 cell line culture at pH 7.4,SK-MEL-25,,
CHEMBL72641,,C10H16O2PtS4,17000.0,4.77,Cytotoxic activity was determined in vitro in SK-OV-3 cell line culture at pH 6.8,SK-OV-3,,
CHEMBL72641,,C10H16O2PtS4,19000.0,4.72,Cytotoxic activity was determined in vitro in SK-OV-3 cell line culture at pH 7.4,SK-OV-3,,
CHEMBL72641,,C10H16O2PtS4,6000.0,5.22,Cytotoxic activity was determined in vitro in KB cell line culture at pH 6.8,KB,,
CHEMBL72641,,C10H16O2PtS4,20000.0,4.7,Cytotoxic activity was determined in vitro in KB cell line culture at pH 7.4,KB,,
CHEMBL73585,,C12H24O2PtS4,10000.0,5.0,Cytotoxic activity was determined in vitro in MCF-7 cell line culture at pH 6.8,MCF7,,
CHEMBL73585,,C12H24O2PtS4,34000.0,4.47,Cytotoxic activity was determined in vitro in MCF-7 cell line culture at pH 7.4,MCF7,,
CHEMBL73585,,C12H24O2PtS4,9000.0,5.05,Cytotoxic activity was determined in vitro in Calu-6 cell line culture at pH 6.8,Calu-6,,
CHEMBL73585,,C12H24O2PtS4,15000.0,4.82,Cytotoxic activity was determined in vitro in Calu-6 cell line culture at pH 7.4,Calu-6,,
CHEMBL73585,,C12H24O2PtS4,38000.0,4.42,Cytotoxic activity was determined in vitro in LXF-289 cell line culture at pH 6.8,LXF-289 cell line,,
CHEMBL73585,,C12H24O2PtS4,62000.0,4.21,Cytotoxic activity was determined in vitro in LXF-289 cell line culture at pH 7.4,LXF-289 cell line,,
CHEMBL73585,,C12H24O2PtS4,19000.0,4.72,Cytotoxic activity was determined in vitro in SK-MEL-25 cell line culture at pH 6.8,SK-MEL-25,,
CHEMBL73585,,C12H24O2PtS4,32000.0,4.5,Cytotoxic activity was determined in vitro in SK-MEL-25 cell line culture at pH 7.4,SK-MEL-25,,
CHEMBL73585,,C12H24O2PtS4,31000.0,4.51,Cytotoxic activity was determined in vitro in SK-OV-3 cell line culture at pH 6.8,SK-OV-3,,
CHEMBL73585,,C12H24O2PtS4,66000.0,4.18,Cytotoxic activity was determined in vitro in SK-OV-3 cell line culture at pH 7.4,SK-OV-3,,
CHEMBL73585,,C12H24O2PtS4,16000.0,4.8,Cytotoxic activity was determined in vitro in KB cell line culture at pH 6.8,KB,,
CHEMBL73585,,C12H24O2PtS4,25000.0,4.6,Cytotoxic activity was determined in vitro in KB cell line culture at pH 7.4,KB,,
CHEMBL73617,,C4H8O2PtS4,7000.0,5.16,Cytotoxic activity was determined in vitro in MCF-7 cell line culture at pH 6.8,MCF7,,
CHEMBL73617,,C4H8O2PtS4,19000.0,4.72,Cytotoxic activity was determined in vitro in MCF-7 cell line culture at pH 7.4,MCF7,,
CHEMBL73617,,C4H8O2PtS4,11000.0,4.96,Cytotoxic activity was determined in vitro in Calu-6 cell line culture at pH 6.8,Calu-6,,
CHEMBL73617,,C4H8O2PtS4,21000.0,4.68,Cytotoxic activity was determined in vitro in Calu-6 cell line culture at pH 7.4,Calu-6,,
CHEMBL73617,,C4H8O2PtS4,39000.0,4.41,Cytotoxic activity was determined in vitro in LXF-289 cell line culture at pH 6.8,LXF-289 cell line,,
CHEMBL73617,,C4H8O2PtS4,102000.0,,Cytotoxic activity was determined in vitro in LXF-289 cell line culture at pH 7.4,LXF-289 cell line,,
CHEMBL73617,,C4H8O2PtS4,14000.0,4.85,Cytotoxic activity was determined in vitro in SK-MEL-25 cell line culture at pH 6.8,SK-MEL-25,,
CHEMBL73617,,C4H8O2PtS4,80000.0,4.1,Cytotoxic activity was determined in vitro in SK-MEL-25 cell line culture at pH 7.4,SK-MEL-25,,
CHEMBL73617,,C4H8O2PtS4,26000.0,4.58,Cytotoxic activity was determined in vitro in SK-OV-3 cell line culture at pH 6.8,SK-OV-3,,
CHEMBL73617,,C4H8O2PtS4,47000.0,4.33,Cytotoxic activity was determined in vitro in SK-OV-3 cell line culture at pH 7.4,SK-OV-3,,
CHEMBL73617,,C4H8O2PtS4,20000.0,4.7,Cytotoxic activity was determined in vitro in KB cell line culture at pH 6.8,KB,,
CHEMBL73617,,C4H8O2PtS4,49000.0,4.31,Cytotoxic activity was determined in vitro in KB cell line culture at pH 7.4,KB,,
CHEMBL72816,,C24H32O2PtS4,50000.0,,Cytotoxic activity was determined in vitro in MCF-7 cell line culture at pH 6.8,MCF7,,
CHEMBL72816,,C24H32O2PtS4,50000.0,,Cytotoxic activity was determined in vitro in MCF-7 cell line culture at pH 7.4,MCF7,,
CHEMBL72816,,C24H32O2PtS4,10000.0,5.0,Cytotoxic activity was determined in vitro in Calu-6 cell line culture at pH 6.8,Calu-6,,
CHEMBL72816,,C24H32O2PtS4,17000.0,4.77,Cytotoxic activity was determined in vitro in Calu-6 cell line culture at pH 7.4,Calu-6,,
CHEMBL72816,,C24H32O2PtS4,50000.0,,Cytotoxic activity was determined in vitro in LXF-289 cell line culture at pH 6.8,LXF-289 cell line,,
CHEMBL72816,,C24H32O2PtS4,50000.0,,Cytotoxic activity was determined in vitro in LXF-289 cell line culture at pH 7.4,LXF-289 cell line,,
CHEMBL72816,,C24H32O2PtS4,50000.0,,Cytotoxic activity was determined in vitro in SK-MEL-25 cell line culture at pH 6.8,SK-MEL-25,,
CHEMBL72816,,C24H32O2PtS4,50000.0,,Cytotoxic activity was determined in vitro in SK-MEL-25 cell line culture at pH 7.4,SK-MEL-25,,
CHEMBL72816,,C24H32O2PtS4,50000.0,,Cytotoxic activity was determined in vitro in SK-OV-3 cell line culture at pH 6.8,SK-OV-3,,
CHEMBL72816,,C24H32O2PtS4,50000.0,,Cytotoxic activity was determined in vitro in SK-OV-3 cell line culture at pH 7.4,SK-OV-3,,
CHEMBL72816,,C24H32O2PtS4,50000.0,,Cytotoxic activity was determined in vitro in KB cell line culture at pH 6.8,KB,,
CHEMBL72816,,C24H32O2PtS4,50000.0,,Cytotoxic activity was determined in vitro in KB cell line culture at pH 7.4,KB,,
CHEMBL2146194,,C7H20Cl2N2Pt,18000.0,4.75,Cytotoxicity against human promyelocytic leukemia cell line HL-60 (obtained by MTT assay).,HL-60,,
CHEMBL2146194,,C7H20Cl2N2Pt,7000.0,5.16,Cytotoxicity against human acute T-cell leukemia cell line JURKAT (obtained by MTT assay).,Jurkat,,
CHEMBL2146194,,C7H20Cl2N2Pt,35000.0,4.46,Cytotoxicity against human cervix epithelial carcinoma cell line HeLa (obtained by MTT assay).,HeLa,,
CHEMBL72647,,C12H24O2PtS4,19000.0,4.72,Cytotoxic activity was determined in vitro in MCF-7 cell line culture at pH 6.8,MCF7,,
CHEMBL72647,,C12H24O2PtS4,27000.0,4.57,Cytotoxic activity was determined in vitro in MCF-7 cell line culture at pH 7.4,MCF7,,
CHEMBL72647,,C12H24O2PtS4,9000.0,5.05,Cytotoxic activity was determined in vitro in Calu-6 cell line culture at pH 6.8,Calu-6,,
CHEMBL72647,,C12H24O2PtS4,19000.0,4.72,Cytotoxic activity was determined in vitro in Calu-6 cell line culture at pH 7.4,Calu-6,,
CHEMBL72647,,C12H24O2PtS4,19000.0,4.72,Cytotoxic activity was determined in vitro in LXF-289 cell line culture at pH 6.8,LXF-289 cell line,,
CHEMBL72647,,C12H24O2PtS4,44000.0,4.36,Cytotoxic activity was determined in vitro in LXF-289 cell line culture at pH 7.4,LXF-289 cell line,,
CHEMBL72647,,C12H24O2PtS4,17000.0,4.77,Cytotoxic activity was determined in vitro in SK-MEL-25 cell line culture at pH 6.8,SK-MEL-25,,
CHEMBL72647,,C12H24O2PtS4,32000.0,4.5,Cytotoxic activity was determined in vitro in SK-MEL-25 cell line culture at pH 7.4,SK-MEL-25,,
CHEMBL72647,,C12H24O2PtS4,23000.0,4.64,Cytotoxic activity was determined in vitro in SK-OV-3 cell line culture at pH 6.8,SK-OV-3,,
CHEMBL72647,,C12H24O2PtS4,35000.0,4.46,Cytotoxic activity was determined in vitro in SK-OV-3 cell line culture at pH 7.4,SK-OV-3,,
CHEMBL72647,,C12H24O2PtS4,31000.0,4.51,Cytotoxic activity was determined in vitro in KB cell line culture at pH 6.8,KB,,
CHEMBL72647,,C12H24O2PtS4,39000.0,4.41,Cytotoxic activity was determined in vitro in KB cell line culture at pH 7.4,KB,,
CHEMBL413296,,C14H28O2PtS4,7000.0,5.16,Cytotoxic activity was determined in vitro in MCF-7 cell line culture at pH 6.8,MCF7,,
CHEMBL413296,,C14H28O2PtS4,9000.0,5.05,Cytotoxic activity was determined in vitro in MCF-7 cell line culture at pH 7.4,MCF7,,
CHEMBL413296,,C14H28O2PtS4,9000.0,5.05,Cytotoxic activity was determined in vitro in Calu-6 cell line culture at pH 6.8,Calu-6,,
CHEMBL413296,,C14H28O2PtS4,9000.0,5.05,Cytotoxic activity was determined in vitro in Calu-6 cell line culture at pH 7.4,Calu-6,,
CHEMBL413296,,C14H28O2PtS4,15000.0,4.82,Cytotoxic activity was determined in vitro in LXF-289 cell line culture at pH 6.8,LXF-289 cell line,,
CHEMBL413296,,C14H28O2PtS4,18000.0,4.75,Cytotoxic activity was determined in vitro in LXF-289 cell line culture at pH 7.4,LXF-289 cell line,,
CHEMBL413296,,C14H28O2PtS4,10000.0,5.0,Cytotoxic activity was determined in vitro in SK-MEL-25 cell line culture at pH 6.8,SK-MEL-25,,
CHEMBL413296,,C14H28O2PtS4,11000.0,4.96,Cytotoxic activity was determined in vitro in SK-MEL-25 cell line culture at pH 7.4,SK-MEL-25,,
CHEMBL413296,,C14H28O2PtS4,18000.0,4.75,Cytotoxic activity was determined in vitro in SK-OV-3 cell line culture at pH 6.8,SK-OV-3,,
CHEMBL413296,,C14H28O2PtS4,34000.0,4.47,Cytotoxic activity was determined in vitro in SK-OV-3 cell line culture at pH 7.4,SK-OV-3,,
CHEMBL413296,,C14H28O2PtS4,5000.0,5.3,Cytotoxic activity was determined in vitro in KB cell line culture at pH 6.8,KB,,
CHEMBL413296,,C14H28O2PtS4,7000.0,5.16,Cytotoxic activity was determined in vitro in KB cell line culture at pH 7.4,KB,,
CHEMBL72018,,C8H16O2PtS4,4000.0,5.4,Cytotoxic activity was determined in vitro in MCF-7 cell line culture at pH 6.8,MCF7,,
CHEMBL72018,,C8H16O2PtS4,9000.0,5.05,Cytotoxic activity was determined in vitro in MCF-7 cell line culture at pH 7.4,MCF7,,
CHEMBL72018,,C8H16O2PtS4,7000.0,5.16,Cytotoxic activity was determined in vitro in Calu-6 cell line culture at pH 6.8,Calu-6,,
CHEMBL72018,,C8H16O2PtS4,21000.0,4.68,Cytotoxic activity was determined in vitro in Calu-6 cell line culture at pH 7.4,Calu-6,,
CHEMBL72018,,C8H16O2PtS4,37000.0,4.43,Cytotoxic activity was determined in vitro in LXF-289 cell line culture at pH 6.8,LXF-289 cell line,,
CHEMBL72018,,C8H16O2PtS4,49000.0,4.31,Cytotoxic activity was determined in vitro in LXF-289 cell line culture at pH 7.4,LXF-289 cell line,,
CHEMBL72018,,C8H16O2PtS4,10000.0,5.0,Cytotoxic activity was determined in vitro in SK-MEL-25 cell line culture at pH 6.8,SK-MEL-25,,
CHEMBL72018,,C8H16O2PtS4,21000.0,4.68,Cytotoxic activity was determined in vitro in SK-MEL-25 cell line culture at pH 7.4,SK-MEL-25,,
CHEMBL72018,,C8H16O2PtS4,45000.0,4.35,Cytotoxic activity was determined in vitro in SK-OV-3 cell line culture at pH 6.8,SK-OV-3,,
CHEMBL72018,,C8H16O2PtS4,50000.0,4.3,Cytotoxic activity was determined in vitro in SK-OV-3 cell line culture at pH 7.4,SK-OV-3,,
CHEMBL72018,,C8H16O2PtS4,12000.0,4.92,Cytotoxic activity was determined in vitro in KB cell line culture at pH 6.8,KB,,
CHEMBL72018,,C8H16O2PtS4,38000.0,4.42,Cytotoxic activity was determined in vitro in KB cell line culture at pH 7.4,KB,,
CHEMBL308963,,C10H20O2PtS4,7000.0,5.16,Cytotoxic activity was determined in vitro in MCF-7 cell line culture at pH 6.8,MCF7,,
CHEMBL308963,,C10H20O2PtS4,25000.0,4.6,Cytotoxic activity was determined in vitro in MCF-7 cell line culture at pH 7.4,MCF7,,
CHEMBL308963,,C10H20O2PtS4,7000.0,5.16,Cytotoxic activity was determined in vitro in Calu-6 cell line culture at pH 6.8,Calu-6,,
CHEMBL308963,,C10H20O2PtS4,19000.0,4.72,Cytotoxic activity was determined in vitro in Calu-6 cell line culture at pH 7.4,Calu-6,,
CHEMBL308963,,C10H20O2PtS4,24000.0,4.62,Cytotoxic activity was determined in vitro in LXF-289 cell line culture at pH 6.8,LXF-289 cell line,,
CHEMBL308963,,C10H20O2PtS4,39000.0,4.41,Cytotoxic activity was determined in vitro in LXF-289 cell line culture at pH 7.4,LXF-289 cell line,,
CHEMBL308963,,C10H20O2PtS4,10000.0,5.0,Cytotoxic activity was determined in vitro in SK-MEL-25 cell line culture at pH 6.8,SK-MEL-25,,
CHEMBL308963,,C10H20O2PtS4,22000.0,4.66,Cytotoxic activity was determined in vitro in SK-MEL-25 cell line culture at pH 7.4,SK-MEL-25,,
CHEMBL308963,,C10H20O2PtS4,33000.0,4.48,Cytotoxic activity was determined in vitro in SK-OV-3 cell line culture at pH 6.8,SK-OV-3,,
CHEMBL308963,,C10H20O2PtS4,90000.0,4.05,Cytotoxic activity was determined in vitro in SK-OV-3 cell line culture at pH 7.4,SK-OV-3,,
CHEMBL308963,,C10H20O2PtS4,16000.0,4.8,Cytotoxic activity was determined in vitro in KB cell line culture at pH 6.8,KB,,
CHEMBL308963,,C10H20O2PtS4,32000.0,4.5,Cytotoxic activity was determined in vitro in KB cell line culture at pH 7.4,KB,,
CHEMBL11359,,H6Cl2N2Pt+2,25000.0,4.6,Cytotoxicity against human promyelocytic leukemia cell line HL-60 (obtained by MTT assay).,HL-60,,
CHEMBL11359,,H6Cl2N2Pt+2,7000.0,5.16,Cytotoxicity against human acute T-cell leukemia cell line JURKAT (obtained by MTT assay).,Jurkat,,
CHEMBL11359,,H6Cl2N2Pt+2,38000.0,4.42,Cytotoxicity against human cervix epithelial carcinoma cell line HeLa (obtained by MTT assay).,HeLa,,
CHEMBL72867,,C6H12O2PtS4,12000.0,4.92,Cytotoxic activity was determined in vitro in MCF-7 cell line culture at pH 6.8,MCF7,,
CHEMBL72867,,C6H12O2PtS4,47000.0,4.33,Cytotoxic activity was determined in vitro in MCF-7 cell line culture at pH 7.4,MCF7,,
CHEMBL72867,,C6H12O2PtS4,21000.0,4.68,Cytotoxic activity was determined in vitro in Calu-6 cell line culture at pH 6.8,Calu-6,,
CHEMBL72867,,C6H12O2PtS4,24000.0,4.62,Cytotoxic activity was determined in vitro in Calu-6 cell line culture at pH 7.4,Calu-6,,
CHEMBL72867,,C6H12O2PtS4,45000.0,4.35,Cytotoxic activity was determined in vitro in LXF-289 cell line culture at pH 6.8,LXF-289 cell line,,
CHEMBL72867,,C6H12O2PtS4,91000.0,4.04,Cytotoxic activity was determined in vitro in LXF-289 cell line culture at pH 7.4,LXF-289 cell line,,
CHEMBL72867,,C6H12O2PtS4,21000.0,4.68,Cytotoxic activity was determined in vitro in SK-MEL-25 cell line culture at pH 6.8,SK-MEL-25,,
CHEMBL72867,,C6H12O2PtS4,56000.0,4.25,Cytotoxic activity was determined in vitro in SK-MEL-25 cell line culture at pH 7.4,SK-MEL-25,,
CHEMBL72867,,C6H12O2PtS4,86000.0,4.07,Cytotoxic activity was determined in vitro in SK-OV-3 cell line culture at pH 6.8,SK-OV-3,,
CHEMBL72867,,C6H12O2PtS4,98000.0,4.01,Cytotoxic activity was determined in vitro in SK-OV-3 cell line culture at pH 7.4,SK-OV-3,,
CHEMBL72867,,C6H12O2PtS4,18000.0,4.75,Cytotoxic activity was determined in vitro in KB cell line culture at pH 6.8,KB,,
CHEMBL72867,,C6H12O2PtS4,58000.0,4.24,Cytotoxic activity was determined in vitro in KB cell line culture at pH 7.4,KB,,
CHEMBL2146193,,C6H18Cl2N2Pt,20000.0,4.7,Cytotoxicity against human promyelocytic leukemia cell line HL-60 (obtained by MTT assay).,HL-60,,
CHEMBL2146193,,C6H18Cl2N2Pt,5000.0,5.3,Cytotoxicity against human acute T-cell leukemia cell line JURKAT (obtained by MTT assay).,Jurkat,,
CHEMBL2146193,,C6H18Cl2N2Pt,43000.0,4.37,Cytotoxicity against human cervix epithelial carcinoma cell line HeLa (obtained by MTT assay).,HeLa,,
CHEMBL608257,,C10H10F6IOsP,196000.0,,Antiproliferative effect against human U937 histiocytic lymphoma cells,U-937,,
CHEMBL608257,,C10H10F6IOsP,75000.0,4.12,Antiproliferative effect against human HL60 promyelocytic leukemia cells,HL-60,,
CHEMBL608257,,C10H10F6IOsP,79000.0,4.1,Antiproliferative effect against human Daudi Burkitt lymphoma cells,Daudi,,
CHEMBL608257,,C10H10F6IOsP,200000.0,,Antiproliferative effect against human COLO 320 colon adenocarcinoma cells,COLO 320,,
CHEMBL11359,,H6Cl2N2Pt+2,3.5,8.46,Antiproliferative activity in HeLa cells of Human cervix carcinoma,HeLa,,
CHEMBL611195,,C10H10BF4Os,148000.0,,Antiproliferative effect against human U937 histiocytic lymphoma cells,U-937,,
CHEMBL611195,,C10H10BF4Os,90000.0,4.05,Antiproliferative effect against human HL60 promyelocytic leukemia cells,HL-60,,
CHEMBL611195,,C10H10BF4Os,53000.0,4.28,Antiproliferative effect against human Daudi Burkitt lymphoma cells,Daudi,,
CHEMBL611195,,C10H10BF4Os,180000.0,,Antiproliferative effect against human COLO 320 colon adenocarcinoma cells,COLO 320,,
CHEMBL11359,,H6Cl2N2Pt+2,5200.0,5.28,Antiproliferative effect against human U937 histiocytic lymphoma cells,U-937,,
CHEMBL11359,,H6Cl2N2Pt+2,4300.0,5.37,Antiproliferative effect against human HL60 promyelocytic leukemia cells,HL-60,,
CHEMBL11359,,H6Cl2N2Pt+2,1700.0,5.77,Antiproliferative effect against human Daudi Burkitt lymphoma cells,Daudi,,
CHEMBL11359,,H6Cl2N2Pt+2,6600.0,5.18,Antiproliferative effect against human COLO 320 colon adenocarcinoma cells,COLO 320,,
CHEMBL611193,,C10H10ClF6OsP,14800.0,4.83,Antiproliferative effect against human U937 histiocytic lymphoma cells,U-937,,
CHEMBL611193,,C10H10ClF6OsP,11200.0,4.95,Antiproliferative effect against human HL60 promyelocytic leukemia cells,HL-60,,
CHEMBL611193,,C10H10ClF6OsP,7900.0,5.1,Antiproliferative effect against human Daudi Burkitt lymphoma cells,Daudi,,
CHEMBL611193,,C10H10ClF6OsP,14600.0,4.84,Antiproliferative effect against human COLO 320 colon adenocarcinoma cells,COLO 320,,
CHEMBL611191,,C10H10BrF6OsP,60000.0,4.22,Antiproliferative effect against human U937 histiocytic lymphoma cells,U-937,,
CHEMBL611191,,C10H10BrF6OsP,52000.0,4.28,Antiproliferative effect against human HL60 promyelocytic leukemia cells,HL-60,,
CHEMBL611191,,C10H10BrF6OsP,24000.0,4.62,Antiproliferative effect against human Daudi Burkitt lymphoma cells,Daudi,,
CHEMBL611191,,C10H10BrF6OsP,48000.0,4.32,Antiproliferative effect against human COLO 320 colon adenocarcinoma cells,COLO 320,,
CHEMBL611194,,C10H10ClF6PRu,52000.0,4.28,Antiproliferative effect against human HL60 promyelocytic leukemia cells,HL-60,,
CHEMBL611194,,C10H10ClF6PRu,70000.0,4.16,Antiproliferative effect against human Daudi Burkitt lymphoma cells,Daudi,,
CHEMBL611194,,C10H10ClF6PRu,111000.0,,Antiproliferative effect against human COLO 320 colon adenocarcinoma cells,COLO 320,,
CHEMBL611192,,C10H10F6FeP,62000.0,4.21,Antiproliferative effect against human U937 histiocytic lymphoma cells,U-937,,
CHEMBL611192,,C10H10F6FeP,22000.0,4.66,Antiproliferative effect against human HL60 promyelocytic leukemia cells,HL-60,,
CHEMBL611192,,C10H10F6FeP,20000.0,4.7,Antiproliferative effect against human Daudi Burkitt lymphoma cells,Daudi,,
CHEMBL611192,,C10H10F6FeP,62000.0,4.21,Antiproliferative effect against human COLO 320 colon adenocarcinoma cells,COLO 320,,
CHEMBL6688,,C21H17B2BrF8N4Pt+4,5400.0,5.27,In vitro inhibition of human ovarian cell line (CH1),CH1,,
CHEMBL6688,,C21H17B2BrF8N4Pt+4,5500.0,5.26,"In vitro inhibition of human ovarian cell line, resistant to cisplatin (CH1cisR).",CH1,,
CHEMBL6688,,C21H17B2BrF8N4Pt+4,1500.0,5.82,"In vitro inhibition of human ovarian cell line, resistant to doxorubicin (CH1doxR).",CH1,,
CHEMBL6688,,C21H17B2BrF8N4Pt+4,44000.0,4.36,In vitro inhibition of human ovarian cell line A2780,A2780,,
CHEMBL6688,,C21H17B2BrF8N4Pt+4,50000.0,4.3,"In vitro inhibition of human ovarian cell line, resistant to cisplatin (A2780cisR).",A2780,,
CHEMBL6688,,C21H17B2BrF8N4Pt+4,50000.0,4.3,In vitro inhibition of human ovarian cell line SKOV-3.,SK-OV-3,,
CHEMBL405707,,C42H32N12O12Pt2+8,2050.0,5.69,In vitro inhibition of human ovarian cell line (CH1),CH1,,
CHEMBL405707,,C42H32N12O12Pt2+8,2150.0,5.67,"In vitro inhibition of human ovarian cell line, resistant to cisplatin (CH1cisR).",CH1,,
CHEMBL405707,,C42H32N12O12Pt2+8,710.0,6.15,"In vitro inhibition of human ovarian cell line, resistant to doxorubicin (CH1doxR).",CH1,,
CHEMBL405707,,C42H32N12O12Pt2+8,25000.0,,In vitro inhibition of human ovarian cell line A2780,A2780,,
CHEMBL405707,,C42H32N12O12Pt2+8,11000.0,4.96,"In vitro inhibition of human ovarian cell line, resistant to cisplatin (A2780cisR).",A2780,,
CHEMBL405707,,C42H32N12O12Pt2+8,3500.0,5.46,In vitro inhibition of human ovarian cell line SKOV-3.,SK-OV-3,,
CHEMBL407341,,C44H28Cl2N12O12Pt2+8,1300.0,5.89,In vitro inhibition of human ovarian cell line (CH1),CH1,,
CHEMBL407341,,C44H28Cl2N12O12Pt2+8,1750.0,5.76,"In vitro inhibition of human ovarian cell line, resistant to cisplatin (CH1cisR).",CH1,,
CHEMBL407341,,C44H28Cl2N12O12Pt2+8,620.0,6.21,In vitro inhibition of human ovarian cell line A2780,A2780,,
CHEMBL407341,,C44H28Cl2N12O12Pt2+8,680.0,6.17,"In vitro inhibition of human ovarian cell line, resistant to cisplatin (A2780cisR).",A2780,,
CHEMBL407341,,C44H28Cl2N12O12Pt2+8,1400.0,5.85,In vitro inhibition of human ovarian cell line SKOV-3.,SK-OV-3,,
CHEMBL6757,,C21H18B2F8N4Pt+4,14000.0,4.85,In vitro inhibition of human ovarian cell line (CH1),CH1,,
CHEMBL6757,,C21H18B2F8N4Pt+4,11000.0,4.96,"In vitro inhibition of human ovarian cell line, resistant to cisplatin (CH1cisR).",CH1,,
CHEMBL6757,,C21H18B2F8N4Pt+4,4400.0,5.36,"In vitro inhibition of human ovarian cell line, resistant to doxorubicin (CH1doxR).",CH1,,
CHEMBL6757,,C21H18B2F8N4Pt+4,17000.0,4.77,In vitro inhibition of human ovarian cell line A2780,A2780,,
CHEMBL6757,,C21H18B2F8N4Pt+4,100000.0,,"In vitro inhibition of human ovarian cell line, resistant to cisplatin (A2780cisR).",A2780,,
CHEMBL6757,,C21H18B2F8N4Pt+4,20000.0,4.7,In vitro inhibition of human ovarian cell line SKOV-3.,SK-OV-3,,
CHEMBL6397,,C21H18B2F8N4OPt+4,14000.0,4.85,In vitro inhibition of human ovarian cell line (CH1),CH1,,
CHEMBL6397,,C21H18B2F8N4OPt+4,12500.0,4.9,"In vitro inhibition of human ovarian cell line, resistant to cisplatin (CH1cisR).",CH1,,
CHEMBL6397,,C21H18B2F8N4OPt+4,5000.0,5.3,"In vitro inhibition of human ovarian cell line, resistant to doxorubicin (CH1doxR).",CH1,,
CHEMBL6397,,C21H18B2F8N4OPt+4,40000.0,4.4,In vitro inhibition of human ovarian cell line A2780,A2780,,
CHEMBL6397,,C21H18B2F8N4OPt+4,92000.0,4.04,"In vitro inhibition of human ovarian cell line, resistant to cisplatin (A2780cisR).",A2780,,
CHEMBL6397,,C21H18B2F8N4OPt+4,17000.0,4.77,In vitro inhibition of human ovarian cell line SKOV-3.,SK-OV-3,,
CHEMBL611723,,C15H16B2F8N3OPt+,12000.0,4.92,In vitro inhibition of human ovarian cell line (CH1),CH1,,
CHEMBL611723,,C15H16B2F8N3OPt+,18000.0,4.75,"In vitro inhibition of human ovarian cell line, resistant to cisplatin (CH1cisR).",CH1,,
CHEMBL611723,,C15H16B2F8N3OPt+,14000.0,4.85,"In vitro inhibition of human ovarian cell line, resistant to doxorubicin (CH1doxR).",CH1,,
CHEMBL611723,,C15H16B2F8N3OPt+,8800.0,5.06,In vitro inhibition of human ovarian cell line A2780,A2780,,
CHEMBL611723,,C15H16B2F8N3OPt+,7000.0,5.16,"In vitro inhibition of human ovarian cell line, resistant to cisplatin (A2780cisR).",A2780,,
CHEMBL611723,,C15H16B2F8N3OPt+,9200.0,5.04,In vitro inhibition of human ovarian cell line SKOV-3.,SK-OV-3,,
CHEMBL414155,,C50H50B4F16N12O2Pt2+8,48000.0,4.32,In vitro inhibition of human ovarian cell line (CH1),CH1,,
CHEMBL414155,,C50H50B4F16N12O2Pt2+8,46000.0,4.34,"In vitro inhibition of human ovarian cell line, resistant to cisplatin (CH1cisR).",CH1,,
CHEMBL414155,,C50H50B4F16N12O2Pt2+8,58000.0,4.24,"In vitro inhibition of human ovarian cell line, resistant to doxorubicin (CH1doxR).",CH1,,
CHEMBL414155,,C50H50B4F16N12O2Pt2+8,17000.0,4.77,In vitro inhibition of human ovarian cell line A2780,A2780,,
CHEMBL414155,,C50H50B4F16N12O2Pt2+8,10500.0,4.98,"In vitro inhibition of human ovarian cell line, resistant to cisplatin (A2780cisR).",A2780,,
CHEMBL414155,,C50H50B4F16N12O2Pt2+8,100000.0,,In vitro inhibition of human ovarian cell line SKOV-3.,SK-OV-3,,
CHEMBL415807,,C50H40Cl2N18O18Pt3+10,550.0,6.26,In vitro inhibition of human ovarian cell line (CH1),CH1,,
CHEMBL415807,,C50H40Cl2N18O18Pt3+10,810.0,6.09,"In vitro inhibition of human ovarian cell line, resistant to cisplatin (CH1cisR).",CH1,,
CHEMBL415807,,C50H40Cl2N18O18Pt3+10,420.0,6.38,"In vitro inhibition of human ovarian cell line, resistant to doxorubicin (CH1doxR).",CH1,,
CHEMBL415807,,C50H40Cl2N18O18Pt3+10,13500.0,4.87,In vitro inhibition of human ovarian cell line A2780,A2780,,
CHEMBL415807,,C50H40Cl2N18O18Pt3+10,20500.0,4.69,"In vitro inhibition of human ovarian cell line, resistant to cisplatin (A2780cisR).",A2780,,
CHEMBL415807,,C50H40Cl2N18O18Pt3+10,1700.0,5.77,In vitro inhibition of human ovarian cell line SKOV-3.,SK-OV-3,,
CHEMBL1351,,C6H12N2O4Pt,6200.0,5.21,In vitro inhibition of human ovarian cell line (CH1),CH1,,
CHEMBL1351,,C6H12N2O4Pt,14000.0,4.85,"In vitro inhibition of human ovarian cell line, resistant to cisplatin (CH1cisR).",CH1,,
CHEMBL1351,,C6H12N2O4Pt,6000.0,5.22,"In vitro inhibition of human ovarian cell line, resistant to doxorubicin (CH1doxR).",CH1,,
CHEMBL1351,,C6H12N2O4Pt,35000.0,4.46,In vitro inhibition of human ovarian cell line A2780,A2780,,
CHEMBL1351,,C6H12N2O4Pt,100000.0,,"In vitro inhibition of human ovarian cell line, resistant to cisplatin (A2780cisR).",A2780,,
CHEMBL1351,,C6H12N2O4Pt,100000.0,,In vitro inhibition of human ovarian cell line SKOV-3.,SK-OV-3,,
CHEMBL269099,,C21H17B2ClF8N4Pt+4,6350.0,5.2,In vitro inhibition of human ovarian cell line (CH1),CH1,,
CHEMBL269099,,C21H17B2ClF8N4Pt+4,6400.0,5.19,"In vitro inhibition of human ovarian cell line, resistant to cisplatin (CH1cisR).",CH1,,
CHEMBL269099,,C21H17B2ClF8N4Pt+4,425.0,6.37,"In vitro inhibition of human ovarian cell line, resistant to doxorubicin (CH1doxR).",CH1,,
CHEMBL269099,,C21H17B2ClF8N4Pt+4,14500.0,4.84,In vitro inhibition of human ovarian cell line A2780,A2780,,
CHEMBL269099,,C21H17B2ClF8N4Pt+4,14500.0,4.84,"In vitro inhibition of human ovarian cell line, resistant to cisplatin (A2780cisR).",A2780,,
CHEMBL269099,,C21H17B2ClF8N4Pt+4,5600.0,5.25,In vitro inhibition of human ovarian cell line SKOV-3.,SK-OV-3,,
CHEMBL11359,,H6Cl2N2Pt+2,4200.0,5.38,In vitro cytotoxicity against. ovarian carcinoma cell line SKOV-3.,SK-OV-3,,
CHEMBL11359,,H6Cl2N2Pt+2,160.0,6.8,In vitro cytotoxicity against. ovarian carcinoma cell line A2780.,A2780,,
CHEMBL11359,,H6Cl2N2Pt+2,6100.0,5.21,In vitro cytotoxicity against. ovarian carcinoma cell line A2780cisR (cisplatin resistant counter part of A2780).,A2780,,
CHEMBL11359,,H6Cl2N2Pt+2,29.0,7.54,In vitro cytotoxicity against ovarian carcinoma cell line CH1.,CH1,,
CHEMBL11359,,H6Cl2N2Pt+2,170.0,6.77,In vitro cytotoxicity against. ovarian carcinoma cell line CH1cisR (cisplatin resistant counter part of CH1).,CH1,,
CHEMBL415294,,C20H16B2F8N4Pt+4,17500.0,4.76,In vitro inhibition of human ovarian cell line (CH1),CH1,,
CHEMBL415294,,C20H16B2F8N4Pt+4,18000.0,4.75,"In vitro inhibition of human ovarian cell line, resistant to cisplatin (CH1cisR).",CH1,,
CHEMBL415294,,C20H16B2F8N4Pt+4,5700.0,5.24,"In vitro inhibition of human ovarian cell line, resistant to doxorubicin (CH1doxR).",CH1,,
CHEMBL415294,,C20H16B2F8N4Pt+4,40000.0,4.4,In vitro inhibition of human ovarian cell line A2780,A2780,,
CHEMBL415294,,C20H16B2F8N4Pt+4,100000.0,,"In vitro inhibition of human ovarian cell line, resistant to cisplatin (A2780cisR).",A2780,,
CHEMBL415294,,C20H16B2F8N4Pt+4,24000.0,4.62,In vitro inhibition of human ovarian cell line SKOV-3.,SK-OV-3,,
CHEMBL6811,,C28H24B2F8N4Pt+4,7200.0,5.14,In vitro inhibition of human ovarian cell line (CH1),CH1,,
CHEMBL6811,,C28H24B2F8N4Pt+4,8900.0,5.05,"In vitro inhibition of human ovarian cell line, resistant to cisplatin (CH1cisR).",CH1,,
CHEMBL6811,,C28H24B2F8N4Pt+4,1500.0,5.82,"In vitro inhibition of human ovarian cell line, resistant to doxorubicin (CH1doxR).",CH1,,
CHEMBL6811,,C28H24B2F8N4Pt+4,27000.0,4.57,In vitro inhibition of human ovarian cell line A2780,A2780,,
CHEMBL6811,,C28H24B2F8N4Pt+4,25000.0,4.6,"In vitro inhibition of human ovarian cell line, resistant to cisplatin (A2780cisR).",A2780,,
CHEMBL6811,,C28H24B2F8N4Pt+4,900.0,6.05,In vitro inhibition of human ovarian cell line SKOV-3.,SK-OV-3,,
CHEMBL6763,,C20H15B2BrF8N4Pt+4,2100.0,5.68,In vitro inhibition of human ovarian cell line (CH1),CH1,,
CHEMBL6763,,C20H15B2BrF8N4Pt+4,2100.0,5.68,"In vitro inhibition of human ovarian cell line, resistant to cisplatin (CH1cisR).",CH1,,
CHEMBL6763,,C20H15B2BrF8N4Pt+4,850.0,6.07,"In vitro inhibition of human ovarian cell line, resistant to doxorubicin (CH1doxR).",CH1,,
CHEMBL6763,,C20H15B2BrF8N4Pt+4,5800.0,5.24,In vitro inhibition of human ovarian cell line A2780,A2780,,
CHEMBL6763,,C20H15B2BrF8N4Pt+4,6700.0,5.17,"In vitro inhibition of human ovarian cell line, resistant to cisplatin (A2780cisR).",A2780,,
CHEMBL6763,,C20H15B2BrF8N4Pt+4,9200.0,5.04,In vitro inhibition of human ovarian cell line SKOV-3.,SK-OV-3,,
CHEMBL264844,,C56H36Cl2N12O12Pt2+8,2500.0,5.6,In vitro inhibition of human ovarian cell line (CH1),CH1,,
CHEMBL264844,,C56H36Cl2N12O12Pt2+8,3100.0,5.51,"In vitro inhibition of human ovarian cell line, resistant to cisplatin (CH1cisR).",CH1,,
CHEMBL264844,,C56H36Cl2N12O12Pt2+8,8600.0,5.07,In vitro inhibition of human ovarian cell line A2780,A2780,,
CHEMBL264844,,C56H36Cl2N12O12Pt2+8,12500.0,4.9,"In vitro inhibition of human ovarian cell line, resistant to cisplatin (A2780cisR).",A2780,,
CHEMBL264844,,C56H36Cl2N12O12Pt2+8,2200.0,5.66,In vitro inhibition of human ovarian cell line SKOV-3.,SK-OV-3,,
CHEMBL268353,,C18H14B2F8N4PtS+4,17000.0,4.77,In vitro inhibition of human ovarian cell line (CH1),CH1,,
CHEMBL268353,,C18H14B2F8N4PtS+4,17000.0,4.77,"In vitro inhibition of human ovarian cell line, resistant to cisplatin (CH1cisR).",CH1,,
CHEMBL268353,,C18H14B2F8N4PtS+4,6300.0,5.2,"In vitro inhibition of human ovarian cell line, resistant to doxorubicin (CH1doxR).",CH1,,
CHEMBL268353,,C18H14B2F8N4PtS+4,18600.0,4.73,In vitro inhibition of human ovarian cell line A2780,A2780,,
CHEMBL268353,,C18H14B2F8N4PtS+4,100000.0,,"In vitro inhibition of human ovarian cell line, resistant to cisplatin (A2780cisR).",A2780,,
CHEMBL268353,,C18H14B2F8N4PtS+4,100000.0,,In vitro inhibition of human ovarian cell line SKOV-3.,SK-OV-3,,
CHEMBL321706,,C17H14B2F8N4Pt+4,18000.0,4.75,In vitro inhibition of human ovarian cell line (CH1),CH1,,
CHEMBL321706,,C17H14B2F8N4Pt+4,18500.0,4.73,"In vitro inhibition of human ovarian cell line, resistant to cisplatin (CH1cisR).",CH1,,
CHEMBL321706,,C17H14B2F8N4Pt+4,13000.0,4.89,"In vitro inhibition of human ovarian cell line, resistant to doxorubicin (CH1doxR).",CH1,,
CHEMBL321706,,C17H14B2F8N4Pt+4,50000.0,4.3,In vitro inhibition of human ovarian cell line A2780,A2780,,
CHEMBL321706,,C17H14B2F8N4Pt+4,100000.0,4.0,"In vitro inhibition of human ovarian cell line, resistant to cisplatin (A2780cisR).",A2780,,
CHEMBL321706,,C17H14B2F8N4Pt+4,100000.0,,In vitro inhibition of human ovarian cell line SKOV-3.,SK-OV-3,,
CHEMBL266168,,C23H21B2F8N5Pt+4,16000.0,4.8,In vitro inhibition of human ovarian cell line (CH1),CH1,,
CHEMBL266168,,C23H21B2F8N5Pt+4,13500.0,4.87,"In vitro inhibition of human ovarian cell line, resistant to cisplatin (CH1cisR).",CH1,,
CHEMBL266168,,C23H21B2F8N5Pt+4,5300.0,5.28,"In vitro inhibition of human ovarian cell line, resistant to doxorubicin (CH1doxR).",CH1,,
CHEMBL266168,,C23H21B2F8N5Pt+4,39000.0,4.41,In vitro inhibition of human ovarian cell line A2780,A2780,,
CHEMBL266168,,C23H21B2F8N5Pt+4,89000.0,4.05,"In vitro inhibition of human ovarian cell line, resistant to cisplatin (A2780cisR).",A2780,,
CHEMBL266168,,C23H21B2F8N5Pt+4,80000.0,4.1,In vitro inhibition of human ovarian cell line SKOV-3.,SK-OV-3,,
CHEMBL11359,,H6Cl2N2Pt+2,3870.0,5.41,Cytotoxicity of compound against human lung adenocarcinoma cell line (PC14),PC-14,,
CHEMBL11359,,H6Cl2N2Pt+2,86500.0,4.06,Cytotoxicity of compound against human gastric adenocarcinoma cell line (MKN 45),MKN-45,,
CHEMBL6477,,C21H19B2F8N5Pt+4,15100.0,4.82,In vitro inhibition of human ovarian cell line (CH1),CH1,,
CHEMBL6477,,C21H19B2F8N5Pt+4,16500.0,4.78,"In vitro inhibition of human ovarian cell line, resistant to cisplatin (CH1cisR).",CH1,,
CHEMBL6477,,C21H19B2F8N5Pt+4,17000.0,4.77,"In vitro inhibition of human ovarian cell line, resistant to doxorubicin (CH1doxR).",CH1,,
CHEMBL6477,,C21H19B2F8N5Pt+4,25000.0,4.6,In vitro inhibition of human ovarian cell line A2780,A2780,,
CHEMBL6477,,C21H19B2F8N5Pt+4,21000.0,4.68,"In vitro inhibition of human ovarian cell line, resistant to cisplatin (A2780cisR).",A2780,,
CHEMBL6477,,C21H19B2F8N5Pt+4,25000.0,4.6,In vitro inhibition of human ovarian cell line SKOV-3.,SK-OV-3,,
CHEMBL267704,,C20H15B2F9N4Pt+4,15500.0,4.81,In vitro inhibition of human ovarian cell line (CH1),CH1,,
CHEMBL267704,,C20H15B2F9N4Pt+4,14000.0,4.85,"In vitro inhibition of human ovarian cell line, resistant to cisplatin (CH1cisR).",CH1,,
CHEMBL267704,,C20H15B2F9N4Pt+4,5400.0,5.27,"In vitro inhibition of human ovarian cell line, resistant to doxorubicin (CH1doxR).",CH1,,
CHEMBL267704,,C20H15B2F9N4Pt+4,21500.0,4.67,In vitro inhibition of human ovarian cell line A2780,A2780,,
CHEMBL267704,,C20H15B2F9N4Pt+4,100000.0,,"In vitro inhibition of human ovarian cell line, resistant to cisplatin (A2780cisR).",A2780,,
CHEMBL267704,,C20H15B2F9N4Pt+4,100000.0,,In vitro inhibition of human ovarian cell line SKOV-3.,SK-OV-3,,
CHEMBL269100,,C22H20B2F8N4OPt+4,15500.0,4.81,In vitro inhibition of human ovarian cell line (CH1),CH1,,
CHEMBL269100,,C22H20B2F8N4OPt+4,16000.0,4.8,"In vitro inhibition of human ovarian cell line, resistant to cisplatin (CH1cisR).",CH1,,
CHEMBL269100,,C22H20B2F8N4OPt+4,5100.0,5.29,"In vitro inhibition of human ovarian cell line, resistant to doxorubicin (CH1doxR).",CH1,,
CHEMBL269100,,C22H20B2F8N4OPt+4,25500.0,4.59,In vitro inhibition of human ovarian cell line A2780,A2780,,
CHEMBL269100,,C22H20B2F8N4OPt+4,94000.0,4.03,"In vitro inhibition of human ovarian cell line, resistant to cisplatin (A2780cisR).",A2780,,
CHEMBL269100,,C22H20B2F8N4OPt+4,45000.0,4.35,In vitro inhibition of human ovarian cell line SKOV-3.,SK-OV-3,,
CHEMBL6961,,C22H22B2F8N6Pt+4,4600.0,5.34,In vitro inhibition of human ovarian cell line (CH1),CH1,,
CHEMBL6961,,C22H22B2F8N6Pt+4,3700.0,5.43,"In vitro inhibition of human ovarian cell line, resistant to cisplatin (CH1cisR).",CH1,,
CHEMBL6961,,C22H22B2F8N6Pt+4,4200.0,5.38,"In vitro inhibition of human ovarian cell line, resistant to doxorubicin (CH1doxR).",CH1,,
CHEMBL6961,,C22H22B2F8N6Pt+4,7700.0,5.11,In vitro inhibition of human ovarian cell line A2780,A2780,,
CHEMBL6961,,C22H22B2F8N6Pt+4,20000.0,4.7,"In vitro inhibition of human ovarian cell line, resistant to cisplatin (A2780cisR).",A2780,,
CHEMBL6961,,C22H22B2F8N6Pt+4,19000.0,4.72,In vitro inhibition of human ovarian cell line SKOV-3.,SK-OV-3,,
CHEMBL262033,,C44H30N12O12Pt2+8,730.0,6.14,In vitro inhibition of human ovarian cell line (CH1),CH1,,
CHEMBL262033,,C44H30N12O12Pt2+8,730.0,6.14,"In vitro inhibition of human ovarian cell line, resistant to cisplatin (CH1cisR).",CH1,,
CHEMBL262033,,C44H30N12O12Pt2+8,440.0,6.36,"In vitro inhibition of human ovarian cell line, resistant to doxorubicin (CH1doxR).",CH1,,
CHEMBL262033,,C44H30N12O12Pt2+8,2000.0,5.7,In vitro inhibition of human ovarian cell line A2780,A2780,,
CHEMBL262033,,C44H30N12O12Pt2+8,1800.0,5.75,"In vitro inhibition of human ovarian cell line, resistant to cisplatin (A2780cisR).",A2780,,
CHEMBL262033,,C44H30N12O12Pt2+8,1700.0,5.77,In vitro inhibition of human ovarian cell line SKOV-3.,SK-OV-3,,
CHEMBL6614,,C22H21B2F8N5Pt+4,6100.0,5.21,In vitro inhibition of human ovarian cell line (CH1),CH1,,
CHEMBL6614,,C22H21B2F8N5Pt+4,7500.0,5.12,"In vitro inhibition of human ovarian cell line, resistant to cisplatin (CH1cisR).",CH1,,
CHEMBL6614,,C22H21B2F8N5Pt+4,3950.0,5.4,"In vitro inhibition of human ovarian cell line, resistant to doxorubicin (CH1doxR).",CH1,,
CHEMBL6614,,C22H21B2F8N5Pt+4,16000.0,4.8,In vitro inhibition of human ovarian cell line A2780,A2780,,
CHEMBL6614,,C22H21B2F8N5Pt+4,21500.0,4.67,"In vitro inhibition of human ovarian cell line, resistant to cisplatin (A2780cisR).",A2780,,
CHEMBL6614,,C22H21B2F8N5Pt+4,13000.0,4.89,In vitro inhibition of human ovarian cell line SKOV-3.,SK-OV-3,,
CHEMBL267638,,C21H20B2F8N6Pt+4,65000.0,4.19,In vitro inhibition of human ovarian cell line (CH1),CH1,,
CHEMBL267638,,C21H20B2F8N6Pt+4,100000.0,,"In vitro inhibition of human ovarian cell line, resistant to cisplatin (CH1cisR).",CH1,,
CHEMBL267638,,C21H20B2F8N6Pt+4,14500.0,4.84,"In vitro inhibition of human ovarian cell line, resistant to doxorubicin (CH1doxR).",CH1,,
CHEMBL267638,,C21H20B2F8N6Pt+4,18000.0,4.75,In vitro inhibition of human ovarian cell line A2780,A2780,,
CHEMBL267638,,C21H20B2F8N6Pt+4,62000.0,4.21,"In vitro inhibition of human ovarian cell line, resistant to cisplatin (A2780cisR).",A2780,,
CHEMBL267638,,C21H20B2F8N6Pt+4,100000.0,,In vitro inhibition of human ovarian cell line SKOV-3.,SK-OV-3,,
CHEMBL217630,,C48H46B4F16N12O2Pt2+8,48000.0,4.32,In vitro inhibition of human ovarian cell line (CH1),CH1,,
CHEMBL217630,,C48H46B4F16N12O2Pt2+8,42000.0,4.38,"In vitro inhibition of human ovarian cell line, resistant to cisplatin (CH1cisR).",CH1,,
CHEMBL217630,,C48H46B4F16N12O2Pt2+8,40000.0,4.4,"In vitro inhibition of human ovarian cell line, resistant to doxorubicin (CH1doxR).",CH1,,
CHEMBL217630,,C48H46B4F16N12O2Pt2+8,19000.0,4.72,In vitro inhibition of human ovarian cell line A2780,A2780,,
CHEMBL217630,,C48H46B4F16N12O2Pt2+8,40000.0,4.4,"In vitro inhibition of human ovarian cell line, resistant to cisplatin (A2780cisR).",A2780,,
CHEMBL217630,,C48H46B4F16N12O2Pt2+8,98000.0,4.01,In vitro inhibition of human ovarian cell line SKOV-3.,SK-OV-3,,
CHEMBL266733,,C22H18B2F8N4OPt+4,2200.0,5.66,In vitro inhibition of human ovarian cell line (CH1),CH1,,
CHEMBL266733,,C22H18B2F8N4OPt+4,2300.0,5.64,"In vitro inhibition of human ovarian cell line, resistant to cisplatin (CH1cisR).",CH1,,
CHEMBL266733,,C22H18B2F8N4OPt+4,1180.0,5.93,"In vitro inhibition of human ovarian cell line, resistant to doxorubicin (CH1doxR).",CH1,,
CHEMBL266733,,C22H18B2F8N4OPt+4,5900.0,5.23,In vitro inhibition of human ovarian cell line A2780,A2780,,
CHEMBL266733,,C22H18B2F8N4OPt+4,7500.0,5.12,"In vitro inhibition of human ovarian cell line, resistant to cisplatin (A2780cisR).",A2780,,
CHEMBL266733,,C22H18B2F8N4OPt+4,11100.0,4.96,In vitro inhibition of human ovarian cell line SKOV-3.,SK-OV-3,,
CHEMBL410609,,C50H32Cl2N12O12Pt2+8,2150.0,5.67,In vitro inhibition of human ovarian cell line (CH1),CH1,,
CHEMBL410609,,C50H32Cl2N12O12Pt2+8,2150.0,5.67,"In vitro inhibition of human ovarian cell line, resistant to cisplatin (CH1cisR).",CH1,,
CHEMBL410609,,C50H32Cl2N12O12Pt2+8,4750.0,5.32,In vitro inhibition of human ovarian cell line A2780,A2780,,
CHEMBL410609,,C50H32Cl2N12O12Pt2+8,6600.0,5.18,"In vitro inhibition of human ovarian cell line, resistant to cisplatin (A2780cisR).",A2780,,
CHEMBL410609,,C50H32Cl2N12O12Pt2+8,1800.0,5.75,In vitro inhibition of human ovarian cell line SKOV-3.,SK-OV-3,,
CHEMBL6513,,C20H15B2F9N4Pt+4,17000.0,4.77,In vitro inhibition of human ovarian cell line (CH1),CH1,,
CHEMBL6513,,C20H15B2F9N4Pt+4,17000.0,4.77,"In vitro inhibition of human ovarian cell line, resistant to cisplatin (CH1cisR).",CH1,,
CHEMBL6513,,C20H15B2F9N4Pt+4,6100.0,5.21,"In vitro inhibition of human ovarian cell line, resistant to doxorubicin (CH1doxR).",CH1,,
CHEMBL6513,,C20H15B2F9N4Pt+4,19500.0,4.71,In vitro inhibition of human ovarian cell line A2780,A2780,,
CHEMBL6513,,C20H15B2F9N4Pt+4,100000.0,,"In vitro inhibition of human ovarian cell line, resistant to cisplatin (A2780cisR).",A2780,,
CHEMBL6513,,C20H15B2F9N4Pt+4,100000.0,,In vitro inhibition of human ovarian cell line SKOV-3.,SK-OV-3,,
CHEMBL6739,,C25H27B2F8N5O2Pt+4,19500.0,4.71,In vitro inhibition of human ovarian cell line (CH1),CH1,,
CHEMBL6739,,C25H27B2F8N5O2Pt+4,22000.0,4.66,"In vitro inhibition of human ovarian cell line, resistant to cisplatin (CH1cisR).",CH1,,
CHEMBL6739,,C25H27B2F8N5O2Pt+4,31500.0,4.5,In vitro inhibition of human ovarian cell line A2780,A2780,,
CHEMBL6739,,C25H27B2F8N5O2Pt+4,56000.0,4.25,"In vitro inhibition of human ovarian cell line, resistant to cisplatin (A2780cisR).",A2780,,
CHEMBL6739,,C25H27B2F8N5O2Pt+4,1800.0,5.75,In vitro inhibition of human ovarian cell line SKOV-3.,SK-OV-3,,
CHEMBL265995,,C40H30N12O12Pt2+8,1550.0,5.81,In vitro inhibition of human ovarian cell line (CH1),CH1,,
CHEMBL265995,,C40H30N12O12Pt2+8,2050.0,5.69,"In vitro inhibition of human ovarian cell line, resistant to cisplatin (CH1cisR).",CH1,,
CHEMBL265995,,C40H30N12O12Pt2+8,560.0,6.25,"In vitro inhibition of human ovarian cell line, resistant to doxorubicin (CH1doxR).",CH1,,
CHEMBL265995,,C40H30N12O12Pt2+8,25000.0,,In vitro inhibition of human ovarian cell line A2780,A2780,,
CHEMBL265995,,C40H30N12O12Pt2+8,9600.0,5.02,"In vitro inhibition of human ovarian cell line, resistant to cisplatin (A2780cisR).",A2780,,
CHEMBL265995,,C40H30N12O12Pt2+8,3100.0,5.51,In vitro inhibition of human ovarian cell line SKOV-3.,SK-OV-3,,
CHEMBL324865,,C18H14B2F8N5Pt+3,16500.0,4.78,In vitro inhibition of human ovarian cell line (CH1),CH1,,
CHEMBL324865,,C18H14B2F8N5Pt+3,15500.0,4.81,"In vitro inhibition of human ovarian cell line, resistant to cisplatin (CH1cisR).",CH1,,
CHEMBL324865,,C18H14B2F8N5Pt+3,6100.0,5.21,"In vitro inhibition of human ovarian cell line, resistant to doxorubicin (CH1doxR).",CH1,,
CHEMBL324865,,C18H14B2F8N5Pt+3,17000.0,4.77,In vitro inhibition of human ovarian cell line A2780,A2780,,
CHEMBL324865,,C18H14B2F8N5Pt+3,100000.0,,"In vitro inhibition of human ovarian cell line, resistant to cisplatin (A2780cisR).",A2780,,
CHEMBL324865,,C18H14B2F8N5Pt+3,100000.0,,In vitro inhibition of human ovarian cell line SKOV-3.,SK-OV-3,,
CHEMBL266471,,C27H21B2BrF8N4Pt+4,5000.0,5.3,In vitro inhibition of human ovarian cell line (CH1),CH1,,
CHEMBL266471,,C27H21B2BrF8N4Pt+4,5800.0,5.24,"In vitro inhibition of human ovarian cell line, resistant to cisplatin (CH1cisR).",CH1,,
CHEMBL266471,,C27H21B2BrF8N4Pt+4,1050.0,5.98,"In vitro inhibition of human ovarian cell line, resistant to doxorubicin (CH1doxR).",CH1,,
CHEMBL266471,,C27H21B2BrF8N4Pt+4,39000.0,4.41,In vitro inhibition of human ovarian cell line A2780,A2780,,
CHEMBL266471,,C27H21B2BrF8N4Pt+4,29500.0,4.53,"In vitro inhibition of human ovarian cell line, resistant to cisplatin (A2780cisR).",A2780,,
CHEMBL266471,,C27H21B2BrF8N4Pt+4,100000.0,,In vitro inhibition of human ovarian cell line SKOV-3.,SK-OV-3,,
CHEMBL441330,,C24H25B2F8N5OPt+4,100000.0,,In vitro inhibition of human ovarian cell line (CH1),CH1,,
CHEMBL441330,,C24H25B2F8N5OPt+4,100000.0,,"In vitro inhibition of human ovarian cell line, resistant to cisplatin (CH1cisR).",CH1,,
CHEMBL441330,,C24H25B2F8N5OPt+4,17500.0,4.76,"In vitro inhibition of human ovarian cell line, resistant to doxorubicin (CH1doxR).",CH1,,
CHEMBL441330,,C24H25B2F8N5OPt+4,40000.0,4.4,In vitro inhibition of human ovarian cell line A2780,A2780,,
CHEMBL441330,,C24H25B2F8N5OPt+4,100000.0,,"In vitro inhibition of human ovarian cell line, resistant to cisplatin (A2780cisR).",A2780,,
CHEMBL441330,,C24H25B2F8N5OPt+4,100000.0,,In vitro inhibition of human ovarian cell line SKOV-3.,SK-OV-3,,
CHEMBL213916,,C50H42N18O18Pt3+10,1400.0,5.85,In vitro inhibition of human ovarian cell line (CH1),CH1,,
CHEMBL213916,,C50H42N18O18Pt3+10,1800.0,5.75,"In vitro inhibition of human ovarian cell line, resistant to cisplatin (CH1cisR).",CH1,,
CHEMBL213916,,C50H42N18O18Pt3+10,460.0,6.34,"In vitro inhibition of human ovarian cell line, resistant to doxorubicin (CH1doxR).",CH1,,
CHEMBL213916,,C50H42N18O18Pt3+10,2400.0,5.62,In vitro inhibition of human ovarian cell line A2780,A2780,,
CHEMBL213916,,C50H42N18O18Pt3+10,1400.0,5.85,"In vitro inhibition of human ovarian cell line, resistant to cisplatin (A2780cisR).",A2780,,
CHEMBL213916,,C50H42N18O18Pt3+10,5100.0,5.29,In vitro inhibition of human ovarian cell line SKOV-3.,SK-OV-3,,
CHEMBL385413,,C40H28Cl2N12O12Pt2+8,590.0,6.23,In vitro inhibition of human ovarian cell line (CH1),CH1,,
CHEMBL385413,,C40H28Cl2N12O12Pt2+8,870.0,6.06,"In vitro inhibition of human ovarian cell line, resistant to cisplatin (CH1cisR).",CH1,,
CHEMBL385413,,C40H28Cl2N12O12Pt2+8,690.0,6.16,"In vitro inhibition of human ovarian cell line, resistant to doxorubicin (CH1doxR).",CH1,,
CHEMBL385413,,C40H28Cl2N12O12Pt2+8,25000.0,,In vitro inhibition of human ovarian cell line A2780,A2780,,
CHEMBL385413,,C40H28Cl2N12O12Pt2+8,18500.0,4.73,"In vitro inhibition of human ovarian cell line, resistant to cisplatin (A2780cisR).",A2780,,
CHEMBL385413,,C40H28Cl2N12O12Pt2+8,1300.0,5.89,In vitro inhibition of human ovarian cell line SKOV-3.,SK-OV-3,,
CHEMBL217343,,C42H32B4F16N8Pt2+8,1350.0,5.87,In vitro inhibition of human ovarian cell line (CH1),CH1,,
CHEMBL217343,,C42H32B4F16N8Pt2+8,630.0,6.2,"In vitro inhibition of human ovarian cell line, resistant to cisplatin (CH1cisR).",CH1,,
CHEMBL217343,,C42H32B4F16N8Pt2+8,5100.0,5.29,"In vitro inhibition of human ovarian cell line, resistant to doxorubicin (CH1doxR).",CH1,,
CHEMBL217343,,C42H32B4F16N8Pt2+8,1600.0,5.8,In vitro inhibition of human ovarian cell line A2780,A2780,,
CHEMBL217343,,C42H32B4F16N8Pt2+8,2400.0,5.62,"In vitro inhibition of human ovarian cell line, resistant to cisplatin (A2780cisR).",A2780,,
CHEMBL217343,,C42H32B4F16N8Pt2+8,1300.0,5.89,In vitro inhibition of human ovarian cell line SKOV-3.,SK-OV-3,,
CHEMBL2146185,,C15H11B2ClF8N3Pt-,6600.0,5.18,In vitro inhibition of human ovarian cell line (CH1),CH1,,
CHEMBL2146185,,C15H11B2ClF8N3Pt-,6400.0,5.19,"In vitro inhibition of human ovarian cell line, resistant to cisplatin (CH1cisR).",CH1,,
CHEMBL2146185,,C15H11B2ClF8N3Pt-,3750.0,5.43,"In vitro inhibition of human ovarian cell line, resistant to doxorubicin (CH1doxR).",CH1,,
CHEMBL2146185,,C15H11B2ClF8N3Pt-,49000.0,4.31,In vitro inhibition of human ovarian cell line A2780,A2780,,
CHEMBL2146185,,C15H11B2ClF8N3Pt-,41000.0,4.39,"In vitro inhibition of human ovarian cell line, resistant to cisplatin (A2780cisR).",A2780,,
CHEMBL2146185,,C15H11B2ClF8N3Pt-,19500.0,4.71,In vitro inhibition of human ovarian cell line SKOV-3.,SK-OV-3,,
CHEMBL11359,,H6Cl2N2Pt+2,400.0,6.4,In vitro inhibition of human ovarian cell line (CH1),CH1,,
CHEMBL11359,,H6Cl2N2Pt+2,1200.0,5.92,"In vitro inhibition of human ovarian cell line, resistant to cisplatin (CH1cisR).",CH1,,
CHEMBL11359,,H6Cl2N2Pt+2,500.0,6.3,"In vitro inhibition of human ovarian cell line, resistant to doxorubicin (CH1doxR).",CH1,,
CHEMBL11359,,H6Cl2N2Pt+2,530.0,6.28,In vitro inhibition of human ovarian cell line A2780,A2780,,
CHEMBL11359,,H6Cl2N2Pt+2,8800.0,5.06,"In vitro inhibition of human ovarian cell line, resistant to cisplatin (A2780cisR).",A2780,,
CHEMBL11359,,H6Cl2N2Pt+2,2250.0,5.65,In vitro inhibition of human ovarian cell line SKOV-3.,SK-OV-3,,
CHEMBL6963,,C15H13B2F8N4Pt+3,5200.0,5.28,In vitro inhibition of human ovarian cell line (CH1),CH1,,
CHEMBL6963,,C15H13B2F8N4Pt+3,4500.0,5.35,"In vitro inhibition of human ovarian cell line, resistant to cisplatin (CH1cisR).",CH1,,
CHEMBL6963,,C15H13B2F8N4Pt+3,3750.0,5.43,"In vitro inhibition of human ovarian cell line, resistant to doxorubicin (CH1doxR).",CH1,,
CHEMBL6963,,C15H13B2F8N4Pt+3,11500.0,4.94,In vitro inhibition of human ovarian cell line A2780,A2780,,
CHEMBL6963,,C15H13B2F8N4Pt+3,23500.0,4.63,"In vitro inhibition of human ovarian cell line, resistant to cisplatin (A2780cisR).",A2780,,
CHEMBL6963,,C15H13B2F8N4Pt+3,15000.0,4.82,In vitro inhibition of human ovarian cell line SKOV-3.,SK-OV-3,,
CHEMBL155307,,C10H12BF4Fe,330000.0,,In vitro cytotoxicity of compound against MCF-7 cell line at a concentration of 50 uM,MCF7,,
CHEMBL155307,,C10H12BF4Fe,308000.0,,Concentration required to reduce to 50% the number of MCF-7 cells with respect to untreated control after exposure to compound for 2 h,MCF7,,
CHEMBL155307,,C10H12BF4Fe,238000.0,,Concentration required to reduce to 50% the number of MCF-7 cells with respect to untreated control after exposure to compound for 12 h,MCF7,,
CHEMBL155307,,C10H12BF4Fe,256000.0,,Concentration required to reduce to 50% the number of MCF-7 cells with respect to untreated control after exposure to compound for 24 h,MCF7,,
CHEMBL155307,,C10H12BF4Fe,249000.0,,Concentration required to reduce to 50% the number of MCF-7 cells with respect to untreated control after exposure to compound for 48 h,MCF7,,
CHEMBL157431,,C20H32BF4Fe,37000.0,4.43,In vitro cytotoxicity of compound against MCF-7 cell line at a concentration of 50 uM,MCF7,,
CHEMBL157431,,C20H32BF4Fe,86000.0,4.07,Concentration required to reduce to 50% the number of MCF-7 cells with respect to untreated control after exposure to compound for 2 h,MCF7,,
CHEMBL157431,,C20H32BF4Fe,74000.0,4.13,Concentration required to reduce to 50% the number of MCF-7 cells with respect to untreated control after exposure to compound for 12 h,MCF7,,
CHEMBL157431,,C20H32BF4Fe,58000.0,4.24,Concentration required to reduce to 50% the number of MCF-7 cells with respect to untreated control after exposure to compound for 24 h,MCF7,,
CHEMBL157431,,C20H32BF4Fe,35000.0,4.46,Concentration required to reduce to 50% the number of MCF-7 cells with respect to untreated control after exposure to compound for 48 h,MCF7,,
CHEMBL1351,,C6H12N2O4Pt,2900.0,5.54,Compound was evaluated for in vitro cytotoxic activity against human HL-60 leukemia cell line,HL-60,,
CHEMBL345369,,C10H11B2F4FeO2,310000.0,,In vitro cytotoxicity of compound against MCF-7 cell line at a concentration of 50 uM,MCF7,,
CHEMBL346342,,C12H14BF4Fe,320000.0,,In vitro cytotoxicity of compound against MCF-7 cell line at a concentration of 50 uM,MCF7,,
CHEMBL347365,,C11H10BF4FeO2,340000.0,,In vitro cytotoxicity of compound against MCF-7 cell line at a concentration of 50 uM,MCF7,,
CHEMBL427115,,C8H14F6IN2PRu,20000.0,4.7,Concentration required to inhibit 50% growth of A2780 human ovarian cancer cells.,A2780,,
CHEMBL11359,,H6Cl2N2Pt+2,500.0,6.3,Concentration required to inhibit 50% growth of A2780 human ovarian cancer cells.,A2780,,
CHEMBL1351,,C6H12N2O4Pt,6000.0,5.22,Concentration required to inhibit 50% growth of A2780 human ovarian cancer cells.,A2780,,
CHEMBL2068505,,C14H20ClF6N2PRu,150000.0,,Concentration required to inhibit 50% growth of A2780 human ovarian cancer cells,A2780,,
CHEMBL174841,,C14H18ClF6N2PRu,6000.0,5.22,Concentration required to inhibit 50% growth of A2780 human ovarian cancer cells.,A2780,,
CHEMBL368464,,C16H22ClF6N2PRu,6000.0,5.22,Concentration required to inhibit 50% growth of A2780 human ovarian cancer cells.,A2780,,
CHEMBL2068516,,C14H20BrF6N2PRu,150000.0,,Concentration required to inhibit 50% growth of A2780 human ovarian cancer cells.,A2780,,
CHEMBL174577,,C12H22ClF6N2PRu,9000.0,5.05,Concentration required to inhibit 50% growth of A2780 human ovarian cancer cells.,A2780,,
CHEMBL611728,,C10H13ClF6N2O2PRu,55000.0,4.26,Concentration required to inhibit 50% growth of A2780 human ovarian cancer cells.,A2780,,
CHEMBL175093,,C8H14ClF6N2PRu,17000.0,4.77,Concentration required to inhibit 50% growth of A2780 human ovarian cancer cells.,A2780,,
CHEMBL174682,,C12H22F6IN2PRu,8000.0,5.1,Concentration required to inhibit 50% growth of A2780 human ovarian cancer cells.,A2780,,
CHEMBL368291,,C16H20Cl2N2ORu,150000.0,,Concentration required to inhibit 50% growth of A2780 human ovarian cancer cells.,A2780,,
CHEMBL1351,,C6H12N2O4Pt,8200.0,5.09,Cytotoxicity against human ovarian carcinoma A2780 cell line,A2780,,
CHEMBL1351,,C6H12N2O4Pt,41600.0,4.38,Cytotoxicity against human ovarian carcinoma A2780cisR cell line,A2780,,
CHEMBL1743585,,C18H32N4O8Pt,200000000.0,,Compound was evaluated against human Ovarian carcinoma cell line A2780,A2780,,
CHEMBL1743585,,C18H32N4O8Pt,200000000.0,,Compound was evaluated against human Ovarian carcinoma cell line A2780cisR,A2780,,
CHEMBL1743585,,C18H32N4O8Pt,200000000.0,,Compound was evaluated against human Ovarian carcinoma cell line CH1,CH1,,
CHEMBL1743585,,C18H32N4O8Pt,200000000.0,,Compound was evaluated against human Ovarian carcinoma cell line CH1cisR,CH1,,
CHEMBL11359,,H6Cl2N2Pt+2,2000000.0,,Compound was evaluated against human Ovarian carcinoma cell line A2780,A2780,,
CHEMBL11359,,H6Cl2N2Pt+2,36000000.0,,Compound was evaluated against human Ovarian carcinoma cell line A2780cisR,A2780,,
CHEMBL11359,,H6Cl2N2Pt+2,6000000.0,,Compound was evaluated against human Ovarian carcinoma cell line CH1,CH1,,
CHEMBL11359,,H6Cl2N2Pt+2,25000000.0,,Compound was evaluated against human Ovarian carcinoma cell line CH1cisR,CH1,,
CHEMBL1743586,,C14H28N4O6Pt,200000000.0,,Compound was evaluated against human Ovarian carcinoma cell line A2780,A2780,,
CHEMBL1743586,,C14H28N4O6Pt,200000000.0,,Compound was evaluated against human Ovarian carcinoma cell line A2780cisR,A2780,,
CHEMBL1743586,,C14H28N4O6Pt,200000000.0,,Compound was evaluated against human Ovarian carcinoma cell line CH1,CH1,,
CHEMBL1743586,,C14H28N4O6Pt,200000000.0,,Compound was evaluated against human Ovarian carcinoma cell line CH1cisR,CH1,,
CHEMBL49677,,C24H18Cl2N4Ru+2,850.0,6.07,Cytotoxicity against human ovarian carcinoma A2780 cell line,A2780,,
CHEMBL49677,,C24H18Cl2N4Ru+2,980.0,6.01,Cytotoxicity against human ovarian carcinoma A2780cisR cell line,A2780,,
CHEMBL300621,,C24H19N6O4Ru+3,6300.0,5.2,Cytotoxicity against human ovarian carcinoma A2780 cell line,A2780,,
CHEMBL300621,,C24H19N6O4Ru+3,6300.0,5.2,Cytotoxicity against human ovarian carcinoma A2780cisR cell line,A2780,,
CHEMBL49789,,C25H21N6O4Ru+3,7900.0,5.1,Cytotoxicity against human ovarian carcinoma A2780 cell line,A2780,,
CHEMBL49789,,C25H21N6O4Ru+3,6200.0,5.21,Cytotoxicity against human ovarian carcinoma A2780cisR cell line,A2780,,
CHEMBL298410,,C23H20Cl5N6Ru+3,1600.0,5.8,Cytotoxicity against human ovarian carcinoma A2780 cell line,A2780,,
CHEMBL298410,,C23H20Cl5N6Ru+3,7300.0,5.14,Cytotoxicity against human ovarian carcinoma A2780cisR cell line,A2780,,
CHEMBL1794812,,C16H26N4O8Pt+2,200000000.0,,Compound was evaluated against human Ovarian carcinoma cell line A2780,A2780,,
CHEMBL1794812,,C16H26N4O8Pt+2,200000000.0,,Compound was evaluated against human Ovarian carcinoma cell line A2780cisR,A2780,,
CHEMBL1794812,,C16H26N4O8Pt+2,200000000.0,,Compound was evaluated against human Ovarian carcinoma cell line CH1,CH1,,
CHEMBL1794812,,C16H26N4O8Pt+2,200000000.0,,Compound was evaluated against human Ovarian carcinoma cell line CH1cisR,CH1,,
CHEMBL1794811,,C14H22N4O8Pt+2,200000000.0,,Compound was evaluated against human Ovarian carcinoma cell line A2780,A2780,,
CHEMBL1794811,,C14H22N4O8Pt+2,200000000.0,,Compound was evaluated against human Ovarian carcinoma cell line A2780cisR,A2780,,
CHEMBL1794811,,C14H22N4O8Pt+2,200000000.0,,Compound was evaluated against human Ovarian carcinoma cell line CH1,CH1,,
CHEMBL1794811,,C14H22N4O8Pt+2,200000000.0,,Compound was evaluated against human Ovarian carcinoma cell line CH1cisR,CH1,,
CHEMBL11359,,H6Cl2N2Pt+2,2300.0,5.64,Cytotoxicity against human ovarian carcinoma A2780 cell line,A2780,,
CHEMBL11359,,H6Cl2N2Pt+2,7800.0,5.11,Cytotoxicity against human ovarian carcinoma A2780cisR cell line,A2780,,
CHEMBL1743600,,C14H26N4O4Pt,200000000.0,,Compound was evaluated against human Ovarian carcinoma cell line A2780,A2780,,
CHEMBL1743600,,C14H26N4O4Pt,200000000.0,,Compound was evaluated against human Ovarian carcinoma cell line A2780cisR,A2780,,
CHEMBL1743600,,C14H26N4O4Pt,200000000.0,,Compound was evaluated against human Ovarian carcinoma cell line CH1,CH1,,
CHEMBL1743600,,C14H26N4O4Pt,200000000.0,,Compound was evaluated against human Ovarian carcinoma cell line CH1cisR,CH1,,
CHEMBL1743591,,C16H28N4O8Pt,200000000.0,,Compound was evaluated against human Ovarian carcinoma cell line A2780,A2780,,
CHEMBL1743591,,C16H28N4O8Pt,200000000.0,,Compound was evaluated against human Ovarian carcinoma cell line A2780cisR,A2780,,
CHEMBL1743591,,C16H28N4O8Pt,200000000.0,,Compound was evaluated against human Ovarian carcinoma cell line CH1,CH1,,
CHEMBL1743591,,C16H28N4O8Pt,200000000.0,,Compound was evaluated against human Ovarian carcinoma cell line CH1cisR,CH1,,
CHEMBL295047,,C23H20Cl3N8O6Ru-,9700.0,5.01,Cytotoxicity against human ovarian carcinoma A2780 cell line,A2780,,
CHEMBL295047,,C23H20Cl3N8O6Ru-,12100.0,4.92,Cytotoxicity against human ovarian carcinoma A2780cisR cell line,A2780,,
CHEMBL1743583,,C12H24N4O6Pt,200000000.0,,Compound was evaluated against human Ovarian carcinoma cell line A2780,A2780,,
CHEMBL1743583,,C12H24N4O6Pt,200000000.0,,Compound was evaluated against human Ovarian carcinoma cell line A2780cisR,A2780,,
CHEMBL1743583,,C12H24N4O6Pt,200000000.0,,Compound was evaluated against human Ovarian carcinoma cell line CH1,CH1,,
CHEMBL1743583,,C12H24N4O6Pt,200000000.0,,Compound was evaluated against human Ovarian carcinoma cell line CH1cisR,CH1,,
CHEMBL49397,,C24H18N6O6Ru-2,8500.0,5.07,Cytotoxicity against human ovarian carcinoma A2780 cell line,A2780,,
CHEMBL49397,,C24H18N6O6Ru-2,6300.0,5.2,Cytotoxicity against human ovarian carcinoma A2780cisR cell line,A2780,,
CHEMBL1743593,,C12H22N4O4Pt,200000000.0,,Compound was evaluated against human Ovarian carcinoma cell line A2780,A2780,,
CHEMBL1743593,,C12H22N4O4Pt,200000000.0,,Compound was evaluated against human Ovarian carcinoma cell line A2780cisR,A2780,,
CHEMBL1743593,,C12H22N4O4Pt,200000000.0,,Compound was evaluated against human Ovarian carcinoma cell line CH1,CH1,,
CHEMBL1743593,,C12H22N4O4Pt,200000000.0,,Compound was evaluated against human Ovarian carcinoma cell line CH1cisR,CH1,,
CHEMBL2068258,,C10H16N2O4Pt,320000.0,,Compound was evaluated against human Ovarian carcinoma cell line A2780,A2780,,
CHEMBL2068258,,C10H16N2O4Pt,740000.0,,Compound was evaluated against human Ovarian carcinoma cell line A2780cisR,A2780,,
CHEMBL2068258,,C10H16N2O4Pt,3300000.0,,Compound was evaluated against human Ovarian carcinoma cell line CH1,CH1,,
CHEMBL2068258,,C10H16N2O4Pt,6000000.0,,Compound was evaluated against human Ovarian carcinoma cell line CH1cisR,CH1,,
CHEMBL1743584,,C14H24N4O8Pt,200000000.0,,Compound was evaluated against human Ovarian carcinoma cell line A2780,A2780,,
CHEMBL1743584,,C14H24N4O8Pt,200000000.0,,Compound was evaluated against human Ovarian carcinoma cell line A2780cisR,A2780,,
CHEMBL1743584,,C14H24N4O8Pt,200000000.0,,Compound was evaluated against human Ovarian carcinoma cell line CH1,CH1,,
CHEMBL1743584,,C14H24N4O8Pt,200000000.0,,Compound was evaluated against human Ovarian carcinoma cell line CH1cisR,CH1,,
CHEMBL1743594,,C16H28N4O8Pt,200000000.0,,Compound was evaluated against human Ovarian carcinoma cell line A2780,A2780,,
CHEMBL1743594,,C16H28N4O8Pt,200000000.0,,Compound was evaluated against human Ovarian carcinoma cell line A2780cisR,A2780,,
CHEMBL1743594,,C16H28N4O8Pt,200000000.0,,Compound was evaluated against human Ovarian carcinoma cell line CH1,CH1,,
CHEMBL1743594,,C16H28N4O8Pt,200000000.0,,Compound was evaluated against human Ovarian carcinoma cell line CH1cisR,CH1,,
CHEMBL1351,,C6H12N2O4Pt,18000000.0,,Compound was evaluated against human Ovarian carcinoma cell line A2780,A2780,,
CHEMBL1351,,C6H12N2O4Pt,178000000.0,,Compound was evaluated against human Ovarian carcinoma cell line A2780cisR,A2780,,
CHEMBL1351,,C6H12N2O4Pt,52000000.0,,Compound was evaluated against human Ovarian carcinoma cell line CH1,CH1,,
CHEMBL1351,,C6H12N2O4Pt,185000000.0,,Compound was evaluated against human Ovarian carcinoma cell line CH1cisR,CH1,,
CHEMBL48208,,C28H25N6O4Ru+3,7200.0,5.14,Cytotoxicity against human ovarian carcinoma A2780 cell line,A2780,,
CHEMBL48208,,C28H25N6O4Ru+3,4900.0,5.31,Cytotoxicity against human ovarian carcinoma A2780cisR cell line,A2780,,
CHEMBL2068442,,C9H14N2O4Pt,300000.0,,Compound was evaluated against human Ovarian carcinoma cell line A2780,A2780,,
CHEMBL2068442,,C9H14N2O4Pt,1000000.0,,Compound was evaluated against human Ovarian carcinoma cell line A2780cisR,A2780,,
CHEMBL2068442,,C9H14N2O4Pt,4500000.0,,Compound was evaluated against human Ovarian carcinoma cell line CH1,CH1,,
CHEMBL2068442,,C9H14N2O4Pt,8000000.0,,Compound was evaluated against human Ovarian carcinoma cell line CH1cisR,CH1,,
CHEMBL358664,,C9H12AuCl2N+,124000.0,,Compound was tested for in vitro growth inhibition of primary panel tumor cell lines SW620,SW-620,,
CHEMBL358664,,C9H12AuCl2N+,119000.0,,Compound was tested for in vitro growth inhibition of primary panel tumor cell line SW1116,SW 1116,,
CHEMBL358664,,C9H12AuCl2N+,27000.0,4.57,Compound was tested for in vitro growth inhibition of primary panel tumor cell line ZR-75-1,ZR-75-1,,
CHEMBL358664,,C9H12AuCl2N+,55000.0,4.26,Compound was tested for in vitro growth inhibition of primary panel tumor cell line HT-29/219,HT-29,,
CHEMBL358664,,C9H12AuCl2N+,30000.0,4.52,Compound was tested for in vitro growth inhibition of primary panel tumor cell line HT1376,HT-1376,,
CHEMBL358664,,C9H12AuCl2N+,45000.0,4.35,Compound was tested for in vitro growth inhibition of primary panel tumor cell lines SK-OV-3,SK-OV-3,,
CHEMBL358664,,C9H12AuCl2N+,57000.0,4.24,Compound was tested for in vitro growth inhibition of Ovarian carcinoma cell line panel HX62,HX62 cell line,,
CHEMBL358664,,C9H12AuCl2N+,109000.0,,Compound was tested for in vitro growth inhibition of Ovarian carcinoma cell line panelSK-OV-3,SK-OV-3,,
CHEMBL358664,,C9H12AuCl2N+,13000.0,4.89,Compound was tested for in vitro growth inhibition of Ovarian carcinoma cell line panel CH1,CH1,,
CHEMBL358664,,C9H12AuCl2N+,22000.0,4.66,Compound was tested for in vitro growth inhibition of Ovarian carcinoma cell line panel CH1-R,CH1,,
CHEMBL358664,,C9H12AuCl2N+,8200.0,5.09,Compound was tested for in vitro growth inhibition of Ovarian carcinoma cell line panel A2780,A2780,,
CHEMBL358664,,C9H12AuCl2N+,47000.0,4.33,Compound was tested for in vitro growth inhibition of Ovarian carcinoma cell line panel A2780-R,A2780,,
CHEMBL149255,,C11H12AuNO4+,205000.0,,Compound was tested for in vitro growth inhibition of primary panel tumor cell line SW620,SW-620,,
CHEMBL149255,,C11H12AuNO4+,215000.0,,Compound was tested for in vitro growth inhibition of primary panel tumor cell line SW1116,SW 1116,,
CHEMBL149255,,C11H12AuNO4+,41000.0,4.39,Compound was tested for in vitro growth inhibition of primary panel tumor cell line ZR-75-1,ZR-75-1,,
CHEMBL149255,,C11H12AuNO4+,19000.0,4.72,Compound was tested for in vitro growth inhibition of primary panel tumor cell line HT-29/219,HT-29,,
CHEMBL149255,,C11H12AuNO4+,10000.0,5.0,Compound was tested for in vitro growth inhibition of primary panel tumor cell line HT1376,HT-1376,,
CHEMBL149255,,C11H12AuNO4+,10000.0,5.0,Compound was tested for in vitro growth inhibition of primary panel tumor cell lines SK-OV-3,SK-OV-3,,
CHEMBL149255,,C11H12AuNO4+,30000.0,4.52,Compound was tested for in vitro growth inhibition of Ovarian carcinoma cell line panel HX62,HX62 cell line,,
CHEMBL149255,,C11H12AuNO4+,42000.0,4.38,Compound was tested for in vitro growth inhibition of Ovarian carcinoma cell line panel SK-OV-3,SK-OV-3,,
CHEMBL149255,,C11H12AuNO4+,11000.0,4.96,Compound was tested for in vitro growth inhibition of Ovarian carcinoma cell line panel CH1,CH1,,
CHEMBL149255,,C11H12AuNO4+,13000.0,4.89,Compound was tested for in vitro growth inhibition of Ovarian carcinoma cell line panel CH1-R,CH1,,
CHEMBL149255,,C11H12AuNO4+,3700.0,5.43,Compound was tested for in vitro growth inhibition of Ovarian carcinoma cell line panel A2780,A2780,,
CHEMBL149255,,C11H12AuNO4+,35000.0,4.46,Compound was tested for in vitro growth inhibition of Ovarian carcinoma cell line panel A2780-R,A2780,,
CHEMBL1351,,C6H12N2O4Pt,188030.0,,Growth inhibitory activity against COLO-320-DM human colon cancer cell line,COLO 320DM,,
CHEMBL1351,,C6H12N2O4Pt,500560.0,,Growth inhibitory activity against SK-Hep1 human liver cancer cell line,SK-HEP1,,
CHEMBL1351,,C6H12N2O4Pt,1082660.0,,Growth inhibitory activity against MDA-MB-231 human breast cancer cell line,MDA-MB-231,,
CHEMBL1351,,C6H12N2O4Pt,60260.0,4.22,Growth inhibitory activity against NCI-H460 human lung cancer cell line,NCI-H460,,
CHEMBL1351,,C6H12N2O4Pt,148730.0,,Growth inhibitory activity against SK-OV-3 human ovarian cancer cell line,SK-OV-3,,
CHEMBL1351,,C6H12N2O4Pt,2750.0,5.56,Growth inhibitory activity against NTERA-S-cl-D1 human testicular cancer cell line,NTERA-2-cl-D1,,
CHEMBL1351,,C6H12N2O4Pt,17780.0,4.75,Cytotoxicity against NCI-H460-sensitive Human Nonsmall Cell Lung Cancer cell line assessed by MTT assay after 96 hr of compound exposure,NCI-H460,,
CHEMBL1351,,C6H12N2O4Pt,54600.0,4.26,Cytotoxicity against NCI-H460-resistant Human Nonsmall Cell Lung Cancer cell line assessed by MTT assay after 96 hr of compound exposure (resistance level),NCI-H460,,
CHEMBL117991,,C19H24ClN3O3PtS+2,430.0,6.37,Cytotoxicity activity against Bel-7402 cell line,Bel-7402,,
CHEMBL117991,,C19H24ClN3O3PtS+2,380.0,6.42,Cytotoxicity activity against HCT116 cell line,HCT-116,,
CHEMBL117991,,C19H24ClN3O3PtS+2,430.0,6.37,Cytotoxicity activity against SPC-A4 cell line,SPC-A4,,
CHEMBL117991,,C19H24ClN3O3PtS+2,610.0,6.21,Cytotoxicity activity against MOLT-4 cell line,MOLT-4,,
CHEMBL11359,,H6Cl2N2Pt+2,167000.0,,Compound was tested for in vitro growth inhibition of primary panel tumor cell lines SW620,SW-620,,
CHEMBL11359,,H6Cl2N2Pt+2,163000.0,,Compound was tested for in vitro growth inhibition of primary panel tumor cell line SW1116,SW 1116,,
CHEMBL11359,,H6Cl2N2Pt+2,27000.0,4.57,Compound was tested for in vitro growth inhibition of primary panel tumor cell linZR-75-1,ZR-75-1,,
CHEMBL11359,,H6Cl2N2Pt+2,17000.0,4.77,Compound was tested for in vitro growth inhibition of primary panel tumor cell line HT-29/219,HT-29,,
CHEMBL11359,,H6Cl2N2Pt+2,23000.0,4.64,Compound was tested for in vitro growth inhibition of primary panel tumor cell line HT1376,HT-1376,,
CHEMBL11359,,H6Cl2N2Pt+2,23000.0,4.64,Compound was tested for in vitro growth inhibition of primary panel tumor cell line SK-OV-3,SK-OV-3,,
CHEMBL11359,,H6Cl2N2Pt+2,18000.0,4.75,Compound was tested for in vitro growth inhibition of Ovarian carcinoma cell line panel HX62,HX62 cell line,,
CHEMBL11359,,H6Cl2N2Pt+2,5200.0,5.28,Compound was tested for in vitro growth inhibition of Ovarian carcinoma cell line panel SK-OV-3,SK-OV-3,,
CHEMBL11359,,H6Cl2N2Pt+2,120.0,6.92,Compound was tested for in vitro growth inhibition of Ovarian carcinoma cell line panel CH1,CH1,,
CHEMBL11359,,H6Cl2N2Pt+2,560.0,6.25,Compound was tested for in vitro growth inhibition of Ovarian carcinoma cell line panel CH1-R,CH1,,
CHEMBL11359,,H6Cl2N2Pt+2,1200.0,5.92,Compound was tested for in vitro growth inhibition of Ovarian carcinoma cell line panel A2780,A2780,,
CHEMBL11359,,H6Cl2N2Pt+2,10000.0,5.0,Compound was tested for in vitro growth inhibition of Ovarian carcinoma cell line panel A2780-R,A2780,,
CHEMBL111089,,C6H20Cl3N5Pt2,31000.0,4.51,Cytotoxic activity in a panel of Human ovarian tumor SKOV-3 cell line after 96h of drug exposure,SK-OV-3,,
CHEMBL111089,,C6H20Cl3N5Pt2,24000.0,4.62,Cytotoxic activity in a panel of Human ovarian tumor HX/62 cell line after 96h of drug exposure,HX62 cell line,,
CHEMBL111089,,C6H20Cl3N5Pt2,280.0,6.55,Cytotoxic activity in a panel of Human ovarian tumor A2780 cell line after 96h of drug exposure,A2780,,
CHEMBL111089,,C6H20Cl3N5Pt2,890.0,6.05,Cytotoxic activity in a panel of Human ovarian tumor A2780/CDDP cell line after 96h of drug exposure,A2780,,
CHEMBL111089,,C6H20Cl3N5Pt2,300.0,6.52,Cytotoxic activity in a panel of Human ovarian tumor CH1 cell line after 96h of drug exposure,CH1,,
CHEMBL111089,,C6H20Cl3N5Pt2,970.0,6.01,Cytotoxic activity in a panel of Human ovarian tumor CH1/CDDP cell line after 96h of drug exposure,CH1,,
CHEMBL111089,,C6H20Cl3N5Pt2,2500.0,5.6,Cytotoxic activity in a panel of Human ovarian tumor 41M cell line after 96h of drug exposure,41M,,
CHEMBL111089,,C6H20Cl3N5Pt2,670.0,6.17,Cytotoxic activity in a panel of Human ovarian tumor 41M/CDDP cell line after 96h of drug exposure,41M,,
CHEMBL111089,,C6H20Cl3N5Pt2,17700.0,4.75,Cytotoxic activity in a panel of Human ovarian tumor SKOV-3 cell line after 96h of drug exposure,SK-OV-3,,
CHEMBL111089,,C6H20Cl3N5Pt2,12500.0,4.9,Cytotoxic activity in a panel of Human ovarian tumor HX/62 cell line after 96h of drug exposure,HX62 cell line,,
CHEMBL111089,,C6H20Cl3N5Pt2,66.0,7.18,Cytotoxic activity in a panel of Human ovarian tumor A2780 cell line after 96h of drug exposure,A2780,,
CHEMBL111089,,C6H20Cl3N5Pt2,340.0,6.47,Cytotoxic activity in a panel of Human ovarian tumor A2780/CDDP cell line after 96h of drug exposure,A2780,,
CHEMBL111089,,C6H20Cl3N5Pt2,220.0,6.66,Cytotoxic activity in a panel of Human ovarian tumor CH1 cell line after 96h of drug exposure,CH1,,
CHEMBL111089,,C6H20Cl3N5Pt2,980.0,6.01,Cytotoxic activity in a panel of Human ovarian tumor CH1/CDDP cell line after 96h of drug exposure,CH1,,
CHEMBL111089,,C6H20Cl3N5Pt2,2400.0,5.62,Cytotoxic activity in a panel of Human ovarian tumor 41M cell line after 96h of drug exposure,41M,,
CHEMBL111089,,C6H20Cl3N5Pt2,1300.0,5.89,Cytotoxic activity in a panel of Human ovarian tumor 41M/CDDP cell line after 96h of drug exposure,41M,,
CHEMBL150105,,C13H18AuNO4+,281000.0,,Compound was tested for in vitro growth inhibition of primary panel tumor cell lines SW620,SW-620,,
CHEMBL150105,,C13H18AuNO4+,238000.0,,Compound was tested for in vitro growth inhibition of primary panel tumor cell line SW1116,SW 1116,,
CHEMBL150105,,C13H18AuNO4+,45000.0,4.35,Compound was tested for in vitro growth inhibition of primary panel tumor cell line ZR-75-1,ZR-75-1,,
CHEMBL150105,,C13H18AuNO4+,67000.0,4.17,Compound was tested for in vitro growth inhibition of primary panel tumor cell line HT-29/219,HT-29,,
CHEMBL150105,,C13H18AuNO4+,13000.0,4.89,Compound was tested for in vitro growth inhibition of primary panel tumor cell line HT1376,HT-1376,,
CHEMBL150105,,C13H18AuNO4+,13000.0,4.89,Compound was tested for in vitro growth inhibition of primary panel tumor cell lines SK-OV-3,SK-OV-3,,
CHEMBL150105,,C13H18AuNO4+,34000.0,4.47,Compound was tested for in vitro growth inhibition of Ovarian carcinoma cell line panel HX62,HX62 cell line,,
CHEMBL150105,,C13H18AuNO4+,107000.0,,Compound was tested for in vitro growth inhibition of Ovarian carcinoma cell line panel SK-OV-3,SK-OV-3,,
CHEMBL150105,,C13H18AuNO4+,11000.0,4.96,Compound was tested for in vitro growth inhibition of Ovarian carcinoma cell line panel CH1,CH1,,
CHEMBL150105,,C13H18AuNO4+,12000.0,4.92,Compound was tested for in vitro growth inhibition of Ovarian carcinoma cell line panel CH1-R,CH1,,
CHEMBL150105,,C13H18AuNO4+,3500.0,5.46,Compound was tested for in vitro growth inhibition of Ovarian carcinoma cell line panel A2780,A2780,,
CHEMBL150105,,C13H18AuNO4+,35000.0,4.46,Compound was tested for in vitro growth inhibition of Ovarian carcinoma cell line panel A2780-R,A2780,,
CHEMBL347085,,C12H14AuNO4+,67000.0,4.17,Compound was tested for in vitro growth inhibition of primary panel tumor cell line SW620,SW-620,,
CHEMBL347085,,C12H14AuNO4+,80000.0,4.1,Compound was tested for in vitro growth inhibition of primary panel tumor cell line SW1116,SW 1116,,
CHEMBL347085,,C12H14AuNO4+,36000.0,4.44,Compound was tested for in vitro growth inhibition of primary panel tumor cell line ZR-75-1,ZR-75-1,,
CHEMBL347085,,C12H14AuNO4+,36000.0,4.44,Compound was tested for in vitro growth inhibition of primary panel tumor cell line HT-29/219,HT-29,,
CHEMBL347085,,C12H14AuNO4+,11000.0,4.96,Compound was tested for in vitro growth inhibition of primary panel tumor cell line HT1376,HT-1376,,
CHEMBL347085,,C12H14AuNO4+,11000.0,4.96,Compound was tested for in vitro growth inhibition of primary panel tumor cell lines SK-OV-3,SK-OV-3,,
CHEMBL347085,,C12H14AuNO4+,27000.0,4.57,Compound was tested for in vitro growth inhibition of Ovarian carcinoma cell line panel HX62,HX62 cell line,,
CHEMBL347085,,C12H14AuNO4+,30000.0,4.52,Compound was tested for in vitro growth inhibition of Ovarian carcinoma cell line panel SK-OV-3,SK-OV-3,,
CHEMBL347085,,C12H14AuNO4+,2700.0,5.57,Compound was tested for in vitro growth inhibition of Ovarian carcinoma cell line panel CH1,CH1,,
CHEMBL347085,,C12H14AuNO4+,3300.0,5.48,Compound was tested for in vitro growth inhibition of Ovarian carcinoma cell line panel CH1-R,CH1,,
CHEMBL347085,,C12H14AuNO4+,2700.0,5.57,Compound was tested for in vitro growth inhibition of Ovarian carcinoma cell line panel A2780,A2780,,
CHEMBL347085,,C12H14AuNO4+,16000.0,4.8,Compound was tested for in vitro growth inhibition of Ovarian carcinoma cell line panel A2780-R,A2780,,
CHEMBL11359,,H6Cl2N2Pt+2,11900.0,4.92,Growth inhibitory activity against COLO-320-DM human colon cancer cell line,COLO 320DM,,
CHEMBL11359,,H6Cl2N2Pt+2,54150.0,4.27,Growth inhibitory activity against SK-Hep1 human liver cancer cell line,SK-HEP1,,
CHEMBL11359,,H6Cl2N2Pt+2,65740.0,4.18,Growth inhibitory activity against MDA-MB-231 human breast cancer cell line,MDA-MB-231,,
CHEMBL11359,,H6Cl2N2Pt+2,11320.0,4.95,Growth inhibitory activity against NCI-H460 human lung cancer cell line,NCI-H460,,
CHEMBL11359,,H6Cl2N2Pt+2,15160.0,4.82,Growth inhibitory activity against SK-OV-3 human ovarian cancer cell line,SK-OV-3,,
CHEMBL11359,,H6Cl2N2Pt+2,190.0,6.72,Growth inhibitory activity against NTERA-S-cl-D1 human testicular cancer cell line,NTERA-2-cl-D1,,
CHEMBL11359,,H6Cl2N2Pt+2,590.0,6.23,Cytotoxicity against NCI-H460-sensitive Human Nonsmall Cell Lung Cancer cell line assessed by MTT assay after 96 hr of compound exposure,NCI-H460,,
CHEMBL11359,,H6Cl2N2Pt+2,4960.0,5.3,Cytotoxicity against NCI-H460-resistant Human Nonsmall Cell Lung Cancer cell line assessed by MTT assay after 96 hr of compound exposure (resistance level),NCI-H460,,
CHEMBL2068551,,C8H12N2O5Pt,37250.0,4.43,Growth inhibitory activity against COLO-320-DM human colon cancer cell line,COLO 320DM,,
CHEMBL2068551,,C8H12N2O5Pt,20590.0,4.69,Growth inhibitory activity against SK-Hep1 human liver cancer cell line,SK-HEP1,,
CHEMBL2068551,,C8H12N2O5Pt,63800.0,4.2,Growth inhibitory activity against MDA-MB-231 human breast cancer cell line,MDA-MB-231,,
CHEMBL2068551,,C8H12N2O5Pt,21140.0,4.67,Growth inhibitory activity against NCI-H460 human lung cancer cell line,NCI-H460,,
CHEMBL2068551,,C8H12N2O5Pt,40750.0,4.39,Growth inhibitory activity against SK-OV-3 human ovarian cancer cell line,SK-OV-3,,
CHEMBL2068551,,C8H12N2O5Pt,360.0,6.44,Growth inhibitory activity against NTERA-S-cl-D1 human testicular cancer cell line,NTERA-2-cl-D1,,
CHEMBL2068551,,C8H12N2O5Pt,2880.0,5.54,Cytotoxicity against NCI-H460-sensitive Human Nonsmall Cell Lung Cancer cell line assessed by MTT assay after 96 hr of compound exposure,NCI-H460,,
CHEMBL2068551,,C8H12N2O5Pt,10520.0,4.98,Cytotoxicity against NCI-H460-resistant Human Nonsmall Cell Lung Cancer cell line assessed by MTT assay after 96 hr of compound exposure (resistance level),NCI-H460,,
CHEMBL146966,,C11H12AuN3S2+,51000.0,4.29,Compound was tested for in vitro growth inhibition of primary panel tumor cell line SW620,SW-620,,
CHEMBL146966,,C11H12AuN3S2+,47000.0,4.33,Compound was tested for in vitro growth inhibition of primary panel tumor cell line SW1116,SW 1116,,
CHEMBL146966,,C11H12AuN3S2+,34000.0,4.47,Compound was tested for in vitro growth inhibition of primary panel tumor cell line ZR-75-1,ZR-75-1,,
CHEMBL146966,,C11H12AuN3S2+,25000.0,4.6,Compound was tested for in vitro growth inhibition of primary panel tumor cell line HT-29/219,HT-29,,
CHEMBL146966,,C11H12AuN3S2+,6700.0,5.17,Compound was tested for in vitro growth inhibition of primary panel tumor cell line HT1376,HT-1376,,
CHEMBL146966,,C11H12AuN3S2+,20000.0,4.7,Compound was tested for in vitro growth inhibition of primary panel tumor cell line SK-OV-3,SK-OV-3,,
CHEMBL146966,,C11H12AuN3S2+,31000.0,4.51,Compound was tested for in vitro growth inhibition of Ovarian carcinoma cell line panel HX62,HX62 cell line,,
CHEMBL146966,,C11H12AuN3S2+,39000.0,4.41,Compound was tested for in vitro growth inhibition of Ovarian carcinoma cell line panel SK-OV-3,SK-OV-3,,
CHEMBL146966,,C11H12AuN3S2+,10000.0,5.0,Compound was tested for in vitro growth inhibition of Ovarian carcinoma cell line panel CH1,CH1,,
CHEMBL146966,,C11H12AuN3S2+,11000.0,4.96,Compound was tested for in vitro growth inhibition of Ovarian carcinoma cell line panel CH1-R,CH1,,
CHEMBL146966,,C11H12AuN3S2+,2000.0,5.7,Compound was tested for in vitro growth inhibition of Ovarian carcinoma cell line panel A2780,A2780,,
CHEMBL146966,,C11H12AuN3S2+,26000.0,4.58,Compound was tested for in vitro growth inhibition of Ovarian carcinoma cell line panel A2780-R,A2780,,
CHEMBL108133,,C6H22Cl2N6Pt2+2,15300.0,4.82,Cytotoxic activity in a panel of Human ovarian tumor SKOV-3 cell line after 96h of drug exposure,SK-OV-3,,
CHEMBL108133,,C6H22Cl2N6Pt2+2,11000.0,4.96,Cytotoxic activity in a panel of Human ovarian tumor HX/62 cell line after 96h of drug exposure,HX62 cell line,,
CHEMBL108133,,C6H22Cl2N6Pt2+2,66.0,7.18,Cytotoxic activity in a panel of Human ovarian tumor A2780 cell line after 96h of drug exposure,A2780,,
CHEMBL108133,,C6H22Cl2N6Pt2+2,1200.0,5.92,Cytotoxic activity in a panel of Human ovarian tumor A2780/CDDP cell line after 96h of drug exposure,A2780,,
CHEMBL108133,,C6H22Cl2N6Pt2+2,56.0,7.25,Cytotoxic activity in a panel of Human ovarian tumor CH1 cell line after 96h of drug exposure,CH1,,
CHEMBL108133,,C6H22Cl2N6Pt2+2,190.0,6.72,Cytotoxic activity in a panel of Human ovarian tumor CH1/CDDP cell line after 96h of drug exposure,CH1,,
CHEMBL108133,,C6H22Cl2N6Pt2+2,1900.0,5.72,Cytotoxic activity in a panel of Human ovarian tumor 41M cell line after 96h of drug exposure,41M,,
CHEMBL108133,,C6H22Cl2N6Pt2+2,410.0,6.39,Cytotoxic activity in a panel of Human ovarian tumor 41M/CDDP cell line after 96h of drug exposure,41M,,
CHEMBL2068447,,C14H24N2O5Pt,84680.0,4.07,Growth inhibitory activity against COLO-320-DM human colon cancer cell line,COLO 320DM,,
CHEMBL2068447,,C14H24N2O5Pt,17180.0,4.76,Growth inhibitory activity against SK-Hep1 human liver cancer cell line,SK-HEP1,,
CHEMBL2068447,,C14H24N2O5Pt,94450.0,4.03,Growth inhibitory activity against MDA-MB-231 human breast cancer cell line,MDA-MB-231,,
CHEMBL2068447,,C14H24N2O5Pt,26460.0,4.58,Growth inhibitory activity against NCI-H460 human lung cancer cell line,NCI-H460,,
CHEMBL2068447,,C14H24N2O5Pt,77650.0,4.11,Growth inhibitory activity against SK-OV-3 human ovarian cancer cell line,SK-OV-3,,
CHEMBL2068447,,C14H24N2O5Pt,1440.0,5.84,Growth inhibitory activity against NTERA-S-cl-D1 human testicular cancer cell line,NTERA-2-cl-D1,,
CHEMBL2068447,,C14H24N2O5Pt,11760.0,4.93,Cytotoxicity against NCI-H460-sensitive Human Nonsmall Cell Lung Cancer cell line assessed by MTT assay after 96 hr of compound exposure,NCI-H460,,
CHEMBL2068447,,C14H24N2O5Pt,20410.0,4.69,Cytotoxicity against NCI-H460-resistant Human Nonsmall Cell Lung Cancer cell line assessed by MTT assay after 96 hr of compound exposure (resistance level),NCI-H460,,
CHEMBL2068563,,C10H16N2O5Pt,48920.0,4.31,Growth inhibitory activity against COLO-320-DM human colon cancer cell line,COLO 320DM,,
CHEMBL2068563,,C10H16N2O5Pt,15440.0,4.81,Growth inhibitory activity against SK-Hep1 human liver cancer cell line,SK-HEP1,,
CHEMBL2068563,,C10H16N2O5Pt,49430.0,4.31,Growth inhibitory activity against MDA-MB-231 human breast cancer cell line,MDA-MB-231,,
CHEMBL2068563,,C10H16N2O5Pt,3440.0,5.46,Growth inhibitory activity against NCI-H460 human lung cancer cell line,NCI-H460,,
CHEMBL2068563,,C10H16N2O5Pt,37190.0,4.43,Growth inhibitory activity against SK-OV-3 human ovarian cancer cell line,SK-OV-3,,
CHEMBL2068563,,C10H16N2O5Pt,840.0,6.08,Growth inhibitory activity against NTERA-S-cl-D1 human testicular cancer cell line,NTERA-2-cl-D1,,
CHEMBL2068563,,C10H16N2O5Pt,12590.0,4.9,Cytotoxicity against NCI-H460-sensitive Human Nonsmall Cell Lung Cancer cell line assessed by MTT assay after 96 hr of compound exposure,NCI-H460,,
CHEMBL2068563,,C10H16N2O5Pt,23290.0,4.63,Cytotoxicity against NCI-H460-resistant Human Nonsmall Cell Lung Cancer cell line assessed by MTT assay after 96 hr of compound exposure (resistance level),NCI-H460,,
CHEMBL108133,,C6H22Cl2N6Pt2+2,87000.0,4.06,Cytotoxic activity in a panel of Human ovarian tumor SKOV-3 cell line after 96h of drug exposure,SK-OV-3,,
CHEMBL108133,,C6H22Cl2N6Pt2+2,14000.0,4.85,Cytotoxic activity in a panel of Human ovarian tumor HX/62 cell line after 96h of drug exposure,HX62 cell line,,
CHEMBL108133,,C6H22Cl2N6Pt2+2,250.0,6.6,Cytotoxic activity in a panel of Human ovarian tumor A2780 cell line after 96h of drug exposure,A2780,,
CHEMBL108133,,C6H22Cl2N6Pt2+2,4900.0,5.31,Cytotoxic activity in a panel of Human ovarian tumor A2780/CDDP cell line after 96h of drug exposure,A2780,,
CHEMBL108133,,C6H22Cl2N6Pt2+2,1600.0,5.8,Cytotoxic activity in a panel of Human ovarian tumor CH1 cell line after 96h of drug exposure,CH1,,
CHEMBL108133,,C6H22Cl2N6Pt2+2,3200.0,5.5,Cytotoxic activity in a panel of Human ovarian tumor CH1/CDDP cell line after 96h of drug exposure,CH1,,
CHEMBL108133,,C6H22Cl2N6Pt2+2,7400.0,5.13,Cytotoxic activity in a panel of Human ovarian tumor 41M cell line after 96h of drug exposure,41M,,
CHEMBL108133,,C6H22Cl2N6Pt2+2,1800.0,5.75,Cytotoxic activity in a panel of Human ovarian tumor 41M/CDDP cell line after 96h of drug exposure,41M,,
CHEMBL11359,,H6Cl2N2Pt+2,8000.0,5.1,Cytotoxic activity in a panel of Human ovarian tumor SKOV-3 cell line after 96h of drug exposure,SK-OV-3,,
CHEMBL11359,,H6Cl2N2Pt+2,25000.0,4.6,Cytotoxic activity in a panel of Human ovarian tumor HX/62 cell line after 96h of drug exposure,HX62 cell line,,
CHEMBL11359,,H6Cl2N2Pt+2,530.0,6.28,Cytotoxic activity in a panel of Human ovarian tumor A2780 cell line after 96h of drug exposure,A2780,,
CHEMBL11359,,H6Cl2N2Pt+2,6200.0,5.21,Cytotoxic activity in a panel of Human ovarian tumor A2780/CDDP cell line after 96h of drug exposure,A2780,,
CHEMBL11359,,H6Cl2N2Pt+2,180.0,6.75,Cytotoxic activity in a panel of Human ovarian tumor CH1 cell line after 96h of drug exposure,CH1,,
CHEMBL11359,,H6Cl2N2Pt+2,1450.0,5.84,Cytotoxic activity in a panel of Human ovarian tumor CH1/CDDP cell line after 96h of drug exposure,CH1,,
CHEMBL11359,,H6Cl2N2Pt+2,540.0,6.27,Cytotoxic activity in a panel of Human ovarian tumor 41M cell line after 96h of drug exposure,41M,,
CHEMBL11359,,H6Cl2N2Pt+2,1700.0,5.77,Cytotoxic activity in a panel of Human ovarian tumor 41M/CDDP cell line after 96h of drug exposure,41M,,
CHEMBL2068288,,C12H20N2O5Pt,48460.0,4.32,Growth inhibitory activity against COLO-320-DM human colon cancer cell line,COLO 320DM,,
CHEMBL2068288,,C12H20N2O5Pt,19990.0,4.7,Growth inhibitory activity against SK-Hep1 human liver cancer cell line,SK-HEP1,,
CHEMBL2068288,,C12H20N2O5Pt,62530.0,4.2,Growth inhibitory activity against MDA-MB-231 human breast cancer cell line,MDA-MB-231,,
CHEMBL2068288,,C12H20N2O5Pt,3910.0,5.41,Growth inhibitory activity against NCI-H460 human lung cancer cell line,NCI-H460,,
CHEMBL2068288,,C12H20N2O5Pt,62610.0,4.2,Growth inhibitory activity against SK-OV-3 human ovarian cancer cell line,SK-OV-3,,
CHEMBL2068288,,C12H20N2O5Pt,600.0,6.22,Growth inhibitory activity against NTERA-S-cl-D1 human testicular cancer cell line,NTERA-2-cl-D1,,
CHEMBL2068288,,C12H20N2O5Pt,9430.0,5.03,Cytotoxicity against NCI-H460-sensitive Human Nonsmall Cell Lung Cancer cell line assessed by MTT assay after 96 hr of compound exposure,NCI-H460,,
CHEMBL2068288,,C12H20N2O5Pt,16690.0,4.78,Cytotoxicity against NCI-H460-resistant Human Nonsmall Cell Lung Cancer cell line assessed by MTT assay after 96 hr of compound exposure (resistance level),NCI-H460,,
CHEMBL2068449,,C14H20N2O5Pt,10100.0,5.0,Growth inhibitory activity against COLO-320-DM human colon cancer cell line,COLO 320DM,,
CHEMBL2068449,,C14H20N2O5Pt,2970.0,5.53,Growth inhibitory activity against SK-Hep1 human liver cancer cell line,SK-HEP1,,
CHEMBL2068449,,C14H20N2O5Pt,36530.0,4.44,Growth inhibitory activity against MDA-MB-231 human breast cancer cell line,MDA-MB-231,,
CHEMBL2068449,,C14H20N2O5Pt,3140.0,5.5,Growth inhibitory activity against NCI-H460 human lung cancer cell line,NCI-H460,,
CHEMBL2068449,,C14H20N2O5Pt,41930.0,4.38,Growth inhibitory activity against SK-OV-3 human ovarian cancer cell line,SK-OV-3,,
CHEMBL2068449,,C14H20N2O5Pt,150.0,6.82,Growth inhibitory activity against NTERA-S-cl-D1 human testicular cancer cell line,NTERA-2-cl-D1,,
CHEMBL2068449,,C14H20N2O5Pt,1230.0,5.91,Cytotoxicity against NCI-H460-sensitive Human Nonsmall Cell Lung Cancer cell line assessed by MTT assay after 96 hr of compound exposure,NCI-H460,,
CHEMBL2068449,,C14H20N2O5Pt,1400.0,5.85,Cytotoxicity against NCI-H460-resistant Human Nonsmall Cell Lung Cancer cell line assessed by MTT assay after 96 hr of compound exposure (resistance level),NCI-H460,,
CHEMBL11359,,H6Cl2N2Pt+2,670.0,6.17,Cytotoxicity against human small-cell lung cancer (SCLC),N592,,
CHEMBL11359,,H6Cl2N2Pt+2,22000.0,4.66,Inhibitory activity against JURKAT cell line,Jurkat,,
CHEMBL11359,,H6Cl2N2Pt+2,7000.0,5.16,Inhibitory activity against HeLa cell line,HeLa,,
CHEMBL11359,,H6Cl2N2Pt+2,10500.0,4.98,Inhibition of cell growth in human ovarian carcinoma cell line(SKOV-3) using the 96 hour continuous exposure sulforhodamine B (SRB) growth delay assay,SK-OV-3,,
CHEMBL11359,,H6Cl2N2Pt+2,265.0,6.58,Inhibition of cell growth in human ovarian carcinoma cell line (A2780) using the 96 hour continuous exposure sulforhodamine B (SRB) growth delay assay,A2780,,
CHEMBL11359,,H6Cl2N2Pt+2,8400.0,5.08,"Inhibition of cell growth in human ovarian carcinoma cell line (A2780cisR,cisplatin-resistant)using the 96 hour continuous exposure sulforhodamine B (SRB) growth delay assay",A2780,,
CHEMBL11359,,H6Cl2N2Pt+2,180.0,6.75,Inhibition of cell growth in human ovarian carcinoma cell line (CH1) was determined using the 96 hour continuous exposure sulforhodamine B (SRB) growth delay assay.,CH1,,
CHEMBL11359,,H6Cl2N2Pt+2,1100.0,5.96,"Inhibition of cell growth in human ovarian carcinoma cell line (CH1-cis-R,cisplatin resistant) using the 96 hour exposure sulforhodamine B (SRB) growth delay assay",CH1,,
CHEMBL1386,,H6Cl2N2Pt,200000.0,,cytotoxicity against A2780 cells incubated for 24 hr in MTT assay.,A2780,,
CHEMBL1386,,H6Cl2N2Pt,200000.0,,cytotoxicity against A2780cisR cells incubated for 24 hr in MTT assay,A2780cisR,,
CHEMBL1386,,H6Cl2N2Pt,200000.0,,cytotoxicity against CH1 cells incubated for 24 hr in MTT assay.,CH1,,
CHEMBL1386,,H6Cl2N2Pt,200000.0,,cytotoxicity against CH1cisR cells incubated for 24 hr in MTT assay,CH1,,
CHEMBL1386,,H6Cl2N2Pt,200000.0,,cytotoxicity against 41M cells incubated for 24 hr in MTT assay.,41M,,
CHEMBL1386,,H6Cl2N2Pt,200000.0,,cytotoxicity against 41McisR cells incubated for 24 hr in MTT assay,41M,,
CHEMBL3142754,,C42H50Cl2N5O14PPt,35000.0,4.46,Growth and colony formation inhibition of CEM leukemia cancer cell lines,CCRF-CEM,,
CHEMBL3142754,,C42H50Cl2N5O14PPt,4000.0,5.4,Growth and colony formation inhibition of A2780 ovarian cancer cell lines,A2780,,
CHEMBL3142754,,C42H50Cl2N5O14PPt,24000.0,4.62,Growth and colony formation inhibition of SKOV-3 ovarian cancer cell lines,SK-OV-3,,
CHEMBL2068310,,C8H20Cl4N2O2Pt,10000.0,5.0,Growth and colony formation inhibition of CEM leukemia cancer cell lines,CCRF-CEM,,
CHEMBL2068310,,C8H20Cl4N2O2Pt,2200.0,5.66,Growth and colony formation inhibition of A2780 ovarian cancer cell lines,A2780,,
CHEMBL2068310,,C8H20Cl4N2O2Pt,4000.0,5.4,Growth and colony formation inhibition of SKOV-3 ovarian cancer cell lines,SK-OV-3,,
CHEMBL11359,,H6Cl2N2Pt+2,2200.0,5.66,cytotoxicity against A2780 cells incubated for 24 hr in MTT assay.,A2780,,
CHEMBL11359,,H6Cl2N2Pt+2,38000.0,4.42,cytotoxicity against A2780cisR cells incubated for 24 hr in MTT assay,A2780cisR,,
CHEMBL11359,,H6Cl2N2Pt+2,6000.0,5.22,cytotoxicity against CH1 cells incubated for 24 hr in MTT assay.,CH1,,
CHEMBL11359,,H6Cl2N2Pt+2,23000.0,4.64,cytotoxicity against CH1cisR cells incubated for 24 hr in MTT assay,CH1,,
CHEMBL11359,,H6Cl2N2Pt+2,26000.0,4.58,cytotoxicity against 41M cells incubated for 24 hr in MTT assay.,41M,,
CHEMBL11359,,H6Cl2N2Pt+2,107000.0,,cytotoxicity against 41McisR cells incubated for 24 hr in MTT assay,41M,,
CHEMBL11359,,H6Cl2N2Pt+2,1000.0,,Growth and colony formation inhibition of CEM leukemia cancer cell lines,CCRF-CEM,,
CHEMBL11359,,H6Cl2N2Pt+2,600.0,6.22,Growth and colony formation inhibition of A2780 ovarian cancer cell lines,A2780,,
CHEMBL11359,,H6Cl2N2Pt+2,500.0,6.3,Growth and colony formation inhibition of SKOV-3 ovarian cancer cell lines,SK-OV-3,,
CHEMBL2068319,,C4H12Cl2N2OPt,6000.0,5.22,Growth and colony formation inhibition of SKOV-3 ovarian cancer cell lines,SK-OV-3,,
CHEMBL2068496,,C9H19Cl2N3Pt,18000.0,4.75,cytotoxicity against A2780 cells incubated for 24 hr in MTT assay.,A2780,,
CHEMBL2068496,,C9H19Cl2N3Pt,64000.0,4.19,cytotoxicity against A2780cisR cells incubated for 24 hr in MTT assay,A2780cisR,,
CHEMBL2068496,,C9H19Cl2N3Pt,22000.0,4.66,cytotoxicity against CH1 cells incubated for 24 hr in MTT assay.,CH1,,
CHEMBL2068496,,C9H19Cl2N3Pt,85000.0,4.07,cytotoxicity against CH1cisR cells incubated for 24 hr in MTT assay,CH1,,
CHEMBL2068496,,C9H19Cl2N3Pt,37000.0,4.43,cytotoxicity against 41M cells incubated for 24 hr in MTT assay.,41M,,
CHEMBL2068496,,C9H19Cl2N3Pt,118000.0,,cytotoxicity against 41McisR cells incubated for 24 hr in MTT assay,41M,,
CHEMBL2068454,,C6H16Cl2N2O2Pt,20000.0,4.7,Growth and colony formation inhibition of SKOV-3 ovarian cancer cell lines,SK-OV-3,,
CHEMBL1351,,C6H12N2O4Pt,28500.0,4.54,Growth and colony formation inhibition of SKOV-3 ovarian cancer cell lines,SK-OV-3,,
CHEMBL2068313,,C4H12Cl4N2OPt,9000.0,5.05,Growth and colony formation inhibition of SKOV-3 ovarian cancer cell lines,SK-OV-3,,
CHEMBL2068453,,C4H10Cl2N2OPt,30000.0,4.52,Growth and colony formation inhibition of SKOV-3 ovarian cancer cell lines,SK-OV-3,,
CHEMBL2068376,,C8H19Cl2N3Pt,16000.0,4.8,cytotoxicity against A2780 cells incubated for 24 hr in MTT assay.,A2780,,
CHEMBL2068376,,C8H19Cl2N3Pt,28000.0,4.55,cytotoxicity against A2780cisR cells incubated for 24 hr in MTT assay,A2780cisR,,
CHEMBL2068376,,C8H19Cl2N3Pt,17000.0,4.77,cytotoxicity against CH1 cells incubated for 24 hr in MTT assay.,CH1,,
CHEMBL2068376,,C8H19Cl2N3Pt,19000.0,4.72,cytotoxicity against CH1cisR cells incubated for 24 hr in MTT assay,CH1,,
CHEMBL2068376,,C8H19Cl2N3Pt,32000.0,4.5,cytotoxicity against 41M cells incubated for 24 hr in MTT assay.,41M,,
CHEMBL2068376,,C8H19Cl2N3Pt,48000.0,4.32,cytotoxicity against 41McisR cells incubated for 24 hr in MTT assay,41M,,
CHEMBL2068503,,C4H11Cl2N3Pt,5000.0,5.3,cytotoxicity against A2780 cells incubated for 24 hr in MTT assay.,A2780,,
CHEMBL2068503,,C4H11Cl2N3Pt,44000.0,4.36,cytotoxicity against A2780cisR cells incubated for 24 hr in MTT assay,A2780cisR,,
CHEMBL2068503,,C4H11Cl2N3Pt,12000.0,4.92,cytotoxicity against CH1 cells incubated for 24 hr in MTT assay.,CH1,,
CHEMBL2068503,,C4H11Cl2N3Pt,34000.0,4.47,cytotoxicity against CH1cisR cells incubated for 24 hr in MTT assay,CH1,,
CHEMBL2068503,,C4H11Cl2N3Pt,52000.0,4.28,cytotoxicity against 41M cells incubated for 24 hr in MTT assay.,41M,,
CHEMBL2068503,,C4H11Cl2N3Pt,155000.0,,cytotoxicity against 41McisR cells incubated for 24 hr in MTT assay,41M,,
CHEMBL148800,,C10H16Cl2N3Pt+,10000.0,5.0,cytotoxicity against A2780 cells incubated for 24 hr in MTT assay.,A2780,,
CHEMBL148800,,C10H16Cl2N3Pt+,24000.0,4.62,cytotoxicity against A2780cisR cells incubated for 24 hr in MTT assay,A2780cisR,,
CHEMBL148800,,C10H16Cl2N3Pt+,16000.0,4.8,cytotoxicity against CH1 cells incubated for 24 hr in MTT assay.,CH1,,
CHEMBL148800,,C10H16Cl2N3Pt+,42000.0,4.38,cytotoxicity against CH1cisR cells incubated for 24 hr in MTT assay,CH1,,
CHEMBL148800,,C10H16Cl2N3Pt+,45000.0,4.35,cytotoxicity against 41M cells incubated for 24 hr in MTT assay.,41M,,
CHEMBL148800,,C10H16Cl2N3Pt+,147000.0,,cytotoxicity against 41McisR cells incubated for 24 hr in MTT assay,41M,,
CHEMBL2068316,,C6H16Cl4N2O2Pt,8000.0,5.1,Growth and colony formation inhibition of CEM leukemia cancer cell lines,CCRF-CEM,,
CHEMBL2068316,,C6H16Cl4N2O2Pt,1600.0,5.8,Growth and colony formation inhibition of A2780 ovarian cancer cell lines,A2780,,
CHEMBL2068316,,C6H16Cl4N2O2Pt,10000.0,5.0,Growth and colony formation inhibition of SKOV-3 ovarian cancer cell lines,SK-OV-3,,
CHEMBL3142753,,C17H28Cl2N5O10PPt,100000.0,4.0,Growth and colony formation inhibition of CEM leukemia cancer cell lines,CCRF-CEM,,
CHEMBL3142753,,C17H28Cl2N5O10PPt,16000.0,4.8,Growth and colony formation inhibition of A2780 ovarian cancer cell lines,A2780,,
CHEMBL3142753,,C17H28Cl2N5O10PPt,75000.0,4.12,Growth and colony formation inhibition of SKOV-3 ovarian cancer cell lines,SK-OV-3,,
CHEMBL11359,,H6Cl2N2Pt+2,3700.0,5.43,Growth inhibition against human RT-4 cell lines,RT-4,,
CHEMBL11359,,H6Cl2N2Pt+2,2140.0,5.67,Growth inhibition against human RT-112 cell lines,RT-112,,
CHEMBL11359,,H6Cl2N2Pt+2,310.0,6.51,Growth inhibition against human 5637 cell lines,5637,,
CHEMBL11359,,H6Cl2N2Pt+2,1490.0,5.83,Growth inhibition against human KYSE-70 cell lines,KYSE-70 cell line,,
CHEMBL11359,,H6Cl2N2Pt+2,880.0,6.06,Growth inhibition against human KYSE-150 cell lines,KYSE-150 cell line,,
CHEMBL11359,,H6Cl2N2Pt+2,5070.0,5.29,Growth inhibition against human KYSE-520 cell lines,KYSE-520 cell line,,
CHEMBL11359,,H6Cl2N2Pt+2,6030.0,5.22,Compound was tested for growth inhibition against human YAPC cell lines,YAPC,,
CHEMBL11359,,H6Cl2N2Pt+2,1390.0,5.86,Growth inhibition against human DAN-G cell lines,DAN-G,,
CHEMBL11359,,H6Cl2N2Pt+2,200.0,6.7,Growth inhibition against human SISO cell lines,SISO,,
CHEMBL11359,,H6Cl2N2Pt+2,1630.0,5.79,Growth inhibition against human LCLC-103H cell lines,LCLC-103H cell line,,
CHEMBL11359,,H6Cl2N2Pt+2,740.0,6.13,Growth inhibition against human MCF-7 cell lines,MCF7,,
CHEMBL11359,,H6Cl2N2Pt+2,3040.0,5.52,Compound was tested for growth inhibition against human h-TERTRPE1 cell lines,TERT-RPE1,,
CHEMBL2068503,,C4H11Cl2N3Pt,10000.0,5.0,cytotoxicity against A2780 cells incubated for 24 hr in MTT assay.,A2780,,
CHEMBL2068503,,C4H11Cl2N3Pt,25000.0,4.6,cytotoxicity against A2780cisR cells incubated for 24 hr in MTT assay,A2780cisR,,
CHEMBL2068503,,C4H11Cl2N3Pt,28000.0,4.55,cytotoxicity against CH1 cells incubated for 24 hr in MTT assay.,CH1,,
CHEMBL2068503,,C4H11Cl2N3Pt,56000.0,4.25,cytotoxicity against CH1cisR cells incubated for 24 hr in MTT assay,CH1,,
CHEMBL2068503,,C4H11Cl2N3Pt,46000.0,4.34,cytotoxicity against 41M cells incubated for 24 hr in MTT assay.,41M,,
CHEMBL2068503,,C4H11Cl2N3Pt,112000.0,,cytotoxicity against 41McisR cells incubated for 24 hr in MTT assay,41M,,
CHEMBL2068452,,C8H20Cl2N2O2Pt,23000.0,4.64,Growth and colony formation inhibition of SKOV-3 ovarian cancer cell lines,SK-OV-3,,
CHEMBL2068461,,C4H10Cl4N2OPt,26000.0,4.58,Growth and colony formation inhibition of SKOV-3 ovarian cancer cell lines,SK-OV-3,,
CHEMBL2068458,,C10H20Cl2N2O6Pt,22000.0,4.66,Growth and colony formation inhibition of SKOV-3 ovarian cancer cell lines,SK-OV-3,,
CHEMBL2068315,,C2H8Cl4N2OPt,10000.0,5.0,Growth and colony formation inhibition of SKOV-3 ovarian cancer cell lines,SK-OV-3,,
CHEMBL440148,,C13H29Cl2N4O2PPt,125000.0,,Growth and colony formation inhibition of A2780 ovarian cancer cell lines,A2780,,
CHEMBL440148,,C13H29Cl2N4O2PPt,200000.0,,Growth and colony formation inhibition of SKOV-3 ovarian cancer cell lines,SK-OV-3,,
CHEMBL2068372,,C7H17Cl2N3Pt,14000.0,4.85,cytotoxicity against A2780 cells incubated for 24 hr in MTT assay.,A2780,,
CHEMBL2068372,,C7H17Cl2N3Pt,30000.0,4.52,cytotoxicity against A2780cisR cells incubated for 24 hr in MTT assay,A2780cisR,,
CHEMBL2068372,,C7H17Cl2N3Pt,10000.0,5.0,cytotoxicity against CH1 cells incubated for 24 hr in MTT assay.,CH1,,
CHEMBL2068372,,C7H17Cl2N3Pt,50000.0,4.3,cytotoxicity against CH1cisR cells incubated for 24 hr in MTT assay,CH1,,
CHEMBL2068372,,C7H17Cl2N3Pt,38000.0,4.42,cytotoxicity against 41M cells incubated for 24 hr in MTT assay.,41M,,
CHEMBL2068372,,C7H17Cl2N3Pt,122000.0,,cytotoxicity against 41McisR cells incubated for 24 hr in MTT assay,41M,,
CHEMBL2068314,,C8H16Cl2N2O6Pt,10000.0,5.0,Growth and colony formation inhibition of SKOV-3 ovarian cancer cell lines,SK-OV-3,,
CHEMBL2068317,,C2H8Cl2N2OPt,13000.0,4.89,Growth and colony formation inhibition of SKOV-3 ovarian cancer cell lines,SK-OV-3,,
CHEMBL2068480,,C8H18Cl2N4Pt,17000.0,4.77,cytotoxicity against A2780 cells incubated for 24 hr in MTT assay.,A2780,,
CHEMBL2068480,,C8H18Cl2N4Pt,43000.0,4.37,cytotoxicity against A2780cisR cells incubated for 24 hr in MTT assay,A2780cisR,,
CHEMBL2068480,,C8H18Cl2N4Pt,26000.0,4.58,cytotoxicity against CH1 cells incubated for 24 hr in MTT assay.,CH1,,
CHEMBL2068480,,C8H18Cl2N4Pt,53000.0,4.28,cytotoxicity against CH1cisR cells incubated for 24 hr in MTT assay,CH1,,
CHEMBL2068480,,C8H18Cl2N4Pt,43000.0,4.37,cytotoxicity against 41M cells incubated for 24 hr in MTT assay.,41M,,
CHEMBL2068480,,C8H18Cl2N4Pt,153000.0,,cytotoxicity against 41McisR cells incubated for 24 hr in MTT assay,41M,,
CHEMBL2068312,,C8H16Cl2N2O5Pt,7000.0,5.16,Growth and colony formation inhibition of CEM leukemia cancer cell lines,CCRF-CEM,,
CHEMBL2068312,,C8H16Cl2N2O5Pt,2800.0,5.55,Growth and colony formation inhibition of A2780 ovarian cancer cell lines,A2780,,
CHEMBL2068312,,C8H16Cl2N2O5Pt,24000.0,4.62,Growth and colony formation inhibition of SKOV-3 ovarian cancer cell lines,SK-OV-3,,
CHEMBL1386,,H6Cl2N2Pt,81000.0,4.09,In vitro growth inhibition against OV-1063 cells incubated for 4 hr using cytotoxicity assay,OV-1063,,
CHEMBL1386,,H6Cl2N2Pt,73000.0,4.14,In vitro growth inhibition against OV-1063 cells incubated for 24 hr using cytotoxicity assay,OV-1063,,
CHEMBL1386,,H6Cl2N2Pt,52000.0,4.28,In vitro growth inhibition against OV-1063 cells incubated for 72 hr using cytotoxicity assay,OV-1063,,
CHEMBL2068476,,C5H12Cl2N2Pt,4200.0,5.38,In vitro growth inhibition against OV-1063 cells incubated for 4 hr using cytotoxicity assay,OV-1063,,
CHEMBL2068476,,C5H12Cl2N2Pt,3100.0,5.51,In vitro growth inhibition against OV-1063 cells incubated for 24 hr using cytotoxicity assay,OV-1063,,
CHEMBL2068476,,C5H12Cl2N2Pt,2600.0,5.58,In vitro growth inhibition against OV-1063 cells incubated for 72 hr using cytotoxicity assay,OV-1063,,
CHEMBL11359,,H6Cl2N2Pt+2,2000.0,5.7,In vitro growth inhibition against OV-1063 cells incubated for 4 hr using cytotoxicity assay,OV-1063,,
CHEMBL11359,,H6Cl2N2Pt+2,700.0,6.16,In vitro growth inhibition against OV-1063 cells incubated for 24 hr using cytotoxicity assay,OV-1063,,
CHEMBL11359,,H6Cl2N2Pt+2,500.0,6.3,In vitro growth inhibition against OV-1063 cells incubated for 72 hr using cytotoxicity assay,OV-1063,,
CHEMBL2068476,,C5H12Cl2N2Pt,11000.0,4.96,In vitro growth inhibition against OV-1063 cells incubated for 4 hr using cytotoxicity assay,OV-1063,,
CHEMBL2068476,,C5H12Cl2N2Pt,9500.0,5.02,In vitro growth inhibition against OV-1063 cells incubated for 24 hr using cytotoxicity assay,OV-1063,,
CHEMBL2068476,,C5H12Cl2N2Pt,8700.0,5.06,In vitro growth inhibition against OV-1063 cells incubated for 72 hr using cytotoxicity assay,OV-1063,,
CHEMBL147416,,C10H18Cl2N3Pt+3,7400.0,5.13,In vitro growth inhibition against OV-1063 cells incubated for 4 hr using cytotoxicity assay,OV-1063,,
CHEMBL147416,,C10H18Cl2N3Pt+3,6000.0,5.22,In vitro growth inhibition against OV-1063 cells incubated for 24 hr using cytotoxicity assay,OV-1063,,
CHEMBL147416,,C10H18Cl2N3Pt+3,5100.0,5.29,In vitro growth inhibition against OV-1063 cells incubated for 72 hr using cytotoxicity assay,OV-1063,,
CHEMBL148624,,C6H10Cl2N2Pt+2,18000.0,4.75,In vitro growth inhibition against OV-1063 cells incubated for 4 hr using cytotoxicity assay,OV-1063,,
CHEMBL148624,,C6H10Cl2N2Pt+2,16000.0,4.8,In vitro growth inhibition against OV-1063 cells incubated for 24 hr using cytotoxicity assay,OV-1063,,
CHEMBL148624,,C6H10Cl2N2Pt+2,14000.0,4.85,In vitro growth inhibition against OV-1063 cells incubated for 72 hr using cytotoxicity assay,OV-1063,,
CHEMBL148734,,C11H18Cl2N2Pt+2,6500.0,5.19,In vitro growth inhibition against OV-1063 cells incubated for 4 hr using cytotoxicity assay,OV-1063,,
CHEMBL148734,,C11H18Cl2N2Pt+2,6000.0,5.22,In vitro growth inhibition against OV-1063 cells incubated for 24 hr using cytotoxicity assay,OV-1063,,
CHEMBL148734,,C11H18Cl2N2Pt+2,4500.0,5.35,In vitro growth inhibition against OV-1063 cells incubated for 72 hr using cytotoxicity assay,OV-1063,,
CHEMBL148624,,C6H10Cl2N2Pt+2,6000.0,5.22,In vitro growth inhibition against OV-1063 cells incubated for 4 hr using cytotoxicity assay,OV-1063,,
CHEMBL148624,,C6H10Cl2N2Pt+2,5100.0,5.29,In vitro growth inhibition against OV-1063 cells incubated for 24 hr using cytotoxicity assay,OV-1063,,
CHEMBL148624,,C6H10Cl2N2Pt+2,4000.0,5.4,In vitro growth inhibition against OV-1063 cells incubated for 72 hr using cytotoxicity assay,OV-1063,,
CHEMBL177002,,C17H30N2O4Pt,630.0,6.2,In vitro Inhibitory concentration against HL-60 human leukemia cell line; Tested by trypan blue exclusion test,HL-60,,
CHEMBL177002,,C17H30N2O4Pt,9240.0,5.03,In vitro Inhibitory concentration against BEL-7402 human hepatocarcinoma cell line; Tested by sulforhodamine B colorimetric assay,Bel-7402,,
CHEMBL177002,,C17H30N2O4Pt,12250.0,4.91,In vitro Inhibitory Concentration against A549 human lung carcinoma cell line; Tested by sulforhodamine B colorimetric assay,A549,,
CHEMBL437528,,C5H9Br3NO2PdS2-,5000.0,5.3,Concentration of the compound required to inhibit cell growth by 50% towards human HeLa tumor cell lines by the trypan blue dye exclusion test after 72 h,HeLa,,
CHEMBL385558,,C5H9AuCl2NO2S2,900.0,6.05,Concentration of the compound required to inhibit cell growth by 50% towards human HL60 tumor cell lines by the trypan blue dye exclusion test after 72 h,HL-60,,
CHEMBL385558,,C5H9AuCl2NO2S2,1700.0,5.77,Concentration of the compound required to inhibit cell growth by 50% towards human HeLa tumor cell lines by the trypan blue dye exclusion test after 72 h,HeLa,,
CHEMBL216701,,C5H9AuBr2NO2S2,800.0,6.1,Concentration of the compound required to inhibit cell growth by 50% towards human HL60 tumor cell lines by the trypan blue dye exclusion test after 72 h,HL-60,,
CHEMBL216701,,C5H9AuBr2NO2S2,1800.0,5.75,Concentration of the compound required to inhibit cell growth by 50% towards human HeLa tumor cell lines by the trypan blue dye exclusion test after 72 h,HeLa,,
CHEMBL11359,,H6Cl2N2Pt+2,1370.0,5.86,Inhibitory concentration against human A2780 ovarian adenocarcinoma cell line,A2780,,
CHEMBL11359,,H6Cl2N2Pt+2,45030.0,4.35,Inhibitory concentration against cisplatin-resistant A2780 human ovarian adenocarcinoma cell line,A2780,,
CHEMBL11359,,H6Cl2N2Pt+2,32900.0,4.48,Resistance index for cisplatin-resistant A2780 human ovarian adenocarcinoma cell line to that of A2780 cell line,A2780,,
CHEMBL175535,,C9H18N2O4Pt+2,176030.0,,Inhibitory concentration against human A2780 ovarian adenocarcinoma cell line,A2780,,
CHEMBL175535,,C9H18N2O4Pt+2,952200.0,,Inhibitory concentration against cisplatin-resistant A2780 human ovarian adenocarcinoma cell line,A2780,,
CHEMBL175535,,C9H18N2O4Pt+2,2300.0,5.64,Resistance index for cisplatin-resistant A2780 human ovarian adenocarcinoma cell line to that of A2780 cell line,A2780,,
CHEMBL1351,,C6H12N2O4Pt,7660.0,5.12,Inhibitory concentration against human A2780 ovarian adenocarcinoma cell line,A2780,,
CHEMBL1351,,C6H12N2O4Pt,123270.0,,Inhibitory concentration against cisplatin-resistant A2780 human ovarian adenocarcinoma cell line,A2780,,
CHEMBL1351,,C6H12N2O4Pt,16100.0,4.79,Resistance index for cisplatin-resistant A2780 human ovarian adenocarcinoma cell line to that of A2780 cell line,A2780,,
CHEMBL367622,,C2H6Cl2N2Pt,5550.0,5.26,Inhibitory concentration against human A2780 ovarian adenocarcinoma cell line,A2780,,
CHEMBL367622,,C2H6Cl2N2Pt,117960.0,,Inhibitory concentration against cisplatin-resistant A2780 human ovarian adenocarcinoma cell line,A2780,,
CHEMBL367622,,C2H6Cl2N2Pt,21100.0,4.68,Resistance index for cisplatin-resistant A2780 human ovarian adenocarcinoma cell line to that of A2780 cell line,A2780,,
CHEMBL177567,,C5H8N2O4Pt,8840.0,5.05,Inhibitory concentration against human A2780 ovarian adenocarcinoma cell line,A2780,,
CHEMBL177567,,C5H8N2O4Pt,64840.0,4.19,Inhibitory concentration against cisplatin-resistant A2780 human ovarian adenocarcinoma cell line,A2780,,
CHEMBL177567,,C5H8N2O4Pt,7300.0,5.14,Resistance index for cisplatin-resistant A2780 human ovarian adenocarcinoma cell line to that of A2780 cell line,A2780,,
CHEMBL177920,,C8H12N2O4Pt,9210.0,5.04,Inhibitory concentration against human A2780 ovarian adenocarcinoma cell line,A2780,,
CHEMBL177920,,C8H12N2O4Pt,65990.0,4.18,Inhibitory concentration against cisplatin-resistant A2780 human ovarian adenocarcinoma cell line,A2780,,
CHEMBL177920,,C8H12N2O4Pt,7200.0,5.14,Resistance index for cisplatin-resistant A2780 human ovarian adenocarcinoma cell line to that of A2780 cell line,A2780,,
CHEMBL177971,,C6H16Cl2N2Pt+2,27240.0,4.57,Inhibitory concentration against human A2780 ovarian adenocarcinoma cell line,A2780,,
CHEMBL177971,,C6H16Cl2N2Pt+2,126800.0,,Inhibitory concentration against cisplatin-resistant A2780 human ovarian adenocarcinoma cell line,A2780,,
CHEMBL177971,,C6H16Cl2N2Pt+2,4600.0,5.34,Resistance index for cisplatin-resistant A2780 human ovarian adenocarcinoma cell line to that of A2780 cell line,A2780,,
CHEMBL175844,,C12H22N2O4Pt+2,135900.0,,Inhibitory concentration against human A2780 ovarian adenocarcinoma cell line,A2780,,
CHEMBL175844,,C12H22N2O4Pt+2,643850.0,,Inhibitory concentration against cisplatin-resistant A2780 human ovarian adenocarcinoma cell line,A2780,,
CHEMBL175844,,C12H22N2O4Pt+2,4700.0,5.33,Resistance index for cisplatin-resistant A2780 human ovarian adenocarcinoma cell line to that of A2780 cell line,A2780,,
CHEMBL179236,,C6H14Cl2N2Pt+2,38860.0,4.41,Inhibitory concentration against human A2780 ovarian adenocarcinoma cell line,A2780,,
CHEMBL179236,,C6H14Cl2N2Pt+2,100220.0,,Inhibitory concentration against cisplatin-resistant A2780 human ovarian adenocarcinoma cell line,A2780,,
CHEMBL179236,,C6H14Cl2N2Pt+2,2600.0,5.58,Resistance index for cisplatin-resistant A2780 human ovarian adenocarcinoma cell line to that of A2780 cell line,A2780,,
CHEMBL368607,,C9H16N2O4Pt+2,167860.0,,Inhibitory concentration against human A2780 ovarian adenocarcinoma cell line,A2780,,
CHEMBL368607,,C9H16N2O4Pt+2,385980.0,,Inhibitory concentration against cisplatin-resistant A2780 human ovarian adenocarcinoma cell line,A2780,,
CHEMBL368607,,C9H16N2O4Pt+2,2300.0,5.64,Resistance index for cisplatin-resistant A2780 human ovarian adenocarcinoma cell line to that of A2780 cell line,A2780,,
CHEMBL368608,,C12H20N2O4Pt+2,167520.0,,Inhibitory concentration against human A2780 ovarian adenocarcinoma cell line,A2780,,
CHEMBL368608,,C12H20N2O4Pt+2,615160.0,,Inhibitory concentration against cisplatin-resistant A2780 human ovarian adenocarcinoma cell line,A2780,,
CHEMBL368608,,C12H20N2O4Pt+2,3700.0,5.43,Resistance index for cisplatin-resistant A2780 human ovarian adenocarcinoma cell line to that of A2780 cell line,A2780,,
CHEMBL175505,,C6H12Cl2N2Pt,1030.0,5.99,Inhibitory concentration against human A2780 ovarian adenocarcinoma cell line,A2780,,
CHEMBL175505,,C6H12Cl2N2Pt,8260.0,5.08,Inhibitory concentration against cisplatin-resistant A2780 human ovarian adenocarcinoma cell line,A2780,,
CHEMBL175505,,C6H12Cl2N2Pt,8000.0,5.1,Resistance index for cisplatin-resistant A2780 human ovarian adenocarcinoma cell line to that of A2780 cell line,A2780,,
CHEMBL414804,,C8H12N2O4Pt,480.0,6.32,Inhibitory concentration against human A2780 ovarian adenocarcinoma cell line,A2780,,
CHEMBL414804,,C8H12N2O4Pt,6620.0,5.18,Inhibitory concentration against cisplatin-resistant A2780 human ovarian adenocarcinoma cell line,A2780,,
CHEMBL414804,,C8H12N2O4Pt,12400.0,4.91,Resistance index for cisplatin-resistant A2780 human ovarian adenocarcinoma cell line to that of A2780 cell line,A2780,,
CHEMBL435547,,C9H14N2O4Pt,2220.0,5.65,Inhibitory concentration against human A2780 ovarian adenocarcinoma cell line,A2780,,
CHEMBL435547,,C9H14N2O4Pt,9690.0,5.01,Inhibitory concentration against cisplatin-resistant A2780 human ovarian adenocarcinoma cell line,A2780,,
CHEMBL435547,,C9H14N2O4Pt,4400.0,5.36,Resistance index for cisplatin-resistant A2780 human ovarian adenocarcinoma cell line to that of A2780 cell line,A2780,,
CHEMBL176766,,C12H18N2O4Pt,1520.0,5.82,Inhibitory concentration against human A2780 ovarian adenocarcinoma cell line,A2780,,
CHEMBL176766,,C12H18N2O4Pt,3740.0,5.43,Inhibitory concentration against cisplatin-resistant A2780 human ovarian adenocarcinoma cell line,A2780,,
CHEMBL176766,,C12H18N2O4Pt,2500.0,5.6,Resistance index for cisplatin-resistant A2780 human ovarian adenocarcinoma cell line to that of A2780 cell line,A2780,,
CHEMBL11359,,H6Cl2N2Pt+2,1700.0,5.77,Concentration of the compound required to inhibit cell growth by 50% towards human HL60 tumor cell lines by the trypan blue dye exclusion test after 72 h,HL-60,,
CHEMBL11359,,H6Cl2N2Pt+2,1200.0,5.92,Concentration of the compound required to inhibit cell growth by 50% towards human HeLa tumor cell lines by the trypan blue dye exclusion test after 72 h,HeLa,,
CHEMBL384973,,C6H11Br2NO2PtS2,15000.0,,Concentration of the compound required to inhibit cell growth by 50% towards human HL60 tumor cell lines by the trypan blue dye exclusion test after 72 h,HL-60,,
CHEMBL384973,,C6H11Br2NO2PtS2,15000.0,,Concentration of the compound required to inhibit cell growth by 50% towards human HeLa tumor cell lines by the trypan blue dye exclusion test after 72 h,HeLa,,
CHEMBL217086,,C5H9Cl3NO2PtS2-,15000.0,,Concentration of the compound required to inhibit cell growth by 50% towards human HL60 tumor cell lines by the trypan blue dye exclusion test after 72 h,HL-60,,
CHEMBL217086,,C5H9Cl3NO2PtS2-,15000.0,,Concentration of the compound required to inhibit cell growth by 50% towards human HeLa tumor cell lines by the trypan blue dye exclusion test after 72 h,HeLa,,
CHEMBL386070,,C5H9Cl3NO2PdS2-,3800.0,5.42,Concentration of the compound required to inhibit cell growth by 50% towards human HL60 tumor cell lines by the trypan blue dye exclusion test after 72 h,HL-60,,
CHEMBL386070,,C5H9Cl3NO2PdS2-,6000.0,5.22,Concentration of the compound required to inhibit cell growth by 50% towards human HeLa tumor cell lines by the trypan blue dye exclusion test after 72 h,HeLa,,
CHEMBL217087,,C5H9Br3NO2PtS2-,15000.0,,Concentration of the compound required to inhibit cell growth by 50% towards human HL60 tumor cell lines by the trypan blue dye exclusion test after 72 h,HL-60,,
CHEMBL217087,,C5H9Br3NO2PtS2-,15000.0,,Concentration of the compound required to inhibit cell growth by 50% towards human HeLa tumor cell lines by the trypan blue dye exclusion test after 72 h,HeLa,,
CHEMBL437528,,C5H9Br3NO2PdS2-,3700.0,5.43,Concentration of the compound required to inhibit cell growth by 50% towards human HL60 tumor cell lines by the trypan blue dye exclusion test after 72 h,HL-60,,
CHEMBL369881,,C18H30N2O6Pt,1610.0,5.79,In vitro Inhibitory concentration against HL-60 human leukemia cell line; Tested by trypan blue exclusion test,HL-60,,
CHEMBL369881,,C18H30N2O6Pt,3740.0,5.43,In vitro Inhibitory concentration against BEL-7402 human hepatocarcinoma cell line; Tested by sulforhodamine B colorimetric assay,Bel-7402,,
CHEMBL369881,,C18H30N2O6Pt,14700.0,4.83,In vitro Inhibitory Concentration against A549 human lung carcinoma cell line; Tested by sulforhodamine B colorimetric assay,A549,,
CHEMBL175793,,C18H30N2O6Pt,50.0,7.3,In vitro Inhibitory concentration against HL-60 human leukemia cell line; Tested by trypan blue exclusion test,HL-60,,
CHEMBL175793,,C18H30N2O6Pt,3130.0,5.5,In vitro Inhibitory concentration against BEL-7402 human hepatocarcinoma cell line; Tested by sulforhodamine B colorimetric assay,Bel-7402,,
CHEMBL175793,,C18H30N2O6Pt,8670.0,5.06,In vitro Inhibitory Concentration against A549 human lung carcinoma cell line; Tested by sulforhodamine B colorimetric assay,A549,,
CHEMBL11359,,H6Cl2N2Pt+2,330.0,6.48,In vitro Inhibitory concentration against HL-60 human leukemia cell line; Tested by trypan blue exclusion test,HL-60,,
CHEMBL11359,,H6Cl2N2Pt+2,770.0,6.11,In vitro Inhibitory concentration against BEL-7402 human hepatocarcinoma cell line; Tested by sulforhodamine B colorimetric assay,Bel-7402,,
CHEMBL11359,,H6Cl2N2Pt+2,683.0,6.17,Inhibitory concentration againstHuman cell lung carcinoma cell line NCI-H69; n=3,NCI-H69,,
CHEMBL11359,,H6Cl2N2Pt+2,2230.0,5.65,In vitro Inhibitory Concentration against A549 human lung carcinoma cell line; Tested by sulforhodamine B colorimetric assay,A549,,
CHEMBL611449,,C20H29ClN6PtS+2,750.0,6.12,In vitro inhibitory concentration against growth of U87MG glioblastoma cell line in clonogenic survival assay after 24 hr,U-87 MG,,
CHEMBL11359,,H6Cl2N2Pt+2,490.0,6.31,In vitro inhibitory concentration against growth of U87MG glioblastoma cell line in clonogenic survival assay after 24 hr,U-87 MG,,
CHEMBL1351,,C6H12N2O4Pt,2860.0,5.54,In vitro Inhibitory concentration against HL-60 human leukemia cell line; Tested by trypan blue exclusion test,HL-60,,
CHEMBL1351,,C6H12N2O4Pt,36100.0,4.44,In vitro Inhibitory concentration against BEL-7402 human hepatocarcinoma cell line; Tested by sulforhodamine B colorimetric assay,Bel-7402,,
CHEMBL1351,,C6H12N2O4Pt,42300.0,4.37,In vitro Inhibitory Concentration against A549 human lung carcinoma cell line; Tested by sulforhodamine B colorimetric assay,A549,,
CHEMBL1627737,,C32H48Cl2N2O3Pt,3300.0,5.48,inhibitory concentration against estrogen independent human ovarian cancer cell line A2780wt,A2780,,
CHEMBL1627737,,C32H48Cl2N2O3Pt,4200.0,5.38,inhibitory concentration against estrogen independent human ovarian cancer cell line A2780cp,A2780,,
CHEMBL1627737,,C32H48Cl2N2O3Pt,9600.0,5.02,Inhibition of estrogen dependent human ovarian cancer OVCAR-3 cell proliferation,Estrogen receptor,,
CHEMBL1627737,,C32H48Cl2N2O3Pt,8100.0,5.09,Inhibition of estrogen dependent human ovarian cancer SKOV-3 cell proliferation ,Estrogen receptor,,
CHEMBL1627734,,C34H52Cl2N2O3Pt,2300.0,5.64,inhibitory concentration against estrogen independent human uterus cancer cell line HeLa,HeLa,,
CHEMBL1627734,,C34H52Cl2N2O3Pt,1700.0,5.77,Inhibition of estrogen dependent human uterus cancer RL-95-2 cell proliferation,Estrogen receptor,,
CHEMBL1627734,,C34H52Cl2N2O3Pt,2300.0,5.64,Inhibition of estrogen dependent human uterus cancer Ishikawa cell proliferation,Estrogen receptor,,
CHEMBL1627734,,C34H52Cl2N2O3Pt,2400.0,5.62,inhibitory concentration against estrogen independent human ovarian cancer cell line A2780wt,A2780,,
CHEMBL1627734,,C34H52Cl2N2O3Pt,2700.0,5.57,inhibitory concentration against estrogen independent human ovarian cancer cell line A2780cp,A2780,,
CHEMBL1627734,,C34H52Cl2N2O3Pt,3000.0,5.52,Inhibition of estrogen dependent human ovarian cancer OVCAR-3 cell proliferation,Estrogen receptor,,
CHEMBL1627734,,C34H52Cl2N2O3Pt,3100.0,5.51,Inhibition of estrogen dependent human ovarian cancer SKOV-3 cell proliferation ,Estrogen receptor,,
CHEMBL1627993,,C36H56Cl2N2O3Pt,5200.0,5.28,inhibitory concentration against estrogen independent human uterus cancer cell line HeLa,HeLa,,
CHEMBL1627993,,C36H56Cl2N2O3Pt,2700.0,5.57,Inhibition of estrogen dependent human uterus cancer RL-95-2 cell proliferation,Estrogen receptor,,
CHEMBL1627993,,C36H56Cl2N2O3Pt,3300.0,5.48,Inhibition of estrogen dependent human uterus cancer Ishikawa cell proliferation,Estrogen receptor,,
CHEMBL1627993,,C36H56Cl2N2O3Pt,1700.0,5.77,inhibitory concentration against estrogen independent human ovarian cancer cell line A2780wt,A2780,,
CHEMBL1627993,,C36H56Cl2N2O3Pt,2300.0,5.64,inhibitory concentration against estrogen independent human ovarian cancer cell line A2780cp,A2780,,
CHEMBL1627993,,C36H56Cl2N2O3Pt,2900.0,5.54,Inhibition of estrogen dependent human ovarian cancer OVCAR-3 cell proliferation,Estrogen receptor,,
CHEMBL1627993,,C36H56Cl2N2O3Pt,5200.0,5.28,Inhibition of estrogen dependent human ovarian cancer SKOV-3 cell proliferation ,Estrogen receptor,,
CHEMBL11359,,H6Cl2N2Pt+2,3600.0,5.44,inhibitory concentration against estrogen independent human uterus cancer cell line HeLa,HeLa,,
CHEMBL11359,,H6Cl2N2Pt+2,10300.0,4.99,Inhibition of estrogen dependent human uterus cancer RL-95-2 cell proliferation,Estrogen receptor,,
CHEMBL11359,,H6Cl2N2Pt+2,7900.0,5.1,Inhibition of estrogen dependent human uterus cancer Ishikawa cell proliferation,Estrogen receptor,,
CHEMBL11359,,H6Cl2N2Pt+2,700.0,6.16,inhibitory concentration against estrogen independent human ovarian cancer cell line A2780wt,A2780,,
CHEMBL11359,,H6Cl2N2Pt+2,6500.0,5.19,inhibitory concentration against estrogen independent human ovarian cancer cell line A2780cp,A2780,,
CHEMBL11359,,H6Cl2N2Pt+2,2500.0,5.6,Inhibition of estrogen dependent human ovarian cancer OVCAR-3 cell proliferation,Estrogen receptor,,
CHEMBL11359,,H6Cl2N2Pt+2,5800.0,5.24,Inhibition of estrogen dependent human ovarian cancer SKOV-3 cell proliferation ,Estrogen receptor,,
CHEMBL186705,,C6H8Cl2N2Pt+2,13000.0,4.89,inhibitory concentration against estrogen independent human uterus cancer cell line HeLa,HeLa,,
CHEMBL186705,,C6H8Cl2N2Pt+2,31000.0,4.51,Inhibition of estrogen dependent human uterus cancer RL-95-2 cell proliferation,Estrogen receptor,,
CHEMBL186705,,C6H8Cl2N2Pt+2,25200.0,4.6,Inhibition of estrogen dependent human uterus cancer Ishikawa cell proliferation,Estrogen receptor,,
CHEMBL186705,,C6H8Cl2N2Pt+2,4200.0,5.38,inhibitory concentration against estrogen independent human ovarian cancer cell line A2780wt,A2780,,
CHEMBL186705,,C6H8Cl2N2Pt+2,29000.0,4.54,Inhibition of estrogen dependent human ovarian cancer OVCAR-3 cell proliferation,Estrogen receptor,,
CHEMBL186705,,C6H8Cl2N2Pt+2,24500.0,4.61,Inhibition of estrogen dependent human ovarian cancer SKOV-3 cell proliferation ,Estrogen receptor,,
CHEMBL1627740,,C29H42Cl2N2O3Pt,15600.0,4.81,Inhibition of estrogen dependent human uterus cancer RL-95-2 cell proliferation,Estrogen receptor,,
CHEMBL1627740,,C29H42Cl2N2O3Pt,32500.0,4.49,Inhibition of estrogen dependent human uterus cancer Ishikawa cell proliferation,Estrogen receptor,,
CHEMBL1627740,,C29H42Cl2N2O3Pt,26600.0,4.58,inhibitory concentration against estrogen independent human ovarian cancer cell line A2780wt,A2780,,
CHEMBL1627740,,C29H42Cl2N2O3Pt,27500.0,4.56,inhibitory concentration against estrogen independent human ovarian cancer cell line A2780cp,A2780,,
CHEMBL1627740,,C29H42Cl2N2O3Pt,36300.0,4.44,Inhibition of estrogen dependent human ovarian cancer OVCAR-3 cell proliferation,Estrogen receptor,,
CHEMBL1627738,,C31H46Cl2N2O3Pt,20200.0,4.7,inhibitory concentration against estrogen independent human uterus cancer cell line HeLa,HeLa,,
CHEMBL1627738,,C31H46Cl2N2O3Pt,10900.0,4.96,Inhibition of estrogen dependent human uterus cancer RL-95-2 cell proliferation,Estrogen receptor,,
CHEMBL1627738,,C31H46Cl2N2O3Pt,19700.0,4.71,Inhibition of estrogen dependent human uterus cancer Ishikawa cell proliferation,Estrogen receptor,,
CHEMBL1627738,,C31H46Cl2N2O3Pt,15000.0,4.82,inhibitory concentration against estrogen independent human ovarian cancer cell line A2780wt,A2780,,
CHEMBL1627738,,C31H46Cl2N2O3Pt,18400.0,4.74,inhibitory concentration against estrogen independent human ovarian cancer cell line A2780cp,A2780,,
CHEMBL1627729,,C33H50Cl2N2O3Pt,16300.0,4.79,inhibitory concentration against estrogen independent human uterus cancer cell line HeLa,HeLa,,
CHEMBL1627729,,C33H50Cl2N2O3Pt,5700.0,5.24,Inhibition of estrogen dependent human uterus cancer RL-95-2 cell proliferation,Estrogen receptor,,
CHEMBL1627729,,C33H50Cl2N2O3Pt,16300.0,4.79,Inhibition of estrogen dependent human uterus cancer Ishikawa cell proliferation,Estrogen receptor,,
CHEMBL1627729,,C33H50Cl2N2O3Pt,4500.0,5.35,inhibitory concentration against estrogen independent human ovarian cancer cell line A2780wt,A2780,,
CHEMBL1627729,,C33H50Cl2N2O3Pt,7800.0,5.11,inhibitory concentration against estrogen independent human ovarian cancer cell line A2780cp,A2780,,
CHEMBL1627729,,C33H50Cl2N2O3Pt,12200.0,4.91,Inhibition of estrogen dependent human ovarian cancer OVCAR-3 cell proliferation,Estrogen receptor,,
CHEMBL1627729,,C33H50Cl2N2O3Pt,31100.0,4.51,Inhibition of estrogen dependent human ovarian cancer SKOV-3 cell proliferation ,Estrogen receptor,,
CHEMBL1627731,,C35H54Cl2N2O3Pt,18800.0,4.73,inhibitory concentration against estrogen independent human uterus cancer cell line HeLa,HeLa,,
CHEMBL1627731,,C35H54Cl2N2O3Pt,9700.0,5.01,Inhibition of estrogen dependent human uterus cancer RL-95-2 cell proliferation,Estrogen receptor,,
CHEMBL1627731,,C35H54Cl2N2O3Pt,12200.0,4.91,Inhibition of estrogen dependent human uterus cancer Ishikawa cell proliferation,Estrogen receptor,,
CHEMBL1627731,,C35H54Cl2N2O3Pt,7500.0,5.12,inhibitory concentration against estrogen independent human ovarian cancer cell line A2780wt,A2780,,
CHEMBL1627731,,C35H54Cl2N2O3Pt,13100.0,4.88,inhibitory concentration against estrogen independent human ovarian cancer cell line A2780cp,A2780,,
CHEMBL1627731,,C35H54Cl2N2O3Pt,5000.0,5.3,Inhibition of estrogen dependent human ovarian cancer OVCAR-3 cell proliferation,Estrogen receptor,,
CHEMBL1627731,,C35H54Cl2N2O3Pt,15900.0,4.8,Inhibition of estrogen dependent human ovarian cancer SKOV-3 cell proliferation ,Estrogen receptor,,
CHEMBL34868,,C7H10Cl2N2Pt+2,20000.0,4.7,inhibitory concentration against estrogen independent human uterus cancer cell line HeLa,HeLa,,
CHEMBL34868,,C7H10Cl2N2Pt+2,30900.0,4.51,Inhibition of estrogen dependent human uterus cancer RL-95-2 cell proliferation,Estrogen receptor,,
CHEMBL34868,,C7H10Cl2N2Pt+2,29800.0,4.53,Inhibition of estrogen dependent human uterus cancer Ishikawa cell proliferation,Estrogen receptor,,
CHEMBL34868,,C7H10Cl2N2Pt+2,7000.0,5.16,inhibitory concentration against estrogen independent human ovarian cancer cell line A2780wt,A2780,,
CHEMBL34868,,C7H10Cl2N2Pt+2,25000.0,4.6,Inhibition of estrogen dependent human ovarian cancer OVCAR-3 cell proliferation,Estrogen receptor,,
CHEMBL34868,,C7H10Cl2N2Pt+2,27800.0,4.56,Inhibition of estrogen dependent human ovarian cancer SKOV-3 cell proliferation ,Estrogen receptor,,
CHEMBL1627733,,C30H44Cl2N2O3Pt,10800.0,4.97,inhibitory concentration against estrogen independent human uterus cancer cell line HeLa,HeLa,,
CHEMBL1627733,,C30H44Cl2N2O3Pt,8100.0,5.09,Inhibition of estrogen dependent human uterus cancer RL-95-2 cell proliferation,Estrogen receptor,,
CHEMBL1627733,,C30H44Cl2N2O3Pt,12300.0,4.91,Inhibition of estrogen dependent human uterus cancer Ishikawa cell proliferation,Estrogen receptor,,
CHEMBL1627733,,C30H44Cl2N2O3Pt,12000.0,4.92,inhibitory concentration against estrogen independent human ovarian cancer cell line A2780wt,A2780,,
CHEMBL1627733,,C30H44Cl2N2O3Pt,18900.0,4.72,inhibitory concentration against estrogen independent human ovarian cancer cell line A2780cp,A2780,,
CHEMBL1627733,,C30H44Cl2N2O3Pt,27300.0,4.56,Inhibition of estrogen dependent human ovarian cancer OVCAR-3 cell proliferation,Estrogen receptor,,
CHEMBL1627733,,C30H44Cl2N2O3Pt,26700.0,4.57,Inhibition of estrogen dependent human ovarian cancer SKOV-3 cell proliferation ,Estrogen receptor,,
CHEMBL1627737,,C32H48Cl2N2O3Pt,4800.0,5.32,inhibitory concentration against estrogen independent human uterus cancer cell line HeLa,HeLa,,
CHEMBL1627737,,C32H48Cl2N2O3Pt,3300.0,5.48,Inhibition of estrogen dependent human uterus cancer RL-95-2 cell proliferation,Estrogen receptor,,
CHEMBL1627737,,C32H48Cl2N2O3Pt,2800.0,5.55,Inhibition of estrogen dependent human uterus cancer Ishikawa cell proliferation,Estrogen receptor,,
CHEMBL441000,,C17H30N2O4Pt,1780.0,5.75,In vitro Inhibitory concentration against HL-60 human leukemia cell line; Tested by trypan blue exclusion test,HL-60,,
CHEMBL441000,,C17H30N2O4Pt,3420.0,5.47,In vitro Inhibitory concentration against BEL-7402 human hepatocarcinoma cell line; Tested by sulforhodamine B colorimetric assay,Bel-7402,,
CHEMBL441000,,C17H30N2O4Pt,71210.0,4.15,In vitro Inhibitory Concentration against A549 human lung carcinoma cell line; Tested by sulforhodamine B colorimetric assay,A549,,
CHEMBL187664,,C11H20N2O4Pt,910.0,6.04,In vitro Inhibitory concentration against HL-60 human leukemia cell line; Tested by trypan blue exclusion test,HL-60,,
CHEMBL187664,,C11H20N2O4Pt,11060.0,4.96,In vitro Inhibitory concentration against BEL-7402 human hepatocarcinoma cell line; Tested by sulforhodamine B colorimetric assay,Bel-7402,,
CHEMBL186466,,C10H18N2O4Pt,5540.0,5.26,In vitro Inhibitory concentration against HL-60 human leukemia cell line; Tested by trypan blue exclusion test,HL-60,,
CHEMBL186466,,C10H18N2O4Pt,24360.0,4.61,In vitro Inhibitory concentration against BEL-7402 human hepatocarcinoma cell line; Tested by sulforhodamine B colorimetric assay,Bel-7402,,
CHEMBL186466,,C10H18N2O4Pt,169260.0,,In vitro Inhibitory Concentration against A549 human lung carcinoma cell line; Tested by sulforhodamine B colorimetric assay,A549,,
CHEMBL187664,,C11H20N2O4Pt,17460.0,4.76,In vitro Inhibitory Concentration against A549 human lung carcinoma cell line; Tested by sulforhodamine B colorimetric assay,A549,,
CHEMBL191157,,C16H30N2O4Pt,7080.0,5.15,In vitro Inhibitory concentration against HL-60 human leukemia cell line; Tested by trypan blue exclusion test,HL-60,,
CHEMBL191157,,C16H30N2O4Pt,122150.0,,In vitro Inhibitory concentration against BEL-7402 human hepatocarcinoma cell line; Tested by sulforhodamine B colorimetric assay,Bel-7402,,
CHEMBL191157,,C16H30N2O4Pt,188800.0,,In vitro Inhibitory Concentration against A549 human lung carcinoma cell line; Tested by sulforhodamine B colorimetric assay,A549,,
CHEMBL361029,,C17H32N2O4Pt,4930.0,5.31,In vitro Inhibitory concentration against HL-60 human leukemia cell line; Tested by trypan blue exclusion test,HL-60,,
CHEMBL361029,,C17H32N2O4Pt,188800.0,,In vitro Inhibitory concentration against BEL-7402 human hepatocarcinoma cell line; Tested by sulforhodamine B colorimetric assay,Bel-7402,,
CHEMBL361029,,C17H32N2O4Pt,158590.0,,In vitro Inhibitory Concentration against A549 human lung carcinoma cell line; Tested by sulforhodamine B colorimetric assay,A549,,
CHEMBL1351,,C6H12N2O4Pt,5220.0,5.28,In vitro cytotoxicity for human ovarian tumor A2780 cells,A2780,,
CHEMBL192681,,Cl6Ru-3,103000.0,,Inhibitory concentration against CH1 (ovarian cancer) cells,SK-OV-3,,
CHEMBL192681,,Cl6Ru-3,187000.0,,Inhibitory concentration against SW480 (colon cancer) cells,SW480,,
CHEMBL371997,,C7H5Cl5N2Ru-2,35000.0,4.46,Inhibitory concentration against CH1 (ovarian cancer) cells,SK-OV-3,,
CHEMBL371997,,C7H5Cl5N2Ru-2,37000.0,4.43,Inhibitory concentration against SW480 (colon cancer) cells,SW480,,
CHEMBL190065,,C14H10Cl4N4Ru-,66000.0,4.18,Inhibitory concentration against CH1 (ovarian cancer) cells,SK-OV-3,,
CHEMBL190065,,C14H10Cl4N4Ru-,63000.0,4.2,Inhibitory concentration against SW480 (colon cancer) cells,SW480,,
CHEMBL187543,,C21H15Cl3N6Ru,2600.0,5.58,Inhibitory concentration against CH1 (ovarian cancer) cells,SK-OV-3,,
CHEMBL187543,,C21H15Cl3N6Ru,2500.0,5.6,Inhibitory concentration against SW480 (colon cancer) cells,SW480,,
CHEMBL365925,,C28H20Cl2N8Ru+,670.0,6.17,Inhibitory concentration against CH1 (ovarian cancer) cells,SK-OV-3,,
CHEMBL365925,,C28H20Cl2N8Ru+,690.0,6.16,Inhibitory concentration against SW480 (colon cancer) cells,SW480,,
CHEMBL365925,,C28H20Cl2N8Ru+,590.0,6.23,Inhibitory concentration against CH1 (ovarian cancer) cells,SK-OV-3,,
CHEMBL365925,,C28H20Cl2N8Ru+,630.0,6.2,Inhibitory concentration against SW480 (colon cancer) cells,SW480,,
CHEMBL1351,,C6H12N2O4Pt,2900.0,5.54,In vitro inhibitory concentration against human leukemia cell line (HL-60),HL-60,,
CHEMBL1351,,C6H12N2O4Pt,700.0,6.16,In vitro inhibitory concentration against human leukemia cell line (NALM-6),NALM-6,,
CHEMBL372488,,C27H28FeO2,700.0,6.16,Antiproliferative effect in the hormone dependent MCF-7 breast cancer cell line,MCF7,,
CHEMBL372488,,C27H28FeO2,600.0,6.22,Antiproliferative effect in the hormone independent MDA-MB-231 breast cancer cell line,MDA-MB-231,,
CHEMBL216739,,C6H11Br2NO2PdS2,15000.0,,Concentration of the compound required to inhibit cell growth by 50% towards human HL60 tumor cell lines by the trypan blue dye exclusion test after 72 h,HL-60,,
CHEMBL216739,,C6H11Br2NO2PdS2,15000.0,,Concentration of the compound required to inhibit cell growth by 50% towards human HeLa tumor cell lines by the trypan blue dye exclusion test after 72 h,HeLa,,
CHEMBL11359,,H6Cl2N2Pt+2,100.0,7.0,Concentration required to inhibit growth of the human ovarian cancer CH1 cells by 50% after 96h exposure,CH1,,
CHEMBL11359,,H6Cl2N2Pt+2,1400.0,5.85,Concentration required to inhibit growth of the human ovarian cancer 41M cells by 50% after 96h exposure,41M,,
CHEMBL194376,,C13H16N2O4Pt,13000.0,4.89,Concentration required to inhibit growth of the human ovarian cancer A2780 cells by 50% after 96h exposure,A2780,,
CHEMBL194376,,C13H16N2O4Pt,17000.0,4.77,Concentration required to inhibit growth of the human ovarian cancer CH1 cells by 50% after 96h exposure,CH1,,
CHEMBL194376,,C13H16N2O4Pt,22000.0,4.66,Concentration required to inhibit growth of the human ovarian cancer 41M cells by 50% after 96h exposure,41M,,
CHEMBL370881,,C13H16N2O4Pt,13000.0,4.89,Concentration required to inhibit growth of the human ovarian cancer A2780 cells by 50% after 96h exposure,A2780,,
CHEMBL370881,,C13H16N2O4Pt,20000.0,4.7,Concentration required to inhibit growth of the human ovarian cancer CH1 cells by 50% after 96h exposure,CH1,,
CHEMBL370881,,C13H16N2O4Pt,22000.0,4.66,Concentration required to inhibit growth of the human ovarian cancer 41M cells by 50% after 96h exposure ,41M,,
CHEMBL196628,,C14H16N2O4Pt,12800.0,4.89,Concentration required to inhibit growth of the human ovarian cancer A2780 cells by 50% after 96h exposure,A2780,,
CHEMBL196628,,C14H16N2O4Pt,19000.0,4.72,Concentration required to inhibit growth of the human ovarian cancer CH1 cells by 50% after 96h exposure,CH1,,
CHEMBL196628,,C14H16N2O4Pt,14000.0,4.85,Concentration required to inhibit growth of the human ovarian cancer 41M cells by 50% after 96h exposure,41M,,
CHEMBL2068507,,C21H20Cl2N6O6Pt,15100.0,4.82,Inhibitory concentration against SK-MEL-25 cell line,SK-MEL-25,,
CHEMBL2068507,,C21H20Cl2N6O6Pt,27600.0,4.56,Inhibitory concentration against Calu-6 cell line,Calu-6,,
CHEMBL2068507,,C21H20Cl2N6O6Pt,53100.0,4.28,Inhibitory concentration against MCF-7 cell line,MCF7,,
CHEMBL2068510,,C8H14N2O5Pt,8740.0,5.06,In vitro cytotoxicity against human A549 non-small cell lung carcinoma cell line,A549,,
CHEMBL2068510,,C8H14N2O5Pt,25040.0,4.6,In vitro cytotoxicity against human HCT116 colon cancer cell line,HCT-116,,
CHEMBL446914,,H12Cl3FeO6,200000.0,,Cytotoxicity against human G361 cells after 72 hrs by calcein acetoxymethyl assay,G-361,,
CHEMBL446914,,H12Cl3FeO6,200000.0,,Cytotoxicity against human HOS cells after 72 hrs by calcein acetoxymethyl assay,HOS,,
CHEMBL446914,,H12Cl3FeO6,200000.0,,Cytotoxicity against human K562 cells after 72 hrs by calcein acetoxymethyl assay,K562,,
CHEMBL446914,,H12Cl3FeO6,200000.0,,Cytotoxicity against human MCF7 cells after 72 hrs by calcein acetoxymethyl assay,MCF7,,
CHEMBL1366,,C20H34AuO9PS,5600.0,5.25,HARVARD: Cytotoxicity in HepG2 cell line,HepG2,,
CHEMBL11359,,H6Cl2N2Pt+2,18833.5,4.72,SANGER: Inhibition of human A549 cell growth in a cell viability assay.,A549,,
CHEMBL11359,,H6Cl2N2Pt+2,15222.89,4.82,SANGER: Inhibition of human MCF7 cell growth in a cell viability assay.,MCF7,,
CHEMBL11359,,H6Cl2N2Pt+2,8683.97,5.06,SANGER: Inhibition of human HCT-116 cell growth in a cell viability assay.,HCT-116,,
CHEMBL11359,,H6Cl2N2Pt+2,267308.92,,SANGER: Inhibition of human HCT-15 cell growth in a cell viability assay.,HCT-15,,
