"Compound ChEMBL ID";"Name";"Synonyms";"Type";"Max Phase";"Molecular Weight";"Targets";"Bioactivities";"AlogP";"Polar Surface Area";"HBA";"HBD";"#RO5 Violations";"#Rotatable Bonds";"Passes Ro3";"QED Weighted";"Aromatic Rings";"Structure Type";"Inorganic Flag";"Heavy Atoms";"Np Likeness Score";"Molecular Formula";"Smiles";"Inchi Key";"Inchi";"Withdrawn Flag";"Orphan";"Records Key";"Records Name"
"CHEMBL276209";"(4-BromoThiophenolato)(2,2':6',2''-terpyridine)platinum (II) Chloride Dihydrate";"";"Small molecule";"";"651.87";"1";"1";"None";"None";"None";"None";"None";"None";"None";"None";"None";"NONE";"-1";"None";"None";"C21H15BrClN3PtS+3";"";"";"";"False";"-1";"['2h']";"["(4-BromoThiophenolato)(2,2':6',2''-terpyridine)platinum (II) Chloride Dihydrate"]"
"CHEMBL117179";"Rhenium complex";"";"Small molecule";"";"745.77";"3";"3";"None";"None";"None";"None";"None";"None";"None";"None";"None";"NONE";"-1";"None";"None";"C24H30Cl2N3O4ReS2+";"";"";"";"False";"-1";"['15b (O-1136)']";"["N-[(2-((3'-N-propyl-(1''R)-3''-(3,4-dichlorophenyl)trop-2''-ene-2''-carbomethoxy)(2-mercaptoethyl)amino) acetyl)-2-aminoethanethiolato)rhenium(V) oxide"]"
"CHEMBL2068303";"triphenylethylene platinum (II) complex";"";"Small molecule";"";"792.75";"2";"2";"None";"None";"None";"None";"None";"None";"None";"None";"None";"NONE";"-1";"None";"None";"C35H46Cl2N2O2Pt";"";"";"";"False";"-1";"['1Bd']";"['triphenylethylene platinum (II) complex']"
"CHEMBL2068458";"Dichlorodiacetyl oxy-(ammino acetoxy butylammino ethanol) platinum (II)";"Dichlorodiacetyl oxy-(ammino acetoxy butylammino ethanol) platinum(II)";"Small molecule";"";"530.26";"2";"2";"None";"None";"None";"None";"None";"None";"None";"None";"None";"NONE";"-1";"None";"None";"C10H20Cl2N2O6Pt";"";"";"";"False";"-1";"['17']";"['Dichlorodiacetyl oxy-(ammino acetoxy butylammino ethanol) platinum (II)']"
"CHEMBL2068320";"2-{3-[4-(Acridin-9-ylamino)-phenyl]-propyl}-propane-1,3-diammino-dichloroplatinum (II) (HCl)";"";"Small molecule";"";"620.44";"1";"4";"None";"None";"None";"None";"None";"None";"None";"None";"None";"NONE";"-1";"None";"None";"C23H22Cl2N4Pt";"";"";"";"False";"-1";"['11a']";"['2-{3-[4-(Acridin-9-ylamino)-phenyl]-propyl}-propane-1,3-diammino-dichloroplatinum (II) (HCl)']"
"CHEMBL175505";"Cis-Platinum (II) Conjugate";"";"Small molecule";"";"378.16";"1";"3";"None";"None";"None";"None";"None";"None";"None";"None";"None";"NONE";"-1";"None";"None";"C6H12Cl2N2Pt";"";"";"";"False";"-1";"['13']";"['Cis-Platinum (II) Conjugate']"
"CHEMBL293638";"Fe complex";"";"Small molecule";"";"497.22";"1";"1";"None";"None";"None";"None";"None";"None";"None";"None";"None";"NONE";"-1";"None";"None";"C26H21BrFeN2";"";"";"";"False";"-1";"['8c']";"["N-Ferrocenylmethyl, N'-Methyl-2-substituted Benzimidazole analogue"]"
"CHEMBL611449";"Acridinylthiourea derivative and platinum conjugate";"";"Small molecule";"";"616.09";"7";"11";"None";"None";"None";"None";"None";"None";"None";"None";"None";"NONE";"-1";"None";"None";"C20H29ClN6PtS+2";"";"";"";"False";"-1";"['PT-ACRAMTU', '2']";"['Platinum-acridine derivative', 'Acridinylthiourea derivative and platinum conjugate']"
"CHEMBL608255";"9-acridinylmethylamino-methylaminomethanethione1-PtCl(en)";"";"Small molecule";"";"556.98";"3";"3";"None";"None";"None";"None";"None";"None";"None";"None";"None";"NONE";"-1";"None";"None";"C17H20ClN5PtS";"";"";"";"False";"-1";"['7']";"['9-acridinylmethylamino-methylaminomethanethione1-PtCl(en)']"
"CHEMBL2068376";"trans-ptcl2(n-butyl amine)(pz)";"";"Small molecule";"";"423.25";"5";"9";"None";"None";"None";"None";"None";"None";"None";"None";"None";"NONE";"-1";"None";"None";"C8H19Cl2N3Pt";"";"";"";"False";"-1";"['ptcl2']";"['trans-ptcl2(n-butyl amine)(pz)']"
"CHEMBL118385";"AUPHEN";"";"Small molecule";"";"448.08";"2";"3";"None";"None";"None";"None";"None";"None";"None";"None";"None";"NONE";"-1";"None";"None";"C12H8AuCl2N2+2";"";"";"";"False";"-1";"['[Au(phen)Cl2]+']";"['Au(phen)']"
"CHEMBL294921";"FERROCENYL SUGAR";"";"Small molecule";"";"392.19";"2";"3";"None";"None";"None";"None";"None";"None";"None";"None";"None";"NONE";"-1";"None";"None";"C17H20FeO7";"";"";"";"False";"-1";"['3-Fe-11']";"['Ferrocenyl Sugar']"
"CHEMBL4107001";"";"";"Small molecule";"";"730.91";"2";"2";"None";"None";"None";"None";"None";"None";"None";"None";"None";"NONE";"-1";"None";"None";"C25H32N6O4ReS2+4";"";"";"";"False";"-1";"['BDBM103912']";"['US8562945, 247']"
"CHEMBL368608";"Cis-Platinum (II) Conjugate";"";"Small molecule";"";"451.38";"1";"3";"None";"None";"None";"None";"None";"None";"None";"None";"None";"NONE";"-1";"None";"None";"C12H20N2O4Pt+2";"";"";"";"False";"-1";"['12']";"['Cis-Platinum (II) Conjugate']"
"CHEMBL364516";"N-{4-[4-(2-methoxyphenyl)piperazin-1-yl]butyl}-1-ferra-1,1'-spirobi[pentacyclo[2.2.0.0^{1,3}.0^{1,5}.0^{2,6}]hexane]-2,2',4,4'-tetraene-6-carboxamide";"";"Small molecule";"";"467.35";"7";"14";"None";"None";"None";"None";"None";"None";"None";"None";"None";"NONE";"-1";"None";"None";"C26H25FeN3O2";"";"";"";"False";"-1";"['1a']";"["N-{4-[4-(2-methoxyphenyl)piperazin-1-yl]butyl}-1-ferra-1,1'-spirobi[pentacyclo[2.2.0.0^{1,3}.0^{1,5}.0^{2,6}]hexane]-2,2',4,4'-tetraene-6-carboxamide"]"
"CHEMBL265995";"Platinum complex";"";"Small molecule";"";"1260.91";"3";"8";"None";"None";"None";"None";"None";"None";"None";"None";"None";"NONE";"-1";"None";"None";"C40H30N12O12Pt2+8";"";"";"";"False";"-1";"['3 (H)']";"["4'-chloro-2,2':6,2''-Terpyridineplatinum (II) complexes"]"
"CHEMBL611192";"Metallocenium salt";"";"Small molecule";"";"331.00";"9";"11";"None";"None";"None";"None";"None";"None";"None";"None";"None";"NONE";"-1";"None";"None";"C10H10F6FeP";"";"";"";"False";"-1";"['1']";"['Metallocenium salt']"
"CHEMBL2068325";"Platinum complex";"";"Small molecule";"";"634.47";"1";"4";"None";"None";"None";"None";"None";"None";"None";"None";"None";"NONE";"-1";"None";"None";"C24H24Cl2N4Pt";"";"";"";"False";"-1";"['11b']";"['2-{4-[4-(Acridin-9-ylamino)-phenyl]-butyl}-propane-1,3-diammino-dichloroplatinum (II) (HCl)']"
"CHEMBL74123";"Auranofin analogue HCl";"";"Small molecule";"";"391.25";"3";"3";"None";"None";"None";"None";"None";"None";"None";"None";"None";"NONE";"-1";"None";"None";"C7H19AuN2PS-2";"";"";"";"False";"-1";"['17']";"['Auranofin analogue HCl']"
"CHEMBL74120";"Auranofin analogue";"";"Small molecule";"";"395.64";"3";"3";"None";"None";"None";"None";"None";"None";"None";"None";"None";"NONE";"-1";"None";"None";"C8H20AuClOP-2";"";"";"";"False";"-1";"['49']";"['Auranofin analogue']"
"CHEMBL264844";"Platinum complex";"";"Small molecule";"";"1530.04";"3";"7";"None";"None";"None";"None";"None";"None";"None";"None";"None";"NONE";"-1";"None";"None";"C56H36Cl2N12O12Pt2+8";"";"";"";"False";"-1";"["3 (4,4'-diethynylbiphenyl)"]";"["4'-chloro-2,2':6,2''-Terpyridineplatinum (II) complexes"]"
"CHEMBL2068318";"Acridinecarboxamide-Pt(II) complex";"";"Small molecule";"";"628.46";"3";"5";"None";"None";"None";"None";"None";"None";"None";"None";"None";"NONE";"-1";"None";"None";"C22H26Cl2N4OPt";"";"";"";"False";"-1";"['14']";"['Acridinecarboxamide-Pt(II) complex']"
"CHEMBL430985";"Auranofin analogue";"";"Small molecule";"";"434.34";"3";"3";"None";"None";"None";"None";"None";"None";"None";"None";"None";"NONE";"-1";"None";"None";"C9H20AuNPS2-2";"";"";"";"False";"-1";"['23']";"['Auranofin analogue']"
"CHEMBL94326";"Platinum complex";"";"Small molecule";"";"685.57";"2";"5";"None";"None";"None";"None";"None";"None";"None";"None";"None";"NONE";"-1";"None";"None";"C21H22N4O8PtS+3";"";"";"";"False";"-1";"['10']";"["(2,2':6',2''-Terpyridine)platinum (II)-1-thiolato-beta-D-glucose nitrate"]"
"CHEMBL184465";"Gold-Chloroquine Complex";"";"Small molecule";"";"925.11";"2";"9";"None";"None";"None";"None";"None";"None";"None";"None";"None";"NONE";"-1";"None";"None";"C36H42AuClF6N3P2";"";"";"";"False";"-1";"['Au-CQ Complex 1']";"['Gold-Chloroquine Complex']"
"CHEMBL187626";"Gold-Chloroquine Complex";"";"Small molecule";"";"996.18";"2";"5";"None";"None";"None";"None";"None";"None";"None";"None";"None";"NONE";"-1";"None";"None";"C34H50AuCl3N3O10S";"";"";"";"False";"-1";"['Au-CQ Complex 6']";"['Gold-Chloroquine Complex']"
"CHEMBL2068561";"triphenylethylene platinum (II) complex";"";"Small molecule";"";"778.72";"3";"3";"None";"None";"None";"None";"None";"None";"None";"None";"None";"NONE";"-1";"None";"None";"C34H44Cl2N2O2Pt";"";"";"";"False";"-1";"['1Bc']";"['triphenylethylene platinum (II) complex']"
"CHEMBL191157";"camphorato platinum complex derivative";"";"Small molecule";"";"509.50";"4";"4";"None";"None";"None";"None";"None";"None";"None";"None";"None";"NONE";"-1";"None";"None";"C16H30N2O4Pt";"";"";"";"False";"-1";"['2a']";"['camphorato platinum complex derivative']"
"CHEMBL49789";"alpha-[Ru(azpy)2(mal)]";"";"Small molecule";"";"570.55";"1";"2";"None";"None";"None";"None";"None";"None";"None";"None";"None";"NONE";"-1";"None";"None";"C25H21N6O4Ru+3";"";"";"";"False";"-1";"['3 (alpha-[Ru(azpy)2(mal)])']";"['alpha-[Ru(azpy)2(mal)]']"
"CHEMBL176766";"Cis-Platinum (II) Conjugate";"";"Small molecule";"";"449.36";"1";"3";"None";"None";"None";"None";"None";"None";"None";"None";"None";"NONE";"-1";"None";"None";"C12H18N2O4Pt";"";"";"";"False";"-1";"['16']";"['Cis-Platinum (II) Conjugate']"
"CHEMBL103460";"Platinum complex";"";"Small molecule";"";"503.09";"7";"16";"None";"None";"None";"None";"None";"None";"None";"None";"None";"NONE";"-1";"None";"None";"C6H16Br2N2O2Pt";"";"";"";"False";"-1";"['36']";"['trans-a,amine-b,d-dibromo-f-(cyclohexylamine)-c,e-dihydroxo-platinium (IV)']"
"CHEMBL55730";"[N-[2-[(3'-N'-PROPYL-3''ALPHA-(BIS(4-FLUORORPHENYL)METHOXY)TROPANE-2''BETA-CARBOXYLIC ACID METHYL ESTER)(2-MERCAPTOETHYL)AMINO]ACETYL]-2-AMINOETHANETHIOLATO]RHENIUM(V) OXIDE (DIASTEREOMERIC MIX)";"";"Small molecule";"";"821.00";"3";"5";"None";"None";"None";"None";"None";"None";"None";"None";"None";"NONE";"-1";"None";"None";"C31H38F2N3O5ReS2+";"";"";"";"False";"-1";"['O-918, 13a', 'O-864,13', 'O-919, 13b']";"["Diastereiosomer of[N-[2-[(3'-N'-Propyl-3''alpha-(bis(4-fluorophenyl)methoxy)tropane-2''beta-carboxylic acid methyl ester)(2-mercaptoethyl)amino]acetyl]-2-aminoethanethiolato]rhenium(V) oxide", "[N-[2-[(3'-N'-Propyl-3''alpha-(bis(4-fluorophenyl)methoxy)tropane-2''beta-carboxylic acid methyl ester)(2-mercaptoethyl)amino]acetyl]-2-aminoethanethiolato]rhenium(V) oxide", "Diastereiosomer of[N-[2-[(3'-N'-Propyl-3''alpha-(bis(4-fluorophenyl)methoxy)tropane-2''beta-carboxylic acid methyl ester)(2-mercaptoethyl)amino]acetyl]-2-aminoethanethiolato]rhenium(V) oxide"]"
"CHEMBL1565619";"";"";"Small molecule";"";"267.80";"7";"8";"None";"None";"None";"None";"None";"None";"None";"None";"None";"NONE";"-1";"None";"None";"C6Fe2N6";"";"";"";"False";"-1";"['SID50111786']";"['SID50111786']"
"CHEMBL372488";"Fe complex";"";"Small molecule";"";"440.36";"7";"8";"None";"None";"None";"None";"None";"None";"None";"None";"None";"NONE";"-1";"None";"None";"C27H28FeO2";"";"";"";"False";"-1";"['4']";"["4-[1-(4-hydroxyphenyl)-2-{1-methyl-1-ferraspiro[pentacyclo[2.2.0.0^{1,3}.0^{1,5}.0^{2,6}]hexane-1,1'-tetracyclo[2.2.0.0^{1,3}.0^{2,6}]hexane]-6'-yl}but-1-en-1-yl]phenol"]"
"CHEMBL190065";"Ruthenium complex";"";"Small molecule";"";"477.14";"2";"2";"None";"None";"None";"None";"None";"None";"None";"None";"None";"NONE";"-1";"None";"None";"C14H10Cl4N4Ru-";"";"";"";"False";"-1";"['3']";"['Ruthenium complexes']"
"CHEMBL93299";"Rhenium Oxo Complex";"";"Small molecule";"";"1127.29";"2";"3";"None";"None";"None";"None";"None";"None";"None";"None";"None";"NONE";"-1";"None";"None";"C42H38N9O9ReS4-";"";"";"";"False";"-1";"['13']";"['Rhenium Oxo Complexe']"
"CHEMBL283409";"Bis [1,2-bis(diphenylphosphino)ethane] gold (I) Chloride Hydrate";"";"Small molecule";"";"1033.30";"4";"6";"None";"None";"None";"None";"None";"None";"None";"None";"None";"NONE";"-1";"None";"None";"C52H52AuClP4";"";"";"";"False";"-1";"['1']";"['Bis [1,2-bis(diphenylphosphino)ethane] gold (I) Chloride Hydrate']"
"CHEMBL31233";"Bis [1,2-bis(diphenylphosphino)ethane] gold (I) Nitrate";"";"Small molecule";"";"1060.86";"2";"3";"None";"None";"None";"None";"None";"None";"None";"None";"None";"NONE";"-1";"None";"None";"C52H53AuNO3P4+";"";"";"";"False";"-1";"['4']";"['Bis [1,2-bis(diphenylphosphino)ethane] gold (I) Nitrate']"
"CHEMBL62600";"N-Ferrocenylmethyl, N'-Methyl-2-substituted Benzimidazole analogue";"";"Small molecule";"";"570.20";"1";"1";"None";"None";"None";"None";"None";"None";"None";"None";"None";"NONE";"-1";"None";"None";"C25H21F2FeIN2";"";"";"";"False";"-1";"['6f']";"["N-Ferrocenylmethyl, N'-Methyl-2-substituted Benzimidazole analogue"]"
"CHEMBL2068295";"triphenylethylene platinum (II) complex";"";"Small molecule";"";"806.78";"2";"2";"None";"None";"None";"None";"None";"None";"None";"None";"None";"NONE";"-1";"None";"None";"C36H48Cl2N2O2Pt";"";"";"";"False";"-1";"['1Be']";"['triphenylethylene platinum (II) complex']"
"CHEMBL103721";"trans-Amminedichloro(N-methylcyclohexylamine)-platinium (II)";"";"Small molecule";"";"394.20";"7";"13";"None";"None";"None";"None";"None";"None";"None";"None";"None";"NONE";"-1";"None";"None";"C7H16Cl2N2Pt";"";"";"";"False";"-1";"['13']";"['trans-Amminedichloro(N-methylcyclohexylamine)-platinium (II)']"
"CHEMBL6757";"Platinum complex";"";"Small molecule";"";"695.09";"6";"24";"None";"None";"None";"None";"None";"None";"None";"None";"None";"NONE";"-1";"None";"None";"C21H18B2F8N4Pt+4";"";"";"";"False";"-1";"['in table I; pg.no.1000', '5']";"["(2,2':6',2''-terpyridine)platinum (II) complex", "2,2':6,2''-Terpyridineplatinum (II) complexes"]"
"CHEMBL2068390";"Platinum complex";"";"Small molecule";"";"455.37";"4";"4";"None";"None";"None";"None";"None";"None";"None";"None";"None";"NONE";"-1";"None";"None";"C11H20N2O5Pt";"";"";"";"False";"-1";"['24']";"['Platinum complex']"
"CHEMBL294645";"4N-(4-diethylamino-1-methylbutyl)-7-chloro-4-quinolinamine 1-N-[Au(PPh3)] compound with PF6-";"";"Small molecule";"";"780.15";"2";"3";"None";"None";"None";"None";"None";"None";"None";"None";"None";"NONE";"-1";"None";"None";"C36H42AuClN3P+2";"";"";"";"False";"-1";"['[Au(PPh3)(CQ)]PF6']";"['4N-(4-diethylamino-1-methylbutyl)-7-chloro-4-quinolinamine 1-N-[Au(PPh3)] compound with PF6-']"
"CHEMBL311250";"Auranofin analogue";"";"Small molecule";"";"495.72";"4";"5";"None";"None";"None";"None";"None";"None";"None";"None";"None";"NONE";"-1";"None";"None";"C18H16AuClP-2";"";"";"";"False";"-1";"['51']";"['Auranofin analogue']"
"CHEMBL73559";"Auranofin analogue";"";"Small molecule";"";"501.34";"3";"3";"None";"None";"None";"None";"None";"None";"None";"None";"None";"NONE";"-1";"None";"None";"C10H27AuNO5PS-";"";"";"";"False";"-1";"['26']";"['Auranofin analogue']"
"CHEMBL71261";"Auranofin analogue";"";"Small molecule";"";"399.63";"3";"3";"None";"None";"None";"None";"None";"None";"None";"None";"None";"NONE";"-1";"None";"None";"C10H16AuClP-2";"";"";"";"False";"-1";"['52']";"['Auranofin analogue']"
"CHEMBL308316";"1-(4-Butoxyphenyl)-3-ferrocenyl-2-propen-1-one";"";"Small molecule";"";"388.29";"1";"1";"None";"None";"None";"None";"None";"None";"None";"None";"None";"NONE";"-1";"None";"None";"C23H24FeO2";"";"";"";"False";"-1";"['12']";"['1-(4-Butoxyphenyl)-3-ferrocenyl-2-propen-1-one']"
"CHEMBL70616";"Auranofin analogue HCl";"";"Small molecule";"";"622.45";"3";"3";"None";"None";"None";"None";"None";"None";"None";"None";"None";"NONE";"-1";"None";"None";"C16H32AuN3O6PS-2";"";"";"";"False";"-1";"['15']";"['Auranofin analogue HCl']"
"CHEMBL2068321";"Platinum complex";"";"Small molecule";"";"662.52";"1";"4";"None";"None";"None";"None";"None";"None";"None";"None";"None";"NONE";"-1";"None";"None";"C26H28Cl2N4Pt";"";"";"";"False";"-1";"['9e']";"['N*1*-{5-[4-(Acridin-9-ylamino)-phenyl]-pentyl}-ethane-1,2-diammino-dichloroplatinum (II)']"
"CHEMBL63775";"N-Ferrocenylmethyl, N'-Methyl-2-substituted Benzimidazole analogue";"";"Small molecule";"";"568.67";"1";"1";"None";"None";"None";"None";"None";"None";"None";"None";"None";"NONE";"-1";"None";"None";"C25H22ClFeIN2";"";"";"";"False";"-1";"['6h']";"["N-Ferrocenylmethyl, N'-Methyl-2-substituted Benzimidazole analogue"]"
"CHEMBL226286";"Gold complex of (Bis(diphenylphosphino)alkane analogue)";"";"Small molecule";"";"1324.97";"3";"3";"None";"None";"None";"None";"None";"None";"None";"None";"None";"NONE";"-1";"None";"None";"C41H42Au3Cl3P3";"";"";"";"False";"-1";"['65a']";"['Gold complex of (Bis(diphenylphosphino)alkane analogue)']"
"CHEMBL71546";"Gold complex of (Bis(diphenylphosphino)alkane analogue)";"";"Small molecule";"";"767.18";"2";"2";"None";"None";"None";"None";"None";"None";"None";"None";"None";"NONE";"-1";"None";"None";"C18H24Au2Cl2P2";"";"";"";"False";"-1";"['9a']";"['Gold complex of (Bis(diphenylphosphino)alkane analogue)']"
"CHEMBL2068711";"4-[1-Benzyl-4-(4-chloro-benzyl)-piperidin-4-yl]-2-hydroxy-4-oxo-but-2-enoic acid; Ferrous ion";"";"Small molecule";"";"467.73";"1";"1";"None";"None";"None";"None";"None";"None";"None";"None";"None";"NONE";"-1";"None";"None";"C23H22ClFeNO4";"";"";"";"False";"-1";"['8 (Fe)']";"['4-[1-Benzyl-4-(4-chloro-benzyl)-piperidin-4-yl]-2-hydroxy-4-oxo-but-2-enoic acid; Ferrous ion']"
"CHEMBL72640";"2,6-bis(cyclopentyloxy)-1,3,5,7-tetrathia-4-platinaspiro[3.3]heptane";"";"Small molecule";"";"519.64";"6";"12";"None";"None";"None";"None";"None";"None";"None";"None";"None";"NONE";"-1";"None";"None";"C12H20O2PtS4";"";"";"";"False";"-1";"['19']";"['2,6-bis(cyclopentyloxy)-1,3,5,7-tetrathia-4-platinaspiro[3.3]heptane']"
"CHEMBL1514796";"";"";"Small molecule";"";"473.35";"1";"1";"None";"None";"None";"None";"None";"None";"None";"None";"None";"NONE";"-1";"None";"None";"C12H14N4O4Pt-6";"";"";"";"False";"-1";"['SID50109308']";"['SID50109308']"
"CHEMBL147416";"trans-[ptcl2(4-pic)(pz)] HCl";"";"Small molecule";"";"446.26";"3";"7";"None";"None";"None";"None";"None";"None";"None";"None";"None";"NONE";"-1";"None";"None";"C10H18Cl2N3Pt+3";"";"";"";"False";"-1";"['IV']";"['trans-[ptcl2(4-pic)(pz)] HCl']"
"CHEMBL148800";"trans-ptcl2(picoline)(pz)";"";"Small molecule";"";"444.24";"5";"9";"None";"None";"None";"None";"None";"None";"None";"None";"None";"NONE";"-1";"None";"None";"C10H16Cl2N3Pt+";"";"";"";"False";"-1";"['IV']";"['trans-ptcl2(picoline)(pz)']"
"CHEMBL6763";"(2,2':6',2''-terpyridine)platinum (II) complex";"";"Small molecule";"";"759.96";"6";"24";"None";"None";"None";"None";"None";"None";"None";"None";"None";"NONE";"-1";"None";"None";"C20H15B2BrF8N4Pt+4";"";"";"";"False";"-1";"['in table I; pg.no.1000', '2 (4-Br-C5H4N)']";"["(2,2':6',2''-terpyridine)platinum (II) complex", "2,2':6,2''-Terpyridineplatinum (II) complexes"]"
"CHEMBL171156";"Platinum (II) complex";"";"Small molecule";"";"481.36";"7";"8";"None";"None";"None";"None";"None";"None";"None";"None";"None";"NONE";"-1";"None";"None";"C12H18N2O6Pt";"";"";"";"False";"-1";"['10']";"['Platinum (II) complex']"
"CHEMBL177672";"Co-Phthal";"";"Small molecule";"";"469.18";"3";"4";"None";"None";"None";"None";"None";"None";"None";"None";"None";"NONE";"-1";"None";"None";"C16H17Co2NO8";"";"";"";"False";"-1";"['Co-Phthal']";"['Co-Phthal']"
"CHEMBL299067";"Bis (3-methyl-2,4-pentanedionato) (N,N-bis(2-chloroethyl)ethylenediamine)cobalt(III) Percholate";"";"Small molecule";"";"461.32";"2";"4";"None";"None";"None";"None";"None";"None";"None";"None";"None";"NONE";"-1";"None";"None";"C17H35Cl2CoN2O4+";"";"";"";"False";"-1";"['20']";"['Bis (3-methyl-2,4-pentanedionato) (N,N-bis(2-chloroethyl)ethylenediamine)cobalt(III) Percholate']"
"CHEMBL1627737";"Estrogen platinum (II) hybrid derivative";"";"Small molecule";"";"774.73";"4";"9";"None";"None";"None";"None";"None";"None";"None";"None";"None";"NONE";"-1";"None";"None";"C32H48Cl2N2O3Pt";"";"";"";"False";"-1";"['2 (n=4, m=2)']";"['Estrogen platinum (II) hybrid derivative']"
"CHEMBL67984";"Gold complex of (Bis(diphenylphosphino)alkane analogue)";"";"Small molecule";"";"911.31";"2";"2";"None";"None";"None";"None";"None";"None";"None";"None";"None";"NONE";"-1";"None";"None";"C30H24Au2Cl2P2";"";"";"";"False";"-1";"['33a']";"['Gold complex of (Bis(diphenylphosphino)alkane analogue)']"
"CHEMBL6963";"(2,2':6',2''-terpyridine)platinum (II) complex";"";"Small molecule";"";"617.98";"6";"25";"None";"None";"None";"None";"None";"None";"None";"None";"None";"NONE";"-1";"None";"None";"C15H13B2F8N4Pt+3";"";"";"";"False";"-1";"['in table I; pg.no.1000', '2 (NH3)']";"["(2,2':6',2''-terpyridine)platinum (II) complex", "2,2':6,2''-Terpyridineplatinum (II) complexes"]"
"CHEMBL103347";"trans-a-Ammine-b,d-dichloro-c,e-dihydroxo-f-(exo-2-aminonorbornane)-platinium (IV)";"";"Small molecule";"";"392.19";"6";"14";"None";"None";"None";"None";"None";"None";"None";"None";"None";"NONE";"-1";"None";"None";"C7H14Cl2N2Pt";"";"";"";"False";"-1";"['30']";"['trans-a-Ammine-b,d-dichloro-c,e-dihydroxo-f-(exo-2-aminonorbornane)-platinium (IV)']"
"CHEMBL150105";"Acetato[2-(dimethylamino)methyl]phenyl-C,N]gold-(III)";"";"Small molecule";"";"449.26";"12";"64";"None";"None";"None";"None";"None";"None";"None";"None";"None";"NONE";"-1";"None";"None";"C13H18AuNO4+";"";"";"";"False";"-1";"['3']";"['Acetato[2-(dimethylamino)methyl]phenyl-C,N]gold-(III)']"
"CHEMBL1627733";"Estrogen platinum (II) hybrid derivative";"";"Small molecule";"";"746.68";"4";"9";"None";"None";"None";"None";"None";"None";"None";"None";"None";"NONE";"-1";"None";"None";"C30H44Cl2N2O3Pt";"";"";"";"False";"-1";"['2 (n=2, m=2)']";"['Estrogen platinum (II) hybrid derivative']"
"CHEMBL71634";"Gold complex of (Bis(diphenylphosphino)alkane analogue)";"";"Small molecule";"";"859.23";"2";"2";"None";"None";"None";"None";"None";"None";"None";"None";"None";"NONE";"-1";"None";"None";"C26H20Au2Cl2P2";"";"";"";"False";"-1";"['26a']";"['Gold complex of (Bis(diphenylphosphino)alkane analogue)']"
"CHEMBL2146186";"[1-(2-Aminophenyl)-6,7-dimethoxyisoquinoline]dichloroplatinum (II)";"";"Small molecule";"";"546.31";"1";"2";"None";"None";"None";"None";"None";"None";"None";"None";"None";"NONE";"-1";"None";"None";"C17H16Cl2N2O2Pt";"";"";"";"False";"-1";"['15']";"['[1-(2-Aminophenyl)-6,7-dimethoxyisoquinoline]dichloroplatinum (II)']"
"CHEMBL385413";"Platinum complex";"";"Small molecule";"";"1329.80";"3";"8";"None";"None";"None";"None";"None";"None";"None";"None";"None";"NONE";"-1";"None";"None";"C40H28Cl2N12O12Pt2+8";"";"";"";"False";"-1";"['3 (Cl)']";"["4'-chloro-2,2':6,2''-Terpyridineplatinum (II) complexes"]"
"CHEMBL307319";"Auranofin analogue";"";"Small molecule";"";"378.14";"3";"3";"None";"None";"None";"None";"None";"None";"None";"None";"None";"NONE";"-1";"None";"None";"C6H16AuNO3P-2";"";"";"";"False";"-1";"['44']";"['Auranofin analogue']"
"CHEMBL232319";"Gold complex of (Bis(diphenylphosphino)alkane analogue)";"";"Small molecule";"";"904.49";"3";"3";"None";"None";"None";"None";"None";"None";"None";"None";"None";"NONE";"-1";"None";"None";"C32H32Au2O2P2";"";"";"";"False";"-1";"['61a']";"['Gold complex of (Bis(diphenylphosphino)alkane analogue)']"
"CHEMBL5809843";"";"";"";"";"710.10";"1";"3";"None";"None";"None";"None";"None";"None";"None";"None";"None";"NONE";"-1";"None";"None";"C32H58Cl2N2P2Pd";"";"";"";"False";"-1";"['BDBM302439']";"['Azetidin-1-yl[3-(pyrazolo[1,5-a]pyridin-6-yl)imidazo[1,2-b]pyridazin-2-yl]methanone (8)::US9598421, Example 8']"
"CHEMBL103122";"trans-a-Ammine-b,d-dichloro-c,e-dihydroxy-f-(benzylamine)-platinium (IV)";"";"Small molecule";"";"422.17";"7";"15";"None";"None";"None";"None";"None";"None";"None";"None";"None";"NONE";"-1";"None";"None";"C7H12Cl2N2O2Pt";"";"";"";"False";"-1";"['28']";"['trans-a-Ammine-b,d-dichloro-c,e-dihydroxy-f-(benzylamine)-platinium (IV)']"
"CHEMBL2068430";"Platinum complex";"";"Small molecule";"";"794.50";"2";"6";"None";"None";"None";"None";"None";"None";"None";"None";"None";"NONE";"-1";"None";"None";"C14H11Cl3I2N2O2Pt";"";"";"";"False";"-1";"['1', '8-PtI2']";"['3,5-dichloro-4-[5-(2-chloro-4-hydroxyphenyl)-2,2-diiodo-(4S,5R)-tetrahydro-1H-4-(platinum)imidazolediiumyl]phenol', '[1-Methylamino-2,6-dichloro-4-hydroxy-(1-methylamino-2-chloro-4-hydroxy-phenyl)-phenyl] platium diiodide(ptI2)']"
"CHEMBL102644";"trans-Amminedibromo (cyclohexylamine)-platinium (II)";"Trans-Amminedibromo (cyclohexylamine)-platinium(II)";"Small molecule";"";"469.08";"5";"11";"None";"None";"None";"None";"None";"None";"None";"None";"None";"NONE";"-1";"None";"None";"C6H14Br2N2Pt";"";"";"";"False";"-1";"['17']";"['trans-Amminedibromo (cyclohexylamine)-platinium (II)']"
"CHEMBL312787";"1-(2,3,4-Trimethoxyphenyl)-3-ferrocenyl-2-propen-1-one";"";"Small molecule";"";"406.26";"1";"1";"None";"None";"None";"None";"None";"None";"None";"None";"None";"NONE";"-1";"None";"None";"C22H22FeO4";"";"";"";"False";"-1";"['10']";"['1-(2,3,4-Trimethoxyphenyl)-3-ferrocenyl-2-propen-1-one']"
"CHEMBL319686";"trans-a,f-Dichloro-b,d-bis(cyclohexylamine)-c,e-dihydroxo-platinium (IV)";"";"Small molecule";"";"496.34";"7";"15";"None";"None";"None";"None";"None";"None";"None";"None";"None";"NONE";"-1";"None";"None";"C12H26Cl2N2O2Pt";"";"";"";"False";"-1";"['35']";"['trans-a,f-Dichloro-b,d-bis(cyclohexylamine)-c,e-dihydroxo-platinium (IV)']"
"CHEMBL175635";"Co-Prop";"";"Small molecule";"";"354.09";"4";"8";"None";"None";"None";"None";"None";"None";"None";"None";"None";"NONE";"-1";"None";"None";"C9H16Co2O7";"";"";"";"False";"-1";"['Co-Prop']";"['Co-Prop']"
"CHEMBL280249";"(2-ferrocenyl)-carbamic acid 3-(1H-imidazol-4-yl)-propylester";"";"Small molecule";"";"367.23";"1";"1";"None";"None";"None";"None";"None";"None";"None";"None";"None";"NONE";"-1";"None";"None";"C18H21FeN3O2+2";"";"";"";"False";"-1";"['30']";"['(2-ferrocenyl)-carbamic acid 3-(1H-imidazol-4-yl)-propylester: C4H4O40.25H2O']"
"CHEMBL4110270";"";"";"Small molecule";"";"761.03";"2";"2";"None";"None";"None";"None";"None";"None";"None";"None";"None";"NONE";"-1";"None";"None";"C27H42N8O2ReS2+4";"";"";"";"False";"-1";"['BDBM103915']";"['US8562945, 250']"
"CHEMBL194555";"Fe complex";"";"Small molecule";"";"506.21";"7";"14";"None";"None";"None";"None";"None";"None";"None";"None";"None";"NONE";"-1";"None";"None";"C25H21Cl2FeN3O";"";"";"";"False";"-1";"['1b']";"["N-{4-[4-(2,3-dichlorophenyl)piperazin-1-yl]butyl}-1-ferra-1,1'-spirobi[pentacyclo[2.2.0.0^{1,3}.0^{1,5}.0^{2,6}]hexane]-2,2',4,4'-tetraene-6-carboxamide"]"
"CHEMBL367377";"Co-Benz";"";"Small molecule";"";"458.19";"4";"8";"None";"None";"None";"None";"None";"None";"None";"None";"None";"NONE";"-1";"None";"None";"C16H20Co2O8";"";"";"";"False";"-1";"['Co-Benz']";"['Co-Benz']"
"CHEMBL319263";"trans-a-Ammine-b,d-dichloro-c,e-dihydroxo-f-(1,1,3,3-tetramethyl butylamine)-platinium (IV)";"";"Small molecule";"";"444.26";"6";"14";"None";"None";"None";"None";"None";"None";"None";"None";"None";"NONE";"-1";"None";"None";"C8H22Cl2N2O2Pt";"";"";"";"False";"-1";"['33']";"['trans-a-Ammine-b,d-dichloro-c,e-dihydroxo-f-(1,1,3,3-tetramethyl butylamine)-platinium (IV)']"
"CHEMBL53329";"Bis (3-n-propyl-2,4-pentanedionato) (N,N-bis(2-chloroethyl)ethylenediamine)cobalt(III) Percholate";"";"Small molecule";"";"530.44";"2";"2";"None";"None";"None";"None";"None";"None";"None";"None";"None";"NONE";"-1";"None";"None";"C22H44Cl2CoN2O4";"";"";"";"False";"-1";"['17']";"['Bis (3-n-propyl-2,4-pentanedionato) (N,N-bis(2-chloroethyl)ethylenediamine)cobalt(III) Percholate']"
"CHEMBL330069";"Platinum complex";"";"Small molecule";"";"611.54";"2";"5";"None";"None";"None";"None";"None";"None";"None";"None";"None";"NONE";"-1";"None";"None";"C19H20N4O5PtS+3";"";"";"";"False";"-1";"['4']";"["4-Mercaptoethanol-(2,2':6',4'-ethoxy,2''-terpyridine)platinum (II) Nitrate"]"
"CHEMBL266168";"Platinum complex";"";"Small molecule";"";"736.14";"6";"24";"None";"None";"None";"None";"None";"None";"None";"None";"None";"NONE";"-1";"None";"None";"C23H21B2F8N5Pt+4";"";"";"";"False";"-1";"['in table II; pg.no.1001', '4 (N(CH2CH2))']";"["(2,2':6',2''-terpyridine)platinum (II) complex", "4'-substituted 2,2':6,2''-Terpyridineplatinum (II) Picoline complexes"]"
"CHEMBL2068502";"Platinum (II) Dinuclear Complex";"";"Small molecule";"";"790.64";"1";"1";"None";"None";"None";"None";"None";"None";"None";"None";"None";"NONE";"-1";"None";"None";"C16H32N8O4Pt2";"";"";"";"False";"-1";"['1-propylthymine(dinuclear/H-H)']";"['Platinum (II) Dinuclear Complex']"
"CHEMBL441330";"(2,2':6',2''-terpyridine)platinum (II) complex";"";"Small molecule";"";"768.18";"6";"21";"None";"None";"None";"None";"None";"None";"None";"None";"None";"NONE";"-1";"None";"None";"C24H25B2F8N5OPt+4";"";"";"";"False";"-1";"['4 (NMe(CH2CH2OH))', 'in table II; pg.no.1001']";"["4'-substituted 2,2':6,2''-Terpyridineplatinum (II) Picoline complexes", "(2,2':6',2''-terpyridine)platinum (II) complex"]"
"CHEMBL106160";"Oxorhenium (V) AADT Complex";"";"Small molecule";"";"464.63";"3";"5";"None";"None";"None";"None";"None";"None";"None";"None";"None";"NONE";"-1";"None";"None";"C10H20N3O2ReS2+";"";"";"";"False";"-1";"['1-Re']";"['Oxorhenium (V) AADT Complex']"
"CHEMBL171155";"Platinum (II) complex";"";"Small molecule";"";"441.30";"7";"8";"None";"None";"None";"None";"None";"None";"None";"None";"None";"NONE";"-1";"None";"None";"C9H14N2O6Pt";"";"";"";"False";"-1";"['11']";"['Platinum (II) complex']"
"CHEMBL70307";"Gold complex of (Bis(diphenylphosphino)alkane analogue)";"";"Small molecule";"";"887.38";"2";"2";"None";"None";"None";"None";"None";"None";"None";"None";"None";"NONE";"-1";"None";"None";"C18H16Au2Cl2P2S4";"";"";"";"False";"-1";"['6a']";"['Gold complex of (Bis(diphenylphosphino)alkane analogue)']"
"CHEMBL1433499";"";"";"Small molecule";"";"583.11";"7";"10";"None";"None";"None";"None";"None";"None";"None";"None";"None";"NONE";"-1";"None";"None";"C12H10Cl4N2O4Pt-2";"";"";"";"False";"-1";"['SID4253970']";"['SID4253970']"
"CHEMBL306145";"1-ferrocenyl-3-(3-Quinolinyl)-2-propen-1-one";"";"Small molecule";"";"367.23";"1";"1";"None";"None";"None";"None";"None";"None";"None";"None";"None";"NONE";"-1";"None";"None";"C22H17FeNO";"";"";"";"False";"-1";"['30']";"['1-ferrocenyl-3-(3-Quinolinyl)-2-propen-1-one']"
"CHEMBL1425520";"";"";"Small molecule";"";"189.12";"8";"11";"None";"None";"None";"None";"None";"None";"None";"None";"None";"NONE";"-1";"None";"None";"C10H10Co";"";"";"";"False";"-1";"['SID17389097', 'SID144209700']";"['SID17389097', 'SID144209700']"
"CHEMBL323516";"trans-a-ammine-b,d-dichloro-f-(cyclohexylamine)-c,e-bis-(ethylcarbamato)platinium (IV)";"";"Small molecule";"";"556.35";"6";"14";"None";"None";"None";"None";"None";"None";"None";"None";"None";"NONE";"-1";"None";"None";"C12H26Cl2N4O4Pt";"";"";"";"False";"-1";"['41']";"['trans-a-ammine-b,d-dichloro-f-(cyclohexylamine)-c,e-bis-(ethylcarbamato)platinium (IV)']"
"CHEMBL104893";"AMMONIO(DICHLORO)PLATINUM(CYCLOHEXYL)AMMONIUM";"";"Small molecule";"";"380.18";"8";"23";"None";"None";"None";"None";"None";"None";"None";"None";"None";"NONE";"-1";"None";"None";"C6H14Cl2N2Pt";"";"";"";"False";"-1";"['(cis)-1', 'Platinum compound', '1']";"['cis-amminedichloro-e-(cyclohexylamine)-platinium (IV)', 'ammonio(dichloro)platinum(cyclohexyl)ammonium', 'trans-amminedichloro-e-(cyclohexylamine)-platinium (IV)']"
"CHEMBL1169454";"Platinum cyclobutane-1,1-dicarboxylic acid-bis-(naphthalimide) complex";"";"Small molecule";"";"841.73";"3";"6";"None";"None";"None";"None";"None";"None";"None";"None";"None";"NONE";"-1";"None";"None";"C36H30N4O8Pt+2";"";"";"";"False";"-1";"['2']";"['Platinum cyclobutane-1,1-dicarboxylic acid-bis-(naphthalimide) complex']"
"CHEMBL611440";"Gold complex of (Bis(diphenylphosphino)alkane analogue)";"";"Small molecule";"";"1234.84";"3";"3";"None";"None";"None";"None";"None";"None";"None";"None";"None";"NONE";"-1";"None";"None";"C34H36Au3Cl3P3";"";"";"";"False";"-1";"['62a']";"['Gold complex of (Bis(diphenylphosphino)alkane analogue)']"
"CHEMBL447841";"2,6-bis(3-methylbutoxy)-1,3,5,7-tetrathia-4-platinaspiro[3.3]heptane";"";"Small molecule";"";"523.67";"6";"12";"None";"None";"None";"None";"None";"None";"None";"None";"None";"NONE";"-1";"None";"None";"C12H24O2PtS4";"";"";"";"False";"-1";"['12']";"['2,6-bis(3-methylbutoxy)-1,3,5,7-tetrathia-4-platinaspiro[3.3]heptane']"
"CHEMBL266471";"(2,2':6',2''-terpyridine)platinum (II) complex";"";"Small molecule";"";"850.08";"6";"25";"None";"None";"None";"None";"None";"None";"None";"None";"None";"NONE";"-1";"None";"None";"C27H21B2BrF8N4Pt+4";"";"";"";"False";"-1";"['4 (4-Br-C6H4)', 'in table II; pg.no.1001']";"["4'-substituted 2,2':6,2''-Terpyridineplatinum (II) Picoline complexes", "(2,2':6',2''-terpyridine)platinum (II) complex"]"
"CHEMBL12351";"Ruthenium-Chloroquine Complex[RuCl2(CQ)]2";"";"Small molecule";"";"983.71";"2";"3";"None";"None";"None";"None";"None";"None";"None";"None";"None";"NONE";"-1";"None";"None";"C36H52Cl6N6Ru2+4";"";"";"";"False";"-1";"['CQ-Complex-2']";"['Ruthenium-Chloroquine Complex[RuCl2(CQ)]2']"
"CHEMBL611194";"Metallocenium salt";"";"Small molecule";"";"411.68";"9";"11";"None";"None";"None";"None";"None";"None";"None";"None";"None";"NONE";"-1";"None";"None";"C10H10ClF6PRu";"";"";"";"False";"-1";"['6']";"['Metallocenium salt']"
"CHEMBL302518";"Auranofin analogue";"";"Small molecule";"";"511.35";"4";"5";"None";"None";"None";"None";"None";"None";"None";"None";"None";"NONE";"-1";"None";"None";"C12H27AuO5PS-2";"";"";"";"False";"-1";"['2']";"['Auranofin analogue']"
"CHEMBL274577";"Cyclopentadienyltricarbonylrheniumbenzazepine (2`-CPTR-SCH-23390)";"";"Small molecule";"";"652.14";"4";"4";"None";"None";"None";"None";"None";"None";"None";"None";"None";"NONE";"-1";"None";"None";"C26H24ClNO5Re";"";"";"";"False";"-1";"['10a']";"['Cyclopentadienyltricarbonylrheniumbenzazepine (2`-CPTR-SCH-23390)']"
"CHEMBL311392";"1-ferrocenyl-3-(phenyl)-2-propen-1-one";"";"Small molecule";"";"316.18";"1";"1";"None";"None";"None";"None";"None";"None";"None";"None";"None";"NONE";"-1";"None";"None";"C19H16FeO";"";"";"";"False";"-1";"['13']";"['1-ferrocenyl-3-(phenyl)-2-propen-1-one']"
"CHEMBL149255";"Oxalato[2-(dimethylamino)methyl]phenyl-C,N]gold-(III) Hemihydrate";"";"Small molecule";"";"419.19";"11";"16";"None";"None";"None";"None";"None";"None";"None";"None";"None";"NONE";"-1";"None";"None";"C11H12AuNO4+";"";"";"";"False";"-1";"['4']";"['Oxalato[2-(dimethylamino)methyl]phenyl-C,N]gold-(III) Hemihydrate']"
"CHEMBL71430";"Gold complex of (Bis(diphenylphosphino)alkane analogue)";"";"Small molecule";"";"983.37";"2";"2";"None";"None";"None";"None";"None";"None";"None";"None";"None";"NONE";"-1";"None";"None";"C30H32Au2Cl2O4P2";"";"";"";"False";"-1";"['16a']";"['Gold complex of (Bis(diphenylphosphino)alkane analogue)']"
"CHEMBL305847";"1-ferrocenyl-3-(2-Chlorophenyl)-2-propen-1-one";"";"Small molecule";"";"350.63";"1";"1";"None";"None";"None";"None";"None";"None";"None";"None";"None";"NONE";"-1";"None";"None";"C19H15ClFeO";"";"";"";"False";"-1";"['23']";"['1-ferrocenyl-3-(2-Chlorophenyl)-2-propen-1-one']"
"CHEMBL69031";"Fe (II) complex";"";"Small molecule";"";"469.37";"2";"2";"None";"None";"None";"None";"None";"None";"None";"None";"None";"NONE";"-1";"None";"None";"C16H23FeN5O4S2+2";"";"";"";"False";"-1";"['2Fe(II)']";"['N-[(1E)-1-(6-methylpyridazin-3-yl)ethylidene]-3-azabicyclo[3.2.2]nonane-3-carbohydrazonothioic acid.sulfate Fe(II)complex']"
"CHEMBL48208";"alpha-[Ru(azpy)2(cbdca-O,O')]";"";"Small molecule";"";"610.62";"1";"2";"None";"None";"None";"None";"None";"None";"None";"None";"None";"NONE";"-1";"None";"None";"C28H25N6O4Ru+3";"";"";"";"False";"-1";"["1 (alpha-[Ru(azpy)2(cbdca-O,O')])"]";"["alpha-[Ru(azpy)2(cbdca-O,O')]"]"
"CHEMBL261915";"Rhenium Oxo Complexe";"";"Small molecule";"";"1059.17";"2";"3";"None";"None";"None";"None";"None";"None";"None";"None";"None";"NONE";"-1";"None";"None";"C44H38N7O9ReS2+";"";"";"";"False";"-1";"['14']";"['Rhenium Oxo Complexe']"
"CHEMBL94700";"4-Mercaptoethanol-(2,2':6',2''-terpyridine)platinum (II) Nitrate";"";"Small molecule";"";"567.48";"2";"5";"None";"None";"None";"None";"None";"None";"None";"None";"None";"NONE";"-1";"None";"None";"C17H16N4O4PtS+3";"";"";"";"False";"-1";"['2']";"["4-Mercaptoethanol-(2,2':6',2''-terpyridine)platinum (II) Nitrate"]"
"CHEMBL430519";"3-[18-(2-Carboxy-ethyl)-8,13-bis-(1,2-diacetoxy-ethyl)-3,7,12,17-tetramethyl-22,24-dihydro-porphin-2-yl]-propionic acid;Co complex";"";"Small molecule";"";"951.85";"3";"4";"None";"None";"None";"None";"None";"None";"None";"None";"None";"NONE";"-1";"None";"None";"C50H44CoN4O12";"";"";"";"False";"-1";"['6']";"['3-[18-(2-Carboxy-ethyl)-8,13-bis-(1,2-diacetoxy-ethyl)-3,7,12,17-tetramethyl-22,24-dihydro-porphin-2-yl]-propionic acid;Co complex']"
"CHEMBL71369";"Auranofin analogue";"";"Small molecule";"";"637.42";"3";"3";"None";"None";"None";"None";"None";"None";"None";"None";"None";"NONE";"-1";"None";"None";"C17H29AuO9PS-2";"";"";"";"False";"-1";"['27']";"['Auranofin analogue']"
"CHEMBL2368605";"Ruthenium complex";"";"Small molecule";"";"806.42";"1";"2";"None";"None";"None";"None";"None";"None";"None";"None";"None";"NONE";"-1";"None";"None";"C24H36Cl6N12Ru";"";"";"";"False";"-1";"['1b', '2b']";"['[Ru(1-Me-imidazolidine)6]Cl2', '[Ru(1-Me-imidazolidine)6]Cl3']"
"CHEMBL213916";"4'-chloro-2,2':6,2''-Terpyridineplatinum (II) complex";"";"Small molecule";"";"1768.23";"3";"9";"None";"None";"None";"None";"None";"None";"None";"None";"None";"NONE";"-1";"None";"None";"C50H42N18O18Pt3+10";"";"";"";"False";"-1";"['6 (H)']";"["4'-chloro-2,2':6,2''-Terpyridineplatinum (II) complexes"]"
"CHEMBL1627738";"Estrogen platinum (II) hybrid derivative";"";"Small molecule";"";"760.70";"4";"9";"None";"None";"None";"None";"None";"None";"None";"None";"None";"NONE";"-1";"None";"None";"C31H46Cl2N2O3Pt";"";"";"";"False";"-1";"['2 (n=4, m=1)']";"['Estrogen platinum (II) hybrid derivative']"
"CHEMBL64156";"N-Ferrocenylmethyl, N'-Methyl-2-substituted Benzimidazole analogue";"";"Small molecule";"";"432.35";"1";"1";"None";"None";"None";"None";"None";"None";"None";"None";"None";"NONE";"-1";"None";"None";"C27H24FeN2";"";"";"";"False";"-1";"['8b']";"["N-Ferrocenylmethyl, N'-Methyl-2-substituted Benzimidazole analogue"]"
"CHEMBL262033";"Platinum complex";"";"Small molecule";"";"1308.95";"3";"9";"None";"None";"None";"None";"None";"None";"None";"None";"None";"NONE";"-1";"None";"None";"C44H30N12O12Pt2+8";"";"";"";"False";"-1";"['3 (H, butadiyne)']";"["4'-chloro-2,2':6,2''-Terpyridineplatinum (II) complexes"]"
"CHEMBL371997";"Ruthenium complex";"";"Small molecule";"";"395.47";"2";"2";"None";"None";"None";"None";"None";"None";"None";"None";"None";"NONE";"-1";"None";"None";"C7H5Cl5N2Ru-2";"";"";"";"False";"-1";"['2']";"['Ruthenium complexes']"
"CHEMBL75221";"2,6-bis(octyloxy)-1,3,5,7-tetrathia-4-platinaspiro[3.3]heptane";"";"Small molecule";"";"607.83";"6";"12";"None";"None";"None";"None";"None";"None";"None";"None";"None";"NONE";"-1";"None";"None";"C18H36O2PtS4";"";"";"";"False";"-1";"['7']";"['2,6-bis(octyloxy)-1,3,5,7-tetrathia-4-platinaspiro[3.3]heptane']"
"CHEMBL54706";"Bis (2,4-pentanedionato) (N,N-bis(2-chloroethyl)ethylenediamine)cobalt(III) Percholate";"";"Small molecule";"";"433.26";"2";"4";"None";"None";"None";"None";"None";"None";"None";"None";"None";"NONE";"-1";"None";"None";"C15H31Cl2CoN2O4+";"";"";"";"False";"-1";"['19']";"['Bis (2,4-pentanedionato) (N,N-bis(2-chloroethyl)ethylenediamine)cobalt(III) Percholate']"
"CHEMBL293444";"N-Ferrocenylmethyl, N'-Methyl-2-substituted Benzimidazole analogue";"";"Small molecule";"";"564.25";"1";"1";"None";"None";"None";"None";"None";"None";"None";"None";"None";"NONE";"-1";"None";"None";"C26H25FeIN2O";"";"";"";"False";"-1";"['6i']";"["N-Ferrocenylmethyl, N'-Methyl-2-substituted Benzimidazole analogue"]"
"CHEMBL1201055";"";"";"Small molecule";"";"397.29";"2";"3";"None";"None";"None";"None";"None";"None";"None";"None";"None";"NONE";"-1";"None";"None";"C8H14N2O4Pt";"";"";"";"False";"-1";"['SID11532936']";"['SID11532936']"
"CHEMBL6811";"(2,2':6',2''-terpyridine)platinum (II) complex";"";"Small molecule";"";"785.21";"6";"25";"None";"None";"None";"None";"None";"None";"None";"None";"None";"NONE";"-1";"None";"None";"C28H24B2F8N4Pt+4";"";"";"";"False";"-1";"['4 (4-Me-C6H4)', 'in table II; pg.no.1001']";"["1.24'-substituted 2,2':6,2''-Terpyridineplatinum (II) Picoline complexes", "(2,2':6',2''-terpyridine)platinum (II) complex"]"
"CHEMBL4303664";"";"";"Small molecule";"";"618.52";"4";"8";"None";"None";"None";"None";"None";"None";"None";"None";"None";"NONE";"-1";"None";"None";"C34H34FeN4O4+3";"";"";"";"False";"-1";"['hemin', 'hemin', 'HEMIN']";"['hemin', 'hemin', 'HEMIN']"
"CHEMBL1589990";"";"";"Small molecule";"";"524.21";"6";"6";"None";"None";"None";"None";"None";"None";"None";"None";"None";"NONE";"-1";"None";"None";"C16H24Cl2N5O4Rh-8";"";"";"";"False";"-1";"['SID4254027']";"['SID4254027']"
"CHEMBL2146199";"Platinum complex";"";"Small molecule";"";"550.34";"1";"2";"None";"None";"None";"None";"None";"None";"None";"None";"None";"NONE";"-1";"None";"None";"C17H20Cl2N2O2Pt";"";"";"";"False";"-1";"['12a']";"['[1-(2-Aminophenyl)-6,7-dimethoxy-1,2,3,4-tetrahydroisoquinoline] dichloroplatinum (II)']"
"CHEMBL3648424";"";"";"Small molecule";"";"659.59";"2";"2";"None";"None";"None";"None";"None";"None";"None";"None";"None";"NONE";"-1";"None";"None";"C22H36BN7O4Re+4";"";"";"";"False";"-1";"['BDBM103917']";"['US8562945, 253']"
"CHEMBL72402";"Auranofin analogue";"";"Small molecule";"";"465.28";"3";"3";"None";"None";"None";"None";"None";"None";"None";"None";"None";"NONE";"-1";"None";"None";"C10H21AuO4PS-2";"";"";"";"False";"-1";"['11']";"['Auranofin analogue']"
"CHEMBL269099";"Platinum complex";"";"Small molecule";"";"729.53";"6";"24";"None";"None";"None";"None";"None";"None";"None";"None";"None";"NONE";"-1";"None";"None";"C21H17B2ClF8N4Pt+4";"";"";"";"False";"-1";"['4 (Cl)', 'in table II; pg.no.1001']";"["4'-substituted 2,2':6,2''-Terpyridineplatinum (II) Picoline complexes", "(2,2':6',2''-terpyridine)platinum (II) complex"]"
"CHEMBL2146193";"Trans-[PtCl2(isopropylamine)(propylamine)]";"";"Small molecule";"";"384.21";"5";"6";"None";"None";"None";"None";"None";"None";"None";"None";"None";"NONE";"-1";"None";"None";"C6H18Cl2N2Pt";"";"";"";"False";"-1";"['2']";"['Trans-[PtCl2(isopropylamine)(propylamine)]']"
"CHEMBL608250";"(4-AmmonioThiophenolato)(2,2':6',2''-terpyridine)platinum (II) dichloride Dihydrate";"";"Small molecule";"";"648.52";"1";"1";"None";"None";"None";"None";"None";"None";"None";"None";"None";"NONE";"-1";"None";"None";"C21H26Cl2N4OPtS+5";"";"";"";"False";"-1";"['2j']";"["(4-AmmonioThiophenolato)(2,2':6',2''-terpyridine)platinum (II) DiChloride Dihydrate"]"
"CHEMBL611999";"Rutheium (II) triflate salt of (methyl (3S,5R)-8-methyl-3-phenyl-8-azabicyclo[3.2.1]octane-2-carboxylate)(penta methyl cyclo penta dinyl)";"";"Small molecule";"";"645.73";"1";"2";"None";"None";"None";"None";"None";"None";"None";"None";"None";"NONE";"-1";"None";"None";"C27H37F3NO5RuS";"";"";"";"False";"-1";"['4']";"['Rutheium (II) triflate salt of (methyl (3S,5R)-8-methyl-3-phenyl-8-azabicyclo[3.2.1]octane-2-carboxylate)(penta methyl cyclo penta dinyl)']"
"CHEMBL72576";"Auranofin analogue";"";"Small molecule";"";"374.22";"3";"3";"None";"None";"None";"None";"None";"None";"None";"None";"None";"NONE";"-1";"None";"None";"C7H16AuNPS-2";"";"";"";"False";"-1";"['16']";"['Auranofin analogue']"
"CHEMBL1359148";"";"";"Small molecule";"";"392.18";"18";"25";"None";"None";"None";"None";"None";"None";"None";"None";"None";"NONE";"-1";"None";"None";"C6H11AuO5S";"";"";"";"False";"-1";"['SID90340637']";"['SID90340637']"
"CHEMBL117698";"Rhenium complex";"";"Small molecule";"";"745.81";"3";"6";"None";"None";"None";"None";"None";"None";"None";"None";"None";"NONE";"-1";"None";"None";"C25H34Cl2N3O3ReS2+";"";"";"";"False";"-1";"['12b (O-1561)', '13b (O-2131)']";"["N-[(2-((3'-N-propyl-(1''R) -3''alpha-(3,4-dichlorophenyl) tropane-2''-beta-1-propanoyl) (2-mercaptoethyl) amino) acetyl) -2-aminoethanethiolato)rhenium(V) oxide", "N-[(2-((3'-N-propyl-(1''R) -3''beta-(3,4-dichlorophenyl) tropane-2''-beta-1-propanoyl) (2-mercaptoethyl) amino) acetyl) -2-aminoethanethiolato)rhenium(V) oxide"]"
"CHEMBL196628";"trans-[Pt(OAc)2(py)2]";"";"Small molecule";"";"471.37";"5";"10";"None";"None";"None";"None";"None";"None";"None";"None";"None";"NONE";"-1";"None";"None";"C14H16N2O4Pt";"";"";"";"False";"-1";"['trans-[Pt(OAc)2(py)2]']";"['trans-[Pt(OAc)2(py)2]']"
"CHEMBL195083";"N-{4-[4-(3-chloro-2-methoxyphenyl)piperazin-1-yl]butyl}-1-ferra-1,1'-spirobi[pentacyclo[2.2.0.0^{1,3}.0^{1,5}.0^{2,6}]hexane]-2,2',4,4'-tetraene-6-carboxamide";"";"Small molecule";"";"501.80";"7";"14";"None";"None";"None";"None";"None";"None";"None";"None";"None";"NONE";"-1";"None";"None";"C26H24ClFeN3O2";"";"";"";"False";"-1";"['1e']";"["N-{4-[4-(3-chloro-2-methoxyphenyl)piperazin-1-yl]butyl}-1-ferra-1,1'-spirobi[pentacyclo[2.2.0.0^{1,3}.0^{1,5}.0^{2,6}]hexane]-2,2',4,4'-tetraene-6-carboxamide"]"
"CHEMBL306333";"1-ferrocenyl-3-(4-Fluorophenyl)-2-propen-1-one";"";"Small molecule";"";"334.17";"1";"1";"None";"None";"None";"None";"None";"None";"None";"None";"None";"NONE";"-1";"None";"None";"C19H15FFeO";"";"";"";"False";"-1";"['25']";"['1-ferrocenyl-3-(4-Fluorophenyl)-2-propen-1-one']"
"CHEMBL611723";"Platinum complex";"";"Small molecule";"";"623.00";"6";"25";"None";"None";"None";"None";"None";"None";"None";"None";"None";"NONE";"-1";"None";"None";"C15H16B2F8N3OPt+";"";"";"";"False";"-1";"['5, H2O', '2 (H2O)']";"["(2,2':6',2''-terpyridine)platinum (II) complex", "2,2':6,2''-Terpyridineplatinum (II) complexes"]"
"CHEMBL305046";"Auranofin analogue";"";"Small molecule";"";"426.30";"3";"3";"None";"None";"None";"None";"None";"None";"None";"None";"None";"NONE";"-1";"None";"None";"C11H20AuNPS-2";"";"";"";"False";"-1";"['21']";"['Auranofin analogue']"
"CHEMBL13012";"(2-methyloxyThiophenolato)(2,2':6',2''-terpyridine)platinum (II) Chloride Trihydrate";"";"Small molecule";"";"603.00";"1";"1";"None";"None";"None";"None";"None";"None";"None";"None";"None";"NONE";"-1";"None";"None";"C22H18ClN3OPtS+3";"";"";"";"False";"-1";"['2b']";"["(2-methyloxyThiophenolato)(2,2':6',2''-terpyridine)platinum (II) Chloride Trihydrate"]"
"CHEMBL64628";"N-Ferrocenylmethyl, N'-Methyl-2-substituted Benzimidazole analogue";"";"Small molecule";"";"594.71";"1";"1";"None";"None";"None";"None";"None";"None";"None";"None";"None";"NONE";"-1";"None";"None";"C27H24ClFeIN2";"";"";"";"False";"-1";"['9e']";"["N-Ferrocenylmethyl, N'-Methyl-2-substituted Benzimidazole analogue"]"
"CHEMBL2068301";"triphenylethylene platinum (II) complex";"";"Small molecule";"";"718.67";"2";"2";"None";"None";"None";"None";"None";"None";"None";"None";"None";"NONE";"-1";"None";"None";"C32H40Cl2N2Pt";"";"";"";"False";"-1";"['1Ac']";"['triphenylethylene platinum (II) complex']"
"CHEMBL415980";"(4-methylThiophenolato)(2,2':6',2''-terpyridine)platinum (II) Chloride Dihydrate";"";"Small molecule";"";"587.01";"1";"1";"None";"None";"None";"None";"None";"None";"None";"None";"None";"NONE";"-1";"None";"None";"C22H18ClN3PtS+3";"";"";"";"False";"-1";"['2i']";"["(4-methylThiophenolato)(2,2':6',2''-terpyridine)platinum (II) Chloride Dihydrate"]"
"CHEMBL1528731";"";"";"Small molecule";"";"607.15";"1";"1";"None";"None";"None";"None";"None";"None";"None";"None";"None";"NONE";"-1";"None";"None";"C10H10Cl4N10Pt-2";"";"";"";"False";"-1";"['SID4253963']";"['SID4253963']"
"CHEMBL436773";"DOTA-ReCCEHdFRWCKPV-OH";"";"Small molecule";"";"1978.23";"2";"57";"None";"None";"None";"None";"None";"None";"None";"None";"None";"NONE";"-1";"None";"None";"C75H106N24O22ReS3-2";"";"";"";"False";"-1";"['Peptide 8']";"['DOTA-ReCCEHdFRWCKPV-OH']"
"CHEMBL72419";"Auranofin analogue";"";"Small molecule";"";"571.47";"3";"3";"None";"None";"None";"None";"None";"None";"None";"None";"None";"NONE";"-1";"None";"None";"C14H31AuO5PS2-2";"";"";"";"False";"-1";"['14']";"['Auranofin analogue']"
"CHEMBL134606";"6-Benzyl-5-ethyl-1-aurus-1H-pyrimidine-2,4-dione";"";"Small molecule";"";"426.23";"1";"1";"None";"None";"None";"None";"None";"None";"None";"None";"None";"NONE";"-1";"None";"None";"C13H13AuN2O2";"";"";"";"False";"-1";"['75']";"['6-Benzyl-5-ethyl-1-aurus-1H-pyrimidine-2,4-dione']"
"CHEMBL2074636";"";"";"Small molecule";"";"597.30";"1";"10";"None";"None";"None";"None";"None";"None";"None";"None";"None";"NONE";"-1";"None";"None";"C21H18Cl4N6Ru+2";"";"";"";"False";"-1";"['Indazolium trans-[tetrachlorobis(1H-indazole)ruthenate', 'Indazolium trans-[tetrachlorobis(1H-indazole)ruthenate(III)]']";"['Indazolium trans-[tetrachlorobis(1H-indazole)ruthenate', 'Indazolium trans-[tetrachlorobis(1H-indazole)ruthenate(III)]']"
"CHEMBL611717";"Pyrrolidine-1-carbothioic acid thiophen-2-ylmethylene-hydrazide; compound with GENERIC INORGANIC NEUTRAL COMPONENT";"";"Small molecule";"";"416.70";"1";"1";"None";"None";"None";"None";"None";"None";"None";"None";"None";"NONE";"-1";"None";"None";"C10H13Cl2N3PdS2+2";"";"";"";"False";"-1";"['1a']";"['Pyrrolidine-1-carbothioic acid thiophen-2-ylmethylene-hydrazide; compound with GENERIC INORGANIC NEUTRAL COMPONENT']"
"CHEMBL13744";"DICHLORODIPHENYLPLATINUM TRIHYDRATE";"";"Small molecule";"";"420.20";"1";"1";"None";"None";"None";"None";"None";"None";"None";"None";"None";"NONE";"-1";"None";"None";"C12H10Cl2Pt";"";"";"";"False";"-1";"['[Pt(phen)2]Cl2.3H2O']";"['DichloroDiphenylPlatinum Trihydrate']"
"CHEMBL1516969";"";"";"Small molecule";"";"332.14";"6";"6";"None";"None";"None";"None";"None";"None";"None";"None";"None";"NONE";"-1";"None";"None";"C7H8FeN4O4S2-6";"";"";"";"False";"-1";"['SID4254113']";"['SID4254113']"
"CHEMBL1627580";"Cisplatin complex";"";"Small molecule";"";"758.69";"4";"4";"None";"None";"None";"None";"None";"None";"None";"None";"None";"NONE";"-1";"None";"None";"C31H44Cl2N2O3Pt+2";"";"";"";"False";"-1";"['Cisplatin analogue (table 2)']";"['Cisplatin complex']"
"CHEMBL275971";"(Ethylenediamine)3,4,7,8-tetramethyl-1,10-phenanthroline)platinum (II) dichloride Dihydrate Dihydrate";"";"Small molecule";"";"560.39";"1";"1";"None";"None";"None";"None";"None";"None";"None";"None";"None";"NONE";"-1";"None";"None";"C18H22Cl2N4Pt-";"";"";"";"False";"-1";"['6a']";"['(Ethylenediamine)3,4,7,8-tetramethyl-1,10-phenanthroline)platinum (II) Dichloride Dihydrate Dihydrate']"
"CHEMBL6046570";"";"";"";"";"524.36";"2";"6";"None";"None";"None";"None";"None";"None";"None";"None";"None";"NONE";"-1";"None";"None";"C26H24FeN6O3";"";"";"";"False";"-1";"['BDBM434804']";"['US10577368, Compound 37']"
"CHEMBL332834";"O-1185";"";"Small molecule";"";"726.94";"3";"3";"None";"None";"None";"None";"None";"None";"None";"None";"None";"NONE";"-1";"None";"None";"C28H34N3O4ReS2+";"";"";"";"False";"-1";"['15c (O-1185)']";"['O-1185']"
"CHEMBL303310";"N-Ferrocenylmethyl, N'-Methyl-2-substituted Benzimidazole analogue";"";"Small molecule";"";"603.11";"1";"1";"None";"None";"None";"None";"None";"None";"None";"None";"None";"NONE";"-1";"None";"None";"C25H21Cl2FeIN2";"";"";"";"False";"-1";"['6e']";"["N-Ferrocenylmethyl, N'-Methyl-2-substituted Benzimidazole analogue"]"
"CHEMBL298416";"Ferrocenyl Sugar";"";"Small molecule";"";"604.21";"3";"3";"None";"None";"None";"None";"None";"None";"None";"None";"None";"NONE";"-1";"None";"None";"C28H28Fe2O8";"";"";"";"False";"-1";"['10']";"['Ferrocenyl Sugar']"
"CHEMBL415294";"(2,2':6',2''-terpyridine)platinum (II) complex";"";"Small molecule";"";"681.06";"6";"24";"None";"None";"None";"None";"None";"None";"None";"None";"None";"NONE";"-1";"None";"None";"C20H16B2F8N4Pt+4";"";"";"";"False";"-1";"['in table I; pg.no.1000', '2 (C5H4N)']";"["(2,2':6',2''-terpyridine)platinum (II) complex", "2,2':6,2''-Terpyridineplatinum (II) complexes"]"
"CHEMBL174841";"Ruthenium complex";"";"Small molecule";"";"495.80";"1";"1";"None";"None";"None";"None";"None";"None";"None";"None";"None";"NONE";"-1";"None";"None";"C14H18ClF6N2PRu";"";"";"";"False";"-1";"['9']";"['[(nu6-C6H5C6H5)RuCl(ethylenediamine)]PF6']"
"CHEMBL611728";"[(nu6-C6H5CO2CH3)RuCl(ethylenediamine)]PF6";"";"Small molecule";"";"474.71";"1";"1";"None";"None";"None";"None";"None";"None";"None";"None";"None";"NONE";"-1";"None";"None";"C10H13ClF6N2O2PRu";"";"";"";"False";"-1";"['8']";"['[(nu6-C6H5CO2CH3)RuCl(ethylenediamine)]PF6']"
"CHEMBL332792";"AUCYCLAM";"";"Small molecule";"";"393.27";"1";"2";"None";"None";"None";"None";"None";"None";"None";"None";"None";"NONE";"-1";"None";"None";"C10H20AuN4";"";"";"";"False";"-1";"['[Au(cyclam)]']";"['Au(cyclam)']"
"CHEMBL184449";"Gold-Chloroquine Complex";"";"Small molecule";"";"843.16";"1";"8";"None";"None";"None";"None";"None";"None";"None";"None";"None";"NONE";"-1";"None";"None";"C36H43AuClN4O3P+";"";"";"";"False";"-1";"['Au-CQ Complex 2']";"['Gold-Chloroquine Complex']"
"CHEMBL293663";"N-Ferrocenylmethyl, N'-Methyl-2-substituted Benzimidazole analogue";"";"Small molecule";"";"436.31";"1";"1";"None";"None";"None";"None";"None";"None";"None";"None";"None";"NONE";"-1";"None";"None";"C26H21FFeN2";"";"";"";"False";"-1";"['8d']";"["N-Ferrocenylmethyl, N'-Methyl-2-substituted Benzimidazole analogue"]"
"CHEMBL611186";"Gold complex of (Bis(diphenylphosphino)alkane analogue)";"";"Small molecule";"";"912.46";"3";"3";"None";"None";"None";"None";"None";"None";"None";"None";"None";"NONE";"-1";"None";"None";"C30H32Au2O4P2";"";"";"";"False";"-1";"['46a']";"['Gold complex of (Bis(diphenylphosphino)alkane analogue)']"
"CHEMBL1202524";"Gold complex";"";"Small molecule";"";"794.92";"4";"5";"None";"None";"None";"None";"None";"None";"None";"None";"None";"NONE";"-1";"None";"None";"C20H53AuClF6P5";"";"";"";"False";"-1";"['16']";"['Bis [1,2-bis(diethylphosphino)ethane] gold (I) Chloride']"
"CHEMBL611459";"2-Hydroxy-4-oxo-4-ferrosinyl-but-2-enoic acid";"";"Small molecule";"";"302.11";"2";"4";"None";"None";"None";"None";"None";"None";"None";"None";"None";"NONE";"-1";"None";"None";"C14H14FeO4+2";"";"";"";"False";"-1";"['10d']";"['2-Hydroxy-4-oxo-4-ferrosinyl-but-2-enoic acid']"
"CHEMBL372875";"methyl pyropheophorbide-a analogue";"";"Small molecule";"";"605.36";"2";"3";"None";"None";"None";"None";"None";"None";"None";"None";"None";"NONE";"-1";"None";"None";"C34H34N4NiO3";"";"";"";"False";"-1";"['4']";"['methyl pyropheophorbide-a analogue']"
"CHEMBL187543";"Ruthenium complex";"";"Small molecule";"";"558.82";"2";"2";"None";"None";"None";"None";"None";"None";"None";"None";"None";"NONE";"-1";"None";"None";"C21H15Cl3N6Ru";"";"";"";"False";"-1";"['4']";"['Ruthenium complexes']"
"CHEMBL309023";"Auranofin analogue";"";"Small molecule";"";"775.59";"3";"3";"None";"None";"None";"None";"None";"None";"None";"None";"None";"NONE";"-1";"None";"None";"C28H35AuO9PS-2";"";"";"";"False";"-1";"['32']";"['Auranofin analogue']"
"CHEMBL72887";"Auranofin analogue";"";"Small molecule";"";"425.31";"3";"3";"None";"None";"None";"None";"None";"None";"None";"None";"None";"NONE";"-1";"None";"None";"C12H21AuPS-2";"";"";"";"False";"-1";"['19']";"['Auranofin analogue']"
"CHEMBL1514839";"";"";"Small molecule";"";"369.16";"6";"7";"None";"None";"None";"None";"None";"None";"None";"None";"None";"NONE";"-1";"None";"None";"C11H19FeN7O4-7";"";"";"";"False";"-1";"['SID4253938']";"['SID4253938']"
"CHEMBL72136";"Auranofin analogue";"";"Small molecule";"";"440.32";"3";"3";"None";"None";"None";"None";"None";"None";"None";"None";"None";"NONE";"-1";"None";"None";"C12H22AuNPS-2";"";"";"";"False";"-1";"['20']";"['Auranofin analogue']"
"CHEMBL606542";"Gold complex of (Bis(diphenylphosphino)alkane analogue)";"";"Small molecule";"";"1521.10";"2";"2";"None";"None";"None";"None";"None";"None";"None";"None";"None";"NONE";"-1";"None";"None";"C54H64Au2O18P2S2";"";"";"";"False";"-1";"['55a']";"['Gold complex of (Bis(diphenylphosphino)alkane analogue)']"
"CHEMBL175535";"Cis-Platinum (II) Conjugate";"";"Small molecule";"";"413.33";"1";"3";"None";"None";"None";"None";"None";"None";"None";"None";"None";"NONE";"-1";"None";"None";"C9H18N2O4Pt+2";"";"";"";"False";"-1";"['8']";"['Cis-Platinum (II) Conjugate']"
"CHEMBL316647";"1,10-Phenanthrolineplatinum (II) Benzoylthiourea Complex";"";"Small molecule";"";"789.33";"3";"4";"None";"None";"None";"None";"None";"None";"None";"None";"None";"NONE";"-1";"None";"None";"C32H42ClN6OPtS+";"";"";"";"False";"-1";"['19']";"['1,10-Phenanthrolineplatinum (II) Benzoylthiourea Complex']"
"CHEMBL319607";"1,10-Phenanthrolineplatinum (II) Benzoylthiourea Complex";"";"Small molecule";"";"655.06";"5";"7";"None";"None";"None";"None";"None";"None";"None";"None";"None";"NONE";"-1";"None";"None";"C22H24ClN4O3PtS+";"";"";"";"False";"-1";"['11']";"['1,10-Phenanthrolineplatinum (II) Benzoylthiourea Complex']"
"CHEMBL441075";"piperidine based analogue of cocaine";"";"Small molecule";"";"629.31";"3";"4";"None";"None";"None";"None";"None";"None";"None";"None";"None";"NONE";"-1";"None";"None";"C21H33ClN3OReS2+";"";"";"";"False";"-1";"['9a']";"['piperidine based analogue of cocaine']"
"CHEMBL366863";"Co-SAL";"";"Small molecule";"";"474.19";"4";"8";"None";"None";"None";"None";"None";"None";"None";"None";"None";"NONE";"-1";"None";"None";"C16H20Co2O9";"";"";"";"False";"-1";"['Co-SAL']";"['Co-SAL']"
"CHEMBL74065";"Auranofin analogue";"";"Small molecule";"";"727.54";"4";"5";"None";"None";"None";"None";"None";"None";"None";"None";"None";"NONE";"-1";"None";"None";"C24H35AuO9PS-2";"";"";"";"False";"-1";"['31']";"['Auranofin analogue']"
"CHEMBL2068456";"9-[4-(5-Amino-4-aminomethyl-pentyl)-phenylamino]-5-methoxy-acridine-4-carboxylic acid (2-dimethylamino-ethyl)-amide (2HCl)";"";"Small molecule";"";"792.67";"1";"4";"None";"None";"None";"None";"None";"None";"None";"None";"None";"NONE";"-1";"None";"None";"C31H38Cl2N6O2Pt";"";"";"";"False";"-1";"['24']";"['9-[4-(5-Amino-4-aminomethyl-pentyl)-phenylamino]-5-methoxy-acridine-4-carboxylic acid (2-dimethylamino-ethyl)-amide (2HCl)']"
"CHEMBL302710";"Auranofin analogue";"";"Small molecule";"";"721.58";"3";"3";"None";"None";"None";"None";"None";"None";"None";"None";"None";"NONE";"-1";"None";"None";"C23H41AuO9PS-2";"";"";"";"False";"-1";"['28']";"['Auranofin analogue']"
"CHEMBL13655";"(1-Thionaphthalato) (2,2':6',2''-terpyridine)platinum (II) dichloride Dihydrate";"";"Small molecule";"";"623.04";"1";"1";"None";"None";"None";"None";"None";"None";"None";"None";"None";"NONE";"-1";"None";"None";"C25H18ClN3PtS+3";"";"";"";"False";"-1";"['3b']";"["(1-Thionaphthalato) (2,2':6',2''-terpyridine)platinum (II) DiChloride Dihydrate"]"
"CHEMBL1159457";"Auranofin analogue";"";"Small molecule";"";"1164.72";"4";"5";"None";"None";"None";"None";"None";"None";"None";"None";"None";"NONE";"-1";"None";"None";"C32H51Au2O17PS";"";"";"";"False";"-1";"['7']";"['Auranofin analogue']"
"CHEMBL4110764";"";"";"Small molecule";"";"726.97";"2";"2";"None";"None";"None";"None";"None";"None";"None";"None";"None";"NONE";"-1";"None";"None";"C27H36N6O2ReS2+4";"";"";"";"False";"-1";"['BDBM103911']";"['JNK3 inhibitor 8::US8562945, 246']"
"CHEMBL368259";"Platinum (II) complex";"";"Small molecule";"";"427.27";"7";"8";"None";"None";"None";"None";"None";"None";"None";"None";"None";"NONE";"-1";"None";"None";"C8H12N2O6Pt";"";"";"";"False";"-1";"['12']";"['Platinum (II) complex']"
"CHEMBL295522";"pyrido[1',2':3,4]imidazo[1,5-a]pyridinediium-6,6-diol(gold(III)complex) with Phosphorous hexa fluoride";"";"Small molecule";"";"532.13";"3";"5";"None";"None";"None";"None";"None";"None";"None";"None";"None";"NONE";"-1";"None";"None";"C10H10AuF6N2O2P+";"";"";"";"False";"-1";"['[Au(bipy)-(OH)2][PF6]']";"["pyrido[1',2':3,4]imidazo[1,5-a]pyridinediium-6,6-diol(gold(III)complex) with Phosphorous hexa fluoride"]"
"CHEMBL307740";"1-ferrocenyl-3-(4-Nitrophenyl)-2-propen-1-one";"";"Small molecule";"";"361.18";"1";"1";"None";"None";"None";"None";"None";"None";"None";"None";"None";"NONE";"-1";"None";"None";"C19H15FeNO3";"";"";"";"False";"-1";"['28']";"['1-ferrocenyl-3-(4-Nitrophenyl)-2-propen-1-one']"
"CHEMBL175601";"Cobalt complex";"";"Small molecule";"";"476.18";"3";"4";"None";"None";"None";"None";"None";"None";"None";"None";"None";"NONE";"-1";"None";"None";"C16H19Co2FO8";"";"";"";"False";"-1";"['Co-2F-Benz']";"['Co-2F-Benz']"
"CHEMBL175793";"camphorato platinum complex derivative";"";"Small molecule";"";"565.52";"4";"4";"None";"None";"None";"None";"None";"None";"None";"None";"None";"NONE";"-1";"None";"None";"C18H30N2O6Pt";"";"";"";"False";"-1";"['4b']";"['camphorato platinum complex derivative']"
"CHEMBL320638";"trans-(1-Aminoadamantane)Amminedichloro-platinium (II)";"";"Small molecule";"";"436.28";"5";"11";"None";"None";"None";"None";"None";"None";"None";"None";"None";"NONE";"-1";"None";"None";"C10H22Cl2N2Pt";"";"";"";"False";"-1";"['15']";"['trans-(1-Aminoadamantane)Amminedichloro-platinium (II)']"
"CHEMBL102583";"trans-a-Ammine-b,d-dichloro-c,e-dihydroxo-f-(N-methylcyclohexylamine)-platinium (IV)";"";"Small molecule";"";"428.22";"7";"15";"None";"None";"None";"None";"None";"None";"None";"None";"None";"NONE";"-1";"None";"None";"C7H18Cl2N2O2Pt";"";"";"";"False";"-1";"['32']";"['trans-a-Ammine-b,d-dichloro-c,e-dihydroxo-f-(N-methylcyclohexylamine)-platinium (IV)']"
"CHEMBL307141";"1-(1-Naphthalenyl)-3-ferrocenyl-2-propen-1-one";"";"Small molecule";"";"366.24";"1";"1";"None";"None";"None";"None";"None";"None";"None";"None";"None";"NONE";"-1";"None";"None";"C23H18FeO";"";"";"";"False";"-1";"['5']";"['1-(1-Naphthalenyl)-3-ferrocenyl-2-propen-1-one']"
"CHEMBL1395457";"";"";"Small molecule";"";"1054.60";"13";"17";"None";"None";"None";"None";"None";"None";"None";"None";"None";"NONE";"-1";"None";"None";"C38H30Au2N8P2-4";"";"";"";"False";"-1";"['SID4254078']";"['SID4254078']"
"CHEMBL73838";"1-(4-Hydroxyphenyl)-3-ferrocenyl-2-propen-1-one";"";"Small molecule";"";"332.18";"1";"1";"None";"None";"None";"None";"None";"None";"None";"None";"None";"NONE";"-1";"None";"None";"C19H16FeO2";"";"";"";"False";"-1";"['7']";"['1-(4-Hydroxyphenyl)-3-ferrocenyl-2-propen-1-one']"
"CHEMBL6397";"(2,2':6',2''-terpyridine)platinum (II) complex";"";"Small molecule";"";"711.09";"6";"25";"None";"None";"None";"None";"None";"None";"None";"None";"None";"NONE";"-1";"None";"None";"C21H18B2F8N4OPt+4";"";"";"";"False";"-1";"['2 (4-OH-CH2-C5H4N)', 'in table I; pg.no.1000']";"["2,2':6,2''-Terpyridineplatinum (II) complexes", "(2,2':6',2''-terpyridine)platinum (II) complex"]"
"CHEMBL368464";"[(nu6-C6H5C6H5)RuCl(N-ethylethylenediamine)]PF6";"";"Small molecule";"";"523.85";"1";"1";"None";"None";"None";"None";"None";"None";"None";"None";"None";"NONE";"-1";"None";"None";"C16H22ClF6N2PRu";"";"";"";"False";"-1";"['10']";"['[(nu6-C6H5C6H5)RuCl(N-ethylethylenediamine)]PF6']"
"CHEMBL1570031";"";"";"Small molecule";"";"639.38";"1";"1";"None";"None";"None";"None";"None";"None";"None";"None";"None";"NONE";"-1";"None";"None";"C38H32N2NiO4-6";"";"";"";"False";"-1";"['SID50109496']";"['SID50109496']"
"CHEMBL191449";"2-(N,Ndimethylaminomethyl)ferrocenyl-methanol derivative";"";"Small molecule";"";"534.41";"3";"3";"None";"None";"None";"None";"None";"None";"None";"None";"None";"NONE";"-1";"None";"None";"C31H28FeNO4";"";"";"";"False";"-1";"['2']";"['2-(N,Ndimethylaminomethyl)ferrocenyl-methanol derivative']"
"CHEMBL108133";"trans-[{PtCl(NH3)2}-mu-{NH2(CH2)6NH2}-trans-{PtCl(NH3)2}]";"";"Small molecule";"";"639.35";"6";"22";"None";"None";"None";"None";"None";"None";"None";"None";"None";"NONE";"-1";"None";"None";"C6H22Cl2N6Pt2+2";"";"";"";"False";"-1";"['1,1/t,t', '1,1/c,c']";"['trans-[{PtCl(NH3)2}-mu-{NH2(CH2)6NH2}-trans-{PtCl(NH3)2}]', 'cis-[{PtCl(NH3)2}-mu-{NH2(CH2)6NH2}-cis-{PtCl(NH3)2}]']"
"CHEMBL2068369";"Platinum (II) Dinuclear Complex";"";"Small molecule";"";"734.53";"1";"1";"None";"None";"None";"None";"None";"None";"None";"None";"None";"NONE";"-1";"None";"None";"C12H24N8O4Pt2";"";"";"";"False";"-1";"['1-methylthymine(dinuclear/H-H)']";"['Platinum (II) Dinuclear Complex']"
"CHEMBL174577";"[(nu6-p-cymene)RuCl(ethylenediamine)]PF6";"";"Small molecule";"";"475.81";"1";"1";"None";"None";"None";"None";"None";"None";"None";"None";"None";"NONE";"-1";"None";"None";"C12H22ClF6N2PRu";"";"";"";"False";"-1";"['5']";"['[(nu6-p-cymene)RuCl(ethylenediamine)]PF6']"
"CHEMBL308971";"Gold complex of (Bis(diphenylphosphino)alkane analogue)";"";"Small molecule";"";"887.46";"3";"3";"None";"None";"None";"None";"None";"None";"None";"None";"None";"NONE";"-1";"None";"None";"C26H48Au2Cl2P2";"";"";"";"False";"-1";"['3a']";"['Gold complex of (Bis(diphenylphosphino)alkane analogue)']"
"CHEMBL300621";"Ruthenium complex";"";"Small molecule";"";"556.52";"1";"2";"None";"None";"None";"None";"None";"None";"None";"None";"None";"NONE";"-1";"None";"None";"C24H19N6O4Ru+3";"";"";"";"False";"-1";"['2 (alpha-[Ru(azpy)2(ox)])']";"['alpha-[Ru(azpy)2(ox)]']"
"CHEMBL306905";"Gold complex of (Bis(diphenylphosphino)alkane analogue)";"";"Small molecule";"";"907.21";"2";"2";"None";"None";"None";"None";"None";"None";"None";"None";"None";"NONE";"-1";"None";"None";"C26H24AsAu2Cl2P";"";"";"";"False";"-1";"['35a']";"['Gold complex of (Bis(diphenylphosphino)alkane analogue)']"
"CHEMBL2146187";"[1-(2-Amino-5-methoxyphenyl)-6,7-dimethoxy-1,2,3,4-tetrahydroisoquinoline]dichloroplatinum (II)";"";"Small molecule";"";"580.37";"1";"2";"None";"None";"None";"None";"None";"None";"None";"None";"None";"NONE";"-1";"None";"None";"C18H22Cl2N2O3Pt";"";"";"";"False";"-1";"['12b']";"['[1-(2-Amino-5-methoxyphenyl)-6,7-dimethoxy-1,2,3,4-tetrahydroisoquinoline]dichloroplatinum (II)']"
"CHEMBL444318";"Auranofin analogue";"";"Small molecule";"";"823.72";"3";"3";"None";"None";"None";"None";"None";"None";"None";"None";"None";"NONE";"-1";"None";"None";"C16H35AuO13PS5-2";"";"";"";"False";"-1";"['4']";"['Auranofin analogue']"
"CHEMBL2068498";"Platinum (II) Dinuclear Complex";"";"Small molecule";"";"706.48";"1";"1";"None";"None";"None";"None";"None";"None";"None";"None";"None";"NONE";"-1";"None";"None";"C10H20N8O4Pt2";"";"";"";"False";"-1";"['1-methyluracil(dinuclear/H-H)']";"['Platinum (II) Dinuclear Complex']"
"CHEMBL611444";"Gold complex of (Bis(diphenylphosphino)alkane analogue)";"";"Small molecule";"";"1040.82";"3";"3";"None";"None";"None";"None";"None";"None";"None";"None";"None";"NONE";"-1";"None";"None";"C32H40Au2O2P2S4";"";"";"";"False";"-1";"['51a']";"['Gold complex of (Bis(diphenylphosphino)alkane analogue)']"
"CHEMBL94593";"4-Mercaptoethanol-(2,2':6',4'-chloro,2''-terpyridine)platinum (II) Nitrate";"";"Small molecule";"";"601.93";"2";"5";"None";"None";"None";"None";"None";"None";"None";"None";"None";"NONE";"-1";"None";"None";"C17H15ClN4O4PtS+3";"";"";"";"False";"-1";"['3']";"["4-Mercaptoethanol-(2,2':6',4'-chloro,2''-terpyridine)platinum (II) Nitrate"]"
"CHEMBL2068551";"Platinum analogues of DemethylCantharidin";"";"Small molecule";"";"411.27";"8";"26";"None";"None";"None";"None";"None";"None";"None";"None";"None";"NONE";"-1";"None";"None";"C8H12N2O5Pt";"";"";"";"False";"-1";"['1']";"['Platinum analogues of DemethylCantharidin']"
"CHEMBL2092980";"Platinum complex";"";"Small molecule";"";"522.20";"2";"22";"None";"None";"None";"None";"None";"None";"None";"None";"None";"NONE";"-1";"None";"None";"C9H12Cl2N4O5Pt";"";"";"";"False";"-1";"['10']";"['3-amino-1-beta-D-arabinofuranosylcytosine-dichloroplatinum (II)']"
"CHEMBL63092";"N-Ferrocenylmethyl, N'-Methyl-2-substituted Benzimidazole analogue";"";"Small molecule";"";"498.19";"1";"1";"None";"None";"None";"None";"None";"None";"None";"None";"None";"NONE";"-1";"None";"None";"C22H23FeIN2";"";"";"";"False";"-1";"['9a']";"["N-Ferrocenylmethyl, N'-Methyl-2-substituted Benzimidazole analogue"]"
"CHEMBL2068305";"triphenylethylene platinum (II) complex";"";"Small molecule";"";"690.62";"2";"2";"None";"None";"None";"None";"None";"None";"None";"None";"None";"NONE";"-1";"None";"None";"C30H36Cl2N2Pt";"";"";"";"False";"-1";"['1Ab']";"['triphenylethylene platinum (II) complex']"
"CHEMBL303715";"Gold complex of (Bis(diphenylphosphino)alkane analogue)";"";"Small molecule";"";"905.35";"3";"3";"None";"None";"None";"None";"None";"None";"None";"None";"None";"NONE";"-1";"None";"None";"C29H30Au2Cl2P2";"";"";"";"False";"-1";"['31a']";"['Gold complex of (Bis(diphenylphosphino)alkane analogue)']"
"CHEMBL436858";"DOTA-ReCCEHdFRWCRPV-NH2";"";"Small molecule";"";"1977.24";"2";"75";"None";"None";"None";"None";"None";"None";"None";"None";"None";"NONE";"-1";"None";"None";"C75H107N25O21ReS3-2";"";"";"";"False";"-1";"['Peptide 6']";"['DOTA-ReCCEHdFRWCRPV-NH2']"
"CHEMBL608257";"osmium(2+) ion bis(cyclopenta-1,3-diene) hexafluoro-phosphanuide iodide";"";"Small molecule";"";"592.29";"9";"11";"None";"None";"None";"None";"None";"None";"None";"None";"None";"NONE";"-1";"None";"None";"C10H10F6IOsP";"";"";"";"False";"-1";"['5']";"['osmium(2+) ion bis(cyclopenta-1,3-diene) hexafluoro-phosphanuide iodide']"
"CHEMBL2068457";"Platinum complex";"";"Small molecule";"";"676.55";"1";"4";"None";"None";"None";"None";"None";"None";"None";"None";"None";"NONE";"-1";"None";"None";"C27H30Cl2N4Pt";"";"";"";"False";"-1";"['11e']";"['2-{5-[4-(Acridin-9-ylamino)-phenyl]-pentyl}-pentane-1,5-diammino-dichloroplatinum (II) (HCl)']"
"CHEMBL72173";"Auranofin analogue";"";"Small molecule";"";"396.63";"3";"3";"None";"None";"None";"None";"None";"None";"None";"None";"None";"NONE";"-1";"None";"None";"C6H19AuClN3P-2";"";"";"";"False";"-1";"['50']";"['Auranofin analogue']"
"CHEMBL611189";"Platinum complex";"";"Small molecule";"";"1060.40";"4";"4";"None";"None";"None";"None";"None";"None";"None";"None";"None";"NONE";"-1";"None";"None";"C12H34Cl6N6Pt3+4";"";"";"";"False";"-1";"['Complex VI']";"['Pt(II) Complex']"
"CHEMBL2068710";"4-[1-Benzyl-4-(4-chloro-benzyl)-piperidin-4-yl]-2-hydroxy-4-oxo-but-2-enoic acid, Cobalt ion";"";"Small molecule";"";"470.82";"1";"1";"None";"None";"None";"None";"None";"None";"None";"None";"None";"NONE";"-1";"None";"None";"C23H22ClCoNO4";"";"";"";"False";"-1";"['8 (Co)']";"['4-[1-Benzyl-4-(4-chloro-benzyl)-piperidin-4-yl]-2-hydroxy-4-oxo-but-2-enoic acid, Cobalt ion']"
"CHEMBL117991";"Platinum complex III";"";"Small molecule";"";"605.02";"7";"29";"None";"None";"None";"None";"None";"None";"None";"None";"None";"NONE";"-1";"None";"None";"C19H24ClN3O3PtS+2";"";"";"";"False";"-1";"['Complex III']";"['Platinum complex III']"
"CHEMBL302088";"Gold complex of (Bis(diphenylphosphino)alkane analogue)";"";"Small molecule";"";"891.32";"3";"3";"None";"None";"None";"None";"None";"None";"None";"None";"None";"NONE";"-1";"None";"None";"C28H28Au2Cl2P2";"";"";"";"False";"-1";"['28a']";"['Gold complex of (Bis(diphenylphosphino)alkane analogue)']"
"CHEMBL407396";"PorphyrinPt(II) conjugate";"";"Small molecule";"";"1735.76";"2";"3";"None";"None";"None";"None";"None";"None";"None";"None";"None";"NONE";"-1";"None";"None";"C68H100N10O18Pt2";"";"";"";"False";"-1";"['13']";"['PorphyrinPt(II) conjugate']"
"CHEMBL217630";"Platinum complex";"";"Small molecule";"";"1560.35";"3";"9";"None";"None";"None";"None";"None";"None";"None";"None";"None";"NONE";"-1";"None";"None";"C48H46B4F16N12O2Pt2+8";"";"";"";"False";"-1";"['5']";"["4'-substituted 2,2':6,2''-Terpyridineplatinum (II) Picoline complexes"]"
"CHEMBL94699";"4-Mercaptopyridine (4'-chloro-2,2':6',2''-terpyridine)platinum (II) Nitrate";"";"Small molecule";"";"634.96";"7";"29";"None";"None";"None";"None";"None";"None";"None";"None";"None";"NONE";"-1";"None";"None";"C20H14ClN5O3PtS+3";"";"";"";"False";"-1";"['6']";"["4-Mercaptopyridine (4'-chloro-2,2':6',2''-terpyridine)platinum (II) Nitrate"]"
"CHEMBL365925";"Ruthenium complex";"";"Small molecule";"";"640.50";"2";"4";"None";"None";"None";"None";"None";"None";"None";"None";"None";"NONE";"-1";"None";"None";"C28H20Cl2N8Ru+";"";"";"";"False";"-1";"['6', '5']";"['Ruthenium complexes', 'Ruthenium complexes']"
"CHEMBL335267";"GENERIC INORGANIC CATION; (5-methyl-2,4-dioxo-6-phenylsulfanyl-3,4-dihydro-2H-pyrimidin-1-yl)-methanolate";"";"Small molecule";"";"460.26";"1";"1";"None";"None";"None";"None";"None";"None";"None";"None";"None";"NONE";"-1";"None";"None";"C12H11AuN2O3S";"";"";"";"False";"-1";"['5']";"['GENERIC INORGANIC CATION; (5-methyl-2,4-dioxo-6-phenylsulfanyl-3,4-dihydro-2H-pyrimidin-1-yl)-methanolate']"
"CHEMBL302015";"Auranofin analogue";"";"Small molecule";"";"363.24";"4";"5";"None";"None";"None";"None";"None";"None";"None";"None";"None";"NONE";"-1";"None";"None";"C7H19AuPS-2";"";"";"";"False";"-1";"['9']";"['Auranofin analogue']"
"CHEMBL2068322";"Platinum complex";"";"Small molecule";"";"648.50";"1";"4";"None";"None";"None";"None";"None";"None";"None";"None";"None";"NONE";"-1";"None";"None";"C25H26Cl2N4Pt";"";"";"";"False";"-1";"['11c']";"['2-{5-[4-(Acridin-9-ylamino)-phenyl]-pentyl}-propane-1,3-diammino-dichloroplatinum (II) (HCl)']"
"CHEMBL1395758";"";"";"Small molecule";"";"555.15";"7";"13";"None";"None";"None";"None";"None";"None";"None";"None";"None";"NONE";"-1";"None";"None";"C12H14Cl4N2O2Pt-2";"";"";"";"False";"-1";"['SID4253971']";"['SID4253971']"
"CHEMBL407341";"Platinum complex";"";"Small molecule";"";"1377.84";"3";"7";"None";"None";"None";"None";"None";"None";"None";"None";"None";"NONE";"-1";"None";"None";"C44H28Cl2N12O12Pt2+8";"";"";"";"False";"-1";"['3 (Cl, butadiyne)']";"["4'-chloro-2,2':6,2''-Terpyridineplatinum (II) complexes"]"
"CHEMBL611452";"thiophene-2-carbaldehyde N-(2-chlorobenzyl)thiosemicarbazone with PdCl2 complex";"";"Small molecule";"";"487.17";"1";"1";"None";"None";"None";"None";"None";"None";"None";"None";"None";"NONE";"-1";"None";"None";"C13H12Cl3N3PdS2+2";"";"";"";"False";"-1";"['3a']";"['thiophene-2-carbaldehyde N-(2-chlorobenzyl)thiosemicarbazone with PdCl2 complex']"
"CHEMBL361029";"camphorato platinum complex derivative";"";"Small molecule";"";"523.53";"4";"4";"None";"None";"None";"None";"None";"None";"None";"None";"None";"NONE";"-1";"None";"None";"C17H32N2O4Pt";"";"";"";"False";"-1";"['2b']";"['camphorato platinum complex derivative']"
"CHEMBL2068372";"trans-ptcl2(IPA)(pz)";"";"Small molecule";"";"409.22";"5";"9";"None";"None";"None";"None";"None";"None";"None";"None";"None";"NONE";"-1";"None";"None";"C7H17Cl2N3Pt";"";"";"";"False";"-1";"['III']";"['trans-ptcl2(IPA)(pz)']"
"CHEMBL6477";"4'-substituted 2,2':6,2''-Terpyridineplatinum (II) Picoline complex";"";"Small molecule";"";"710.10";"6";"23";"None";"None";"None";"None";"None";"None";"None";"None";"None";"NONE";"-1";"None";"None";"C21H19B2F8N5Pt+4";"";"";"";"False";"-1";"['in table II; pg.no.1001', '4 (NH2)']";"["(2,2':6',2''-terpyridine)platinum (II) complex", "4'-substituted 2,2':6,2''-Terpyridineplatinum (II) Picoline complexes"]"
"CHEMBL2079624";"Tropolone derivative";"";"Small molecule";"";"502.39";"2";"7";"None";"None";"None";"None";"None";"None";"None";"None";"None";"NONE";"-1";"None";"None";"C28H30FeO5+3";"";"";"";"False";"-1";"['33', '32']";"['Tropolone derivative', 'Tropolone derivative']"
"CHEMBL6614";"(2,2':6',2''-terpyridine)platinum (II) complex";"";"Small molecule";"";"724.13";"6";"26";"None";"None";"None";"None";"None";"None";"None";"None";"None";"NONE";"-1";"None";"None";"C22H21B2F8N5Pt+4";"";"";"";"False";"-1";"['2 (4-Me2N-C5H4N)', 'in table I; pg.no.1000']";"["2,2':6,2''-Terpyridineplatinum (II) complexes", "(2,2':6',2''-terpyridine)platinum (II) complex"]"
"CHEMBL71885";"Auranofin analogue";"";"Small molecule";"";"342.15";"3";"3";"None";"None";"None";"None";"None";"None";"None";"None";"None";"NONE";"-1";"None";"None";"C7H16AuNP-2";"";"";"";"False";"-1";"['43']";"['Auranofin analogue']"
"CHEMBL76588";"1-ferrocenyl-3-(4-Cyanophenyl)-2-propen-1-one";"";"Small molecule";"";"341.19";"1";"1";"None";"None";"None";"None";"None";"None";"None";"None";"None";"NONE";"-1";"None";"None";"C20H15FeNO";"";"";"";"False";"-1";"['29']";"['1-ferrocenyl-3-(4-Cyanophenyl)-2-propen-1-one']"
"CHEMBL2068311";"Acridinecarboxamide-Pt(II) complex";"";"Small molecule";"";"601.40";"3";"5";"None";"None";"None";"None";"None";"None";"None";"None";"None";"NONE";"-1";"None";"None";"C19H21Cl2N5OPt";"";"";"";"False";"-1";"['15']";"['Acridinecarboxamide-Pt(II) complex hydrate']"
"CHEMBL425731";"2-{1-ferra-1,1'-spirobi[pentacyclo[2.2.0.0^{1,3}.0^{1,5}.0^{2,6}]hexane]-2,2',4,4'-tetraen-6-yl}-N-{4-[4-(2-methoxyphenyl)piperazin-1-yl]butyl}acetamide";"";"Small molecule";"";"481.38";"7";"8";"None";"None";"None";"None";"None";"None";"None";"None";"None";"NONE";"-1";"None";"None";"C27H27FeN3O2";"";"";"";"False";"-1";"['1f']";"["2-{1-ferra-1,1'-spirobi[pentacyclo[2.2.0.0^{1,3}.0^{1,5}.0^{2,6}]hexane]-2,2',4,4'-tetraen-6-yl}-N-{4-[4-(2-methoxyphenyl)piperazin-1-yl]butyl}acetamide"]"
"CHEMBL1627993";"Estrogen platinum (II) hybrid derivative";"";"Small molecule";"";"830.84";"4";"9";"None";"None";"None";"None";"None";"None";"None";"None";"None";"NONE";"-1";"None";"None";"C36H56Cl2N2O3Pt";"";"";"";"False";"-1";"['2 (n=8, m=2)']";"['Estrogen platinum (II) hybrid derivative']"
"CHEMBL415807";"Platinum complex";"";"Small molecule";"";"1837.12";"3";"9";"None";"None";"None";"None";"None";"None";"None";"None";"None";"NONE";"-1";"None";"None";"C50H40Cl2N18O18Pt3+10";"";"";"";"False";"-1";"['6 (Cl)']";"["4'-chloro-2,2':6,2''-Terpyridineplatinum (II) complexes"]"
"CHEMBL460100";"FERBAM";"";"Small molecule";"";"416.51";"14";"20";"None";"None";"None";"None";"None";"None";"None";"None";"None";"NONE";"-1";"None";"None";"C9H18FeN3S6";"";"";"";"False";"-1";"['SID144209787', 'SID26757382', 'Ferbam']";"['SID144209787', 'SID26757382', 'Ferbam']"
"CHEMBL2068496";"trans-ptcl2(pip)(pz)";"";"Small molecule";"";"435.26";"5";"9";"None";"None";"None";"None";"None";"None";"None";"None";"None";"NONE";"-1";"None";"None";"C9H19Cl2N3Pt";"";"";"";"False";"-1";"['ptcl2']";"['trans-ptcl2(pip)(pz)']"
"CHEMBL98681";"Pt(II) Complex";"";"Small molecule";"";"730.28";"6";"6";"None";"None";"None";"None";"None";"None";"None";"None";"None";"NONE";"-1";"None";"None";"C10H22Cl4N4Pt2";"";"";"";"False";"-1";"['Complex IV']";"['Pt(II) Complex']"
"CHEMBL197200";"Cisplatin derivative";"";"Small molecule";"";"750.62";"2";"6";"None";"None";"None";"None";"None";"None";"None";"None";"None";"NONE";"-1";"None";"None";"C20H37N5O13Pt";"";"";"";"False";"-1";"['2 (DImPEG-4000-Pt)', '3 (DImPEG-6000-Pt)', '4 (DImPEG-9400-Pt)']";"['Cisplatin derivative', 'Cisplatin derivative', 'Cisplatin derivative']"
"CHEMBL2068510";"Platinum complex";"";"Small molecule";"";"413.29";"2";"2";"None";"None";"None";"None";"None";"None";"None";"None";"None";"NONE";"-1";"None";"None";"C8H14N2O5Pt";"";"";"";"False";"-1";"['1a']";"['Platinum derivative']"
"CHEMBL100222";"1,10-Phenanthrolineplatinum (II) Benzoylthiourea Complex";"";"Small molecule";"";"713.52";"3";"4";"None";"None";"None";"None";"None";"None";"None";"None";"None";"NONE";"-1";"None";"None";"C24H23Cl2N4O3PtS+";"";"";"";"False";"-1";"['17']";"['1,10-Phenanthrolineplatinum (II) Benzoylthiourea Complex']"
"CHEMBL358664";"Dichloro[2-(dimethylamino)methyl]phenyl-C,N]gold-(III)";"";"Small molecule";"";"402.08";"11";"16";"None";"None";"None";"None";"None";"None";"None";"None";"None";"NONE";"-1";"None";"None";"C9H12AuCl2N+";"";"";"";"False";"-1";"['1']";"['Dichloro[2-(dimethylamino)methyl]phenyl-C,N]gold-(III)']"
"CHEMBL282396";"Bis [1,2-bis(diphenylphosphino)ethene] gold (I) Chloride";"";"Small molecule";"";"1029.27";"5";"6";"None";"None";"None";"None";"None";"None";"None";"None";"None";"NONE";"-1";"None";"None";"C52H48AuClP4";"";"";"";"False";"-1";"['8']";"['Bis [1,2-bis(diphenylphosphino)ethene] gold (I) Chloride']"
"CHEMBL432005";"AMMONIO(DICHLORO)[DI(METHYLCARBONYLOXY)]PLATINUM(CYCLOHEXYL)AMMONIUM";"";"Small molecule";"";"498.26";"8";"15";"None";"None";"None";"None";"None";"None";"None";"None";"None";"NONE";"-1";"None";"None";"C10H20Cl2N2O4Pt";"";"";"";"False";"-1";"['40', 'Platinum compound']";"['trans-a,b,Bis(acetato)-c-ammine-d,f-dichloro-e-(cyclohexylamine)-platinium (IV)', 'ammonio(dichloro)[di(methylcarbonyloxy)]platinum(cyclohexyl)ammonium']"
"CHEMBL611451";"3,4-Dihydro-2H-quinoline-1-carbothioic acid thiophen-2-ylmethylene-hydrazide with PdCl2 complex";"";"Small molecule";"";"478.77";"1";"1";"None";"None";"None";"None";"None";"None";"None";"None";"None";"NONE";"-1";"None";"None";"C15H15Cl2N3PdS2+2";"";"";"";"False";"-1";"['2a']";"['3,4-Dihydro-2H-quinoline-1-carbothioic acid thiophen-2-ylmethylene-hydrazide with PdCl2 complex']"
"CHEMBL1790148";"Metallopeptide";"";"Small molecule";"";"912.16";"2";"2";"None";"None";"None";"None";"None";"None";"None";"None";"None";"NONE";"-1";"None";"None";"C38H55N5O7ReS";"";"";"";"False";"-1";"['4']";"['Metallopeptide']"
"CHEMBL306730";"1-ferrocenyl-3-(4-Methoxyphenyl)-2-propen-1-one";"";"Small molecule";"";"346.21";"1";"1";"None";"None";"None";"None";"None";"None";"None";"None";"None";"NONE";"-1";"None";"None";"C20H18FeO2";"";"";"";"False";"-1";"['14']";"['1-ferrocenyl-3-(4-Methoxyphenyl)-2-propen-1-one']"
"CHEMBL2068455";"Acridinecarboxamide-Pt(II) complex";"";"Small molecule";"";"586.38";"3";"3";"None";"None";"None";"None";"None";"None";"None";"None";"None";"NONE";"-1";"None";"None";"C19H20Cl2N4OPt";"";"";"";"False";"-1";"['11']";"['Acridinecarboxamide-Pt(II) complex hydrate']"
"CHEMBL1627731";"Estrogen platinum (II) hybrid derivative";"";"Small molecule";"";"816.81";"4";"9";"None";"None";"None";"None";"None";"None";"None";"None";"None";"NONE";"-1";"None";"None";"C35H54Cl2N2O3Pt";"";"";"";"False";"-1";"['2 (n=8, m=1)']";"['Estrogen platinum (II) hybrid derivative']"
"CHEMBL1466409";"FERROCENE";"";"Small molecule";"";"186.03";"4";"77";"None";"None";"None";"None";"None";"None";"None";"None";"None";"NONE";"-1";"None";"None";"C10H10Fe";"";"";"";"False";"-1";"['SID17389002', 'SID144209712', 'FERROCENE']";"['SID17389002', 'SID144209712', 'FERROCENE']"
"CHEMBL176246";"Co-3-Acetbenz";"";"Small molecule";"";"516.23";"3";"4";"None";"None";"None";"None";"None";"None";"None";"None";"None";"NONE";"-1";"None";"None";"C18H22Co2O10";"";"";"";"False";"-1";"['Co-3-Acetbenz']";"['Co-3-Acetbenz']"
"CHEMBL302499";"Auranofin analogue";"";"Small molecule";"";"465.33";"4";"5";"None";"None";"None";"None";"None";"None";"None";"None";"None";"NONE";"-1";"None";"None";"C13H21AuN2PS-2";"";"";"";"False";"-1";"['24']";"['Auranofin analogue']"
"CHEMBL74634";"1-(3-pyridyl)-3-ferrocenyl-2-propen-1-one";"";"Small molecule";"";"317.17";"1";"1";"None";"None";"None";"None";"None";"None";"None";"None";"None";"NONE";"-1";"None";"None";"C18H15FeNO";"";"";"";"False";"-1";"['6']";"['1-(3-pyridyl)-3-ferrocenyl-2-propen-1-one']"
"CHEMBL2146195";"Platinum complex";"";"Small molecule";"";"772.55";"3";"6";"None";"None";"None";"None";"None";"None";"None";"None";"None";"NONE";"-1";"None";"None";"C30H26Cl2N4O4Pt";"";"";"";"False";"-1";"['3']";"['Platinum dichloride-bis-(naphthalimide) complex']"
"CHEMBL347085";"Malonato[2-(dimethylamino)methyl]phenyl-C,N]gold-(III)";"";"Small molecule";"";"433.21";"12";"40";"None";"None";"None";"None";"None";"None";"None";"None";"None";"NONE";"-1";"None";"None";"C12H14AuNO4+";"";"";"";"False";"-1";"['5']";"['Malonato[2-(dimethylamino)methyl]phenyl-C,N]gold-(III)']"
"CHEMBL75391";"1-ferrocenyl-3-(2,4-Difluorophenyl)-2-propen-1-one";"";"Small molecule";"";"352.16";"1";"1";"None";"None";"None";"None";"None";"None";"None";"None";"None";"NONE";"-1";"None";"None";"C19H14F2FeO";"";"";"";"False";"-1";"['26']";"['1-ferrocenyl-3-(2,4-Difluorophenyl)-2-propen-1-one']"
"CHEMBL266733";"Platinum complex";"";"Small molecule";"";"723.10";"6";"26";"None";"None";"None";"None";"None";"None";"None";"None";"None";"NONE";"-1";"None";"None";"C22H18B2F8N4OPt+4";"";"";"";"False";"-1";"['in table I; pg.no.1000', '2 (4-MeCO-C5H4N)']";"["(2,2':6',2''-terpyridine)platinum (II) complex", "2,2':6,2''-Terpyridineplatinum (II) complexes"]"
"CHEMBL98680";"Platinum complex";"";"Small molecule";"";"1082.40";"6";"6";"None";"None";"None";"None";"None";"None";"None";"None";"None";"NONE";"-1";"None";"None";"C14H32Cl6N6Pt3";"";"";"";"False";"-1";"['Complex III']";"['Pt(II) Complex']"
"CHEMBL1202385";"Platinum complex";"";"Small molecule";"";"534.30";"1";"1";"None";"None";"None";"None";"None";"None";"None";"None";"None";"NONE";"-1";"None";"None";"C15H16Cl2N4OPt+2";"";"";"";"False";"-1";"['5c']";"['(1,3-Diamino-2-hydroxypropane)(1,10-phenanthroline)-platinum (II) Dichloride']"
"CHEMBL310027";"2,6-bis({tricyclo[5.2.2.0^{2,6}]undecan-8-yloxy})-1,3,5,7-tetrathia-4-platinaspiro[3.3]heptane";"";"Small molecule";"";"679.90";"6";"12";"None";"None";"None";"None";"None";"None";"None";"None";"None";"NONE";"-1";"None";"None";"C24H36O2PtS4";"";"";"";"False";"-1";"['21']";"['2,6-bis({tricyclo[5.2.2.0^{2,6}]undecan-8-yloxy})-1,3,5,7-tetrathia-4-platinaspiro[3.3]heptane']"
"CHEMBL414155";"Platinum complex";"";"Small molecule";"";"1588.40";"3";"9";"None";"None";"None";"None";"None";"None";"None";"None";"None";"NONE";"-1";"None";"None";"C50H50B4F16N12O2Pt2+8";"";"";"";"False";"-1";"['5 (Me)']";"["4'-substituted 2,2':6,2''-Terpyridineplatinum (II) Picoline complexes"]"
"CHEMBL1627740";"Platinum complex";"";"Small molecule";"";"732.65";"4";"9";"None";"None";"None";"None";"None";"None";"None";"None";"None";"NONE";"-1";"None";"None";"C29H42Cl2N2O3Pt";"";"";"";"False";"-1";"['2 (n=2, m=1)']";"['Estrogen platinum (II) hybrid derivative']"
"CHEMBL70777";"Gold complex of (Bis(diphenylphosphino)alkane analogue)";"";"Small molecule";"";"823.11";"2";"2";"None";"None";"None";"None";"None";"None";"None";"None";"None";"NONE";"-1";"None";"None";"C18H16Au2Cl2O4P2";"";"";"";"False";"-1";"['5a']";"['Gold complex of (Bis(diphenylphosphino)alkane analogue)']"
"CHEMBL67762";"Gold complex of (Bis(diphenylphosphino)alkane analogue)";"";"Small molecule";"";"919.37";"2";"2";"None";"None";"None";"None";"None";"None";"None";"None";"None";"NONE";"-1";"None";"None";"C30H32Au2Cl2P2";"";"";"";"False";"-1";"['12a']";"['Gold complex of (Bis(diphenylphosphino)alkane analogue)']"
"CHEMBL148734";"trans-[ptcl2(4-pic)(pip)]";"";"Small molecule";"";"444.26";"3";"7";"None";"None";"None";"None";"None";"None";"None";"None";"None";"NONE";"-1";"None";"None";"C11H18Cl2N2Pt+2";"";"";"";"False";"-1";"['I']";"['trans-[ptcl2(4-pic)(pip)]']"
"CHEMBL269739";"DOTA-ReCCEHdFRWCKPV-NH2";"";"Small molecule";"";"1949.23";"2";"57";"None";"None";"None";"None";"None";"None";"None";"None";"None";"NONE";"-1";"None";"None";"C75H107N23O21ReS3-2";"";"";"";"False";"-1";"['Peptide S']";"['DOTA-ReCCEHdFRWCKPV-NH2']"
"CHEMBL1627579";"Cisplatin complex";"";"Small molecule";"";"786.74";"4";"4";"None";"None";"None";"None";"None";"None";"None";"None";"None";"NONE";"-1";"None";"None";"C33H48Cl2N2O3Pt+2";"";"";"";"False";"-1";"['Cisplatin analogue (table 2)']";"['Cisplatin complex']"
"CHEMBL413451";"Ac-Lys(DOTA)-ReCCEHdFRWCKPV-NH2";"";"Small molecule";"";"2253.57";"2";"57";"None";"None";"None";"None";"None";"None";"None";"None";"None";"NONE";"-1";"None";"None";"C91H127N25O25ReS3-2";"";"";"";"False";"-1";"['Peptide 4']";"['Ac-Lys(DOTA)-ReCCEHdFRWCKPV-NH2']"
"CHEMBL356054";"cis-[PtCl2(NH3)(3-CH3CH2C5H4N)]";"";"Small molecule";"";"390.17";"1";"1";"None";"None";"None";"None";"None";"None";"None";"None";"None";"NONE";"-1";"None";"None";"C7H12Cl2N2Pt+2";"";"";"";"False";"-1";"['7']";"['cis-[PtCl2(NH3)(3-CH3CH2C5H4N)]']"
"CHEMBL2068507";"2-(2-Amino-ethylamino)-N-(7-{2-[N'-(5-nitro-furan-2-carbonyl)-hydrazino]-2-oxo-ethyl}-naphthalen-2-yl)-acetamide; compound with GENERIC INORGANIC NEUTRAL COMPONENT";"";"Small molecule";"";"718.41";"5";"13";"None";"None";"None";"None";"None";"None";"None";"None";"None";"NONE";"-1";"None";"None";"C21H20Cl2N6O6Pt";"";"";"";"False";"-1";"['20 (table 1 Page 7031)']";"["2-(2-Amino-ethylamino)-N-(7-{2-[N'-(5-nitro-furan-2-carbonyl)-hydrazino]-2-oxo-ethyl}-naphthalen-2-yl)-acetamide; compound with GENERIC INORGANIC NEUTRAL COMPONENT"]"
"CHEMBL1202384";"(1,3-Diaminopropane)(1,10-phenanthroline)-platinum (II) dichloride Monohydrate";"";"Small molecule";"";"592.43";"1";"1";"None";"None";"None";"None";"None";"None";"None";"None";"None";"NONE";"-1";"None";"None";"C19H26Cl2N4OPt+2";"";"";"";"False";"-1";"['6b']";"['(1,3-Diaminopropane)(1,10-phenanthroline)-platinum (II) Dichloride Monohydrate']"
"CHEMBL295047";"beta-[Ru(azpy)2(NO3)2] CHCl3";"";"Small molecule";"";"711.89";"1";"2";"None";"None";"None";"None";"None";"None";"None";"None";"None";"NONE";"-1";"None";"None";"C23H20Cl3N8O6Ru-";"";"";"";"False";"-1";"['beta-[Ru(azpy)2(NO3)2].CHCl3']";"['beta-[Ru(azpy)2(NO3)2] CHCl3']"
"CHEMBL312091";"Dinuclear trans-platinum complex";"";"Small molecule";"";"769.54";"3";"3";"None";"None";"None";"None";"None";"None";"None";"None";"None";"NONE";"-1";"None";"None";"C16H32Cl2N6Pt2+6";"";"";"";"False";"-1";"['3']";"['Dinuclear trans-platinum complexes']"
"CHEMBL81467";"Dinuclear trans-platinum complex";"";"Small molecule";"";"741.48";"3";"3";"None";"None";"None";"None";"None";"None";"None";"None";"None";"NONE";"-1";"None";"None";"C14H28Cl2N6Pt2+6";"";"";"";"False";"-1";"['2']";"['Dinuclear trans-platinum complexes']"
"CHEMBL313268";"Dinuclear trans-platinum complex";"";"Small molecule";"";"797.59";"3";"3";"None";"None";"None";"None";"None";"None";"None";"None";"None";"NONE";"-1";"None";"None";"C18H36Cl2N6Pt2+6";"";"";"";"False";"-1";"['7']";"['Dinuclear trans-platinum complexes']"
"CHEMBL1790152";"Metallopeptide";"";"Small molecule";"";"976.22";"1";"1";"None";"None";"None";"None";"None";"None";"None";"None";"None";"NONE";"-1";"None";"None";"C38H55N5O9ReS2";"";"";"";"False";"-1";"['3']";"['Metallopeptide']"
"CHEMBL3310989";"";"";"Small molecule";"";"537.07";"2";"2";"None";"None";"None";"None";"None";"None";"None";"None";"None";"NONE";"-1";"None";"None";"C14H16AuCl4N";"";"";"";"False";"-1";"['D, MDPI-12601']";"['2,2-diphenylethanaminium tetrachloroaurate']"
"CHEMBL1628046";"Cisplatin complex";"";"Small molecule";"";"772.71";"4";"4";"None";"None";"None";"None";"None";"None";"None";"None";"None";"NONE";"-1";"None";"None";"C32H46Cl2N2O3Pt+2";"";"";"";"False";"-1";"['Cisplatin analogue (table 1)']";"['Cisplatin complex']"
"CHEMBL1627949";"Cisplatin complex";"";"Small molecule";"";"730.63";"4";"4";"None";"None";"None";"None";"None";"None";"None";"None";"None";"NONE";"-1";"None";"None";"C29H40Cl2N2O3Pt+2";"";"";"";"False";"-1";"['Cisplatin analogue (table 2)']";"['Cisplatin complex']"
"CHEMBL13704";"(1,3-Diaminepropane) ([2,2']Bipyridinyl)platinum (II) dichloride Pentahydrate";"";"Small molecule";"";"496.30";"1";"1";"None";"None";"None";"None";"None";"None";"None";"None";"None";"NONE";"-1";"None";"None";"C13H18Cl2N4Pt-";"";"";"";"False";"-1";"['4b']";"["(1,3-Diaminepropane) ([2,2']Bipyridinyl)platinum (II) DiChloride Pentahydrate"]"
"CHEMBL186705";"Estrogen platinum (II) hybrid derivative";"";"Small molecule";"";"374.13";"4";"9";"None";"None";"None";"None";"None";"None";"None";"None";"None";"NONE";"-1";"None";"None";"C6H8Cl2N2Pt+2";"";"";"";"False";"-1";"['1 (m=1)']";"['Estrogen platinum (II) hybrid derivative']"
"CHEMBL96737";"Platinum complex";"";"Small molecule";"";"991.83";"7";"10";"None";"None";"None";"None";"None";"None";"None";"None";"None";"NONE";"-1";"None";"None";"C32H25N8O3Pt2S+7";"";"";"";"False";"-1";"['9']";"["N,S-Bis[(2,2':6',2''-terpyridine)platinum (II)]-thioacetimine Trinitrate"]"
"CHEMBL1627577";"Cisplatin complex";"";"Small molecule";"";"814.80";"4";"4";"None";"None";"None";"None";"None";"None";"None";"None";"None";"NONE";"-1";"None";"None";"C35H52Cl2N2O3Pt+2";"";"";"";"False";"-1";"['Cisplatin analogue (table 2)']";"['Cisplatin complex']"
"CHEMBL370035";"Ruthenium(II)-Arene PTA complex";"";"Small molecule";"";"531.43";"2";"4";"None";"None";"None";"None";"None";"None";"None";"None";"None";"NONE";"-1";"None";"None";"C19H30Cl2N5PRu+3";"";"";"";"False";"-1";"['RAPTA 7']";"['Ruthenium(II)-Arene PTA complex']"
"CHEMBL413970";"Bis [(1-diphenylphosphino, 2-diethyl) ethane] gold (I) Chloride";"";"Small molecule";"";"841.13";"5";"6";"None";"None";"None";"None";"None";"None";"None";"None";"None";"NONE";"-1";"None";"None";"C36H52AuClP4";"";"";"";"False";"-1";"['11']";"['Bis [(1-diphenylphosphino, 2-diethyl) ethane] gold (I) Chloride']"
"CHEMBL189068";"Gold-Chloroquine Complex";"";"Small molecule";"";"738.90";"1";"8";"None";"None";"None";"None";"None";"None";"None";"None";"None";"NONE";"-1";"None";"None";"C21H36AuClF6N3P2";"";"";"";"False";"-1";"['Au-CQ Complex 3']";"['Gold-Chloroquine Complex']"
"CHEMBL1627729";"Estrogen platinum (II) hybrid derivative";"";"Small molecule";"";"788.76";"4";"9";"None";"None";"None";"None";"None";"None";"None";"None";"None";"NONE";"-1";"None";"None";"C33H50Cl2N2O3Pt";"";"";"";"False";"-1";"['2 (n=6, m=1)']";"['Estrogen platinum (II) hybrid derivative']"
"CHEMBL306036";"1-ferrocenyl-3-(4-Trifluoromethylphenyl)-2-propen-1-one";"";"Small molecule";"";"384.18";"1";"1";"None";"None";"None";"None";"None";"None";"None";"None";"None";"NONE";"-1";"None";"None";"C20H15F3FeO";"";"";"";"False";"-1";"['27']";"['1-ferrocenyl-3-(4-Trifluoromethylphenyl)-2-propen-1-one']"
"CHEMBL276712";"(4-ChloroThiophenolato)(2,2':6',2''-terpyridine)platinum (II)DiChloro Trihydrate";"";"Small molecule";"";"607.42";"1";"1";"None";"None";"None";"None";"None";"None";"None";"None";"None";"NONE";"-1";"None";"None";"C21H15Cl2N3PtS+3";"";"";"";"False";"-1";"['2g']";"["(4-ChloroThiophenolato)(2,2':6',2''-terpyridine)platinum (II)DiChloro Trihydrate"]"
"CHEMBL13457";"(1,3-Diamine-2-hydroxypropane) ([2,2']Bipyridinyl)platinum (II) dichloride";"";"Small molecule";"";"512.30";"1";"1";"None";"None";"None";"None";"None";"None";"None";"None";"None";"NONE";"-1";"None";"None";"C13H18Cl2N4OPt-";"";"";"";"False";"-1";"['4c']";"["(1,3-Diamine-2-hydroxypropane) ([2,2']Bipyridinyl)platinum (II) DiChloride"]"
"CHEMBL108272";"Oxorhenium (V) AADT Complex";"";"Small molecule";"";"506.71";"3";"5";"None";"None";"None";"None";"None";"None";"None";"None";"None";"NONE";"-1";"None";"None";"C13H26N3O2ReS2+";"";"";"";"False";"-1";"['4-Re']";"['Oxorhenium (V) AADT Complex']"
"CHEMBL441340";"(1,4-Diamino-butane)(3,4,7,8-tetramethyl-1,10-phenanthroline)platinum (II) dichloride";"";"Small molecule";"";"588.44";"1";"1";"None";"None";"None";"None";"None";"None";"None";"None";"None";"NONE";"-1";"None";"None";"C20H26Cl2N4Pt-";"";"";"";"False";"-1";"['6d']";"['(1,4-Diamino-butane)(3,4,7,8-tetramethyl-1,10-phenanthroline)platinum (II) Dichloride']"
"CHEMBL302287";"Auranofin analogue";"";"Small molecule";"";"823.63";"4";"5";"None";"None";"None";"None";"None";"None";"None";"None";"None";"NONE";"-1";"None";"None";"C32H35AuO9PS-2";"";"";"";"False";"-1";"['30']";"['Auranofin analogue']"
"CHEMBL267638";"Platinum complex";"";"Small molecule";"";"725.12";"6";"23";"None";"None";"None";"None";"None";"None";"None";"None";"None";"NONE";"-1";"None";"None";"C21H20B2F8N6Pt+4";"";"";"";"False";"-1";"['in table II; pg.no.1001', '4 (NHNH2)']";"["(2,2':6',2''-terpyridine)platinum (II) complex", "4'-substituted 2,2':6,2''-Terpyridineplatinum (II) Picoline complexes"]"
"CHEMBL70323";"Auranofin analogue";"";"Small molecule";"";"466.32";"3";"3";"None";"None";"None";"None";"None";"None";"None";"None";"None";"NONE";"-1";"None";"None";"C13H20AuNOPS-2";"";"";"";"False";"-1";"['25']";"['Auranofin analogue']"
"CHEMBL4107202";"";"";"Small molecule";"";"684.88";"2";"2";"None";"None";"None";"None";"None";"None";"None";"None";"None";"NONE";"-1";"None";"None";"C24H30N6O2ReS2+4";"";"";"";"False";"-1";"['BDBM103913']";"['US8562945, 248']"
"CHEMBL1790150";"Metallopeptide";"";"Small molecule";"";"896.16";"2";"4";"None";"None";"None";"None";"None";"None";"None";"None";"None";"NONE";"-1";"None";"None";"C38H55N5O6ReS";"";"";"";"False";"-1";"['5']";"['Metallopeptide']"
"CHEMBL1909056";"COBALT(II) ACETYLACETONATE";"";"Small molecule";"";"257.15";"106";"542";"None";"None";"None";"None";"None";"None";"None";"None";"None";"NONE";"-1";"None";"None";"C10H14CoO4";"";"";"";"False";"-1";"['COBALT(II) ACETYLACETONATE', 'COBALT(II) ACETYLACETONATE']";"['Cobalt(II) Acetylacetonate', 'COBALT(II) ACETYLACETONATE']"
"CHEMBL6688";"Platinum complex";"";"Small molecule";"";"773.99";"6";"24";"None";"None";"None";"None";"None";"None";"None";"None";"None";"NONE";"-1";"None";"None";"C21H17B2BrF8N4Pt+4";"";"";"";"False";"-1";"['in table II; pg.no.1001', '2 (4-Me-C5H4N)']";"["(2,2':6',2''-terpyridine)platinum (II) complex", "4'-substituted 2,2':6,2''-Terpyridineplatinum (II) Picoline complexes"]"
"CHEMBL324865";"Platinum complex";"";"Small molecule";"";"669.03";"3";"8";"None";"None";"None";"None";"None";"None";"None";"None";"None";"NONE";"-1";"None";"None";"C18H14B2F8N5Pt+3";"";"";"";"False";"-1";"['2 (imidazole)']";"["2,2':6,2''-Terpyridineplatinum (II) complexes"]"
"CHEMBL363104";"Gold-Chloroquine Complex";"";"Small molecule";"";"780.98";"1";"8";"None";"None";"None";"None";"None";"None";"None";"None";"None";"NONE";"-1";"None";"None";"C24H42AuClF6N3P2";"";"";"";"False";"-1";"['Au-CQ Complex 4']";"['Gold-Chloroquine Complex']"
"CHEMBL2028168";"Porphin analogue";"";"Unknown";"";"1101.30";"2";"2";"None";"None";"None";"None";"None";"None";"None";"None";"None";"NONE";"-1";"None";"None";"C44H10Cl2F20FeN4";"";"";"";"False";"-1";"['F20TPPFeCl']";"['Porphin analogue']"
"CHEMBL2068304";"triphenylethylene platinum (II) complex";"";"Small molecule";"";"722.61";"3";"3";"None";"None";"None";"None";"None";"None";"None";"None";"None";"NONE";"-1";"None";"None";"C30H36Cl2N2O2Pt";"";"";"";"False";"-1";"['1Ba']";"['triphenylethylene platinum (II) complex']"
"CHEMBL423854";"Auranofin analogue";"";"Small molecule";"";"693.53";"3";"3";"None";"None";"None";"None";"None";"None";"None";"None";"None";"NONE";"-1";"None";"None";"C21H37AuO9PS-2";"";"";"";"False";"-1";"['34']";"['Auranofin analogue']"
"CHEMBL69895";"Auranofin analogue";"";"Small molecule";"";"723.55";"3";"3";"None";"None";"None";"None";"None";"None";"None";"None";"None";"NONE";"-1";"None";"None";"C22H39AuO10PS-2";"";"";"";"False";"-1";"['35']";"['Auranofin analogue']"
"CHEMBL119728";"2beta-carboxylic acid methoxymethylamide-3beta-(4-fluorophenyl)-8-methyl-8-azabicyclo [3.2.1] octane";"";"Small molecule";"";"725.93";"3";"3";"None";"None";"None";"None";"None";"None";"None";"None";"None";"NONE";"-1";"None";"None";"C25H36FN4O4ReS2+";"";"";"";"False";"-1";"['17a (O-1451)']";"['2beta-carboxylic acid methoxymethylamide-3beta-(4-fluorophenyl)-8-methyl-8-azabicyclo [3.2.1] octane']"
"CHEMBL70871";"Gold complex of (Bis(diphenylphosphino)alkane analogue)";"";"Small molecule";"";"671.09";"2";"2";"None";"None";"None";"None";"None";"None";"None";"None";"None";"NONE";"-1";"None";"None";"C10H24Au2Cl2P2";"";"";"";"False";"-1";"['2a']";"['Gold complex of (Bis(diphenylphosphino)alkane analogue)']"
"CHEMBL293455";"N-Ferrocenylmethyl, N'-Methyl-2-substituted Benzimidazole analogue";"";"Small molecule";"";"574.29";"1";"1";"None";"None";"None";"None";"None";"None";"None";"None";"None";"NONE";"-1";"None";"None";"C28H27FeIN2";"";"";"";"False";"-1";"['9b']";"["N-Ferrocenylmethyl, N'-Methyl-2-substituted Benzimidazole analogue"]"
"CHEMBL2068294";"triphenylethylene platinum (II) complex";"";"Small molecule";"";"808.75";"3";"3";"None";"None";"None";"None";"None";"None";"None";"None";"None";"NONE";"-1";"None";"None";"C35H46Cl2N2O3Pt";"";"";"";"False";"-1";"['1Cc']";"['triphenylethylene platinum (II) complex']"
"CHEMBL324631";"PIPERIDINE BASED ANALOGUE OF COCAINE (STRUCTURAL MIX)";"";"Small molecule";"";"643.29";"3";"8";"None";"None";"None";"None";"None";"None";"None";"None";"None";"NONE";"-1";"None";"None";"C21H31ClN3O2ReS2+";"";"";"";"False";"-1";"['8b', '8a']";"['piperidine based analogue of cocaine', 'piperidine based analogue of cocaine']"
"CHEMBL3142244";"";"";"Small molecule";"";"555.40";"3";"3";"None";"None";"None";"None";"None";"None";"None";"None";"None";"NONE";"-1";"None";"None";"C14H31AuO6PS-2";"";"";"";"False";"-1";"['13']";"['Auranofin analogue']"
"CHEMBL34868";"Estrogen platinum (II) hybrid derivative";"";"Small molecule";"";"388.16";"5";"15";"None";"None";"None";"None";"None";"None";"None";"None";"None";"NONE";"-1";"None";"None";"C7H10Cl2N2Pt+2";"";"";"";"False";"-1";"['1 (m=2)', '15']";"['Estrogen platinum (II) hybrid derivative', '1,1-platinumdichloro-1H,2H,3H,4H-pyrido[1,2-c]pyrimidinediium']"
"CHEMBL3349399";"";"";"Small molecule";"";"491.37";"2";"2";"None";"None";"None";"None";"None";"None";"None";"None";"None";"NONE";"-1";"None";"None";"C26H29FeNO5";"";"";"";"False";"-1";"['3b']";"['Artemisinin derivative']"
"CHEMBL2146194";"Trans-[PtCl2(butylamine)(isopropylamine)]";"";"Small molecule";"";"398.24";"5";"6";"None";"None";"None";"None";"None";"None";"None";"None";"None";"NONE";"-1";"None";"None";"C7H20Cl2N2Pt";"";"";"";"False";"-1";"['3']";"['Trans-[PtCl2(butylamine)(isopropylamine)]']"
"CHEMBL137784";"2-[[2-[[[3-(4-chlorophenyl)-8-methyl-8-azabicyclo[3.2.1]oct-2-yl]methyl](2-mercaptoethyl)amino]ethyl]amino]ethanethiolato(3-)-oxo-[1R-(exo-exo)]-;2-{Oxo[N(S),N-bis(2-mercaptoethyl)ethylenediaminato]rhenium(V)methyl}-3-(4-chlorophenyl)tropane";"";"Small molecule";"";"613.27";"1";"1";"None";"None";"None";"None";"None";"None";"None";"None";"None";"NONE";"-1";"None";"None";"C20H29ClN3OReS2+";"";"";"";"False";"-1";"['Re-TRODAT-3B']";"['2-[[2-[[[3-(4-chlorophenyl)-8-methyl-8-azabicyclo[3.2.1]oct-2-yl]methyl](2-mercaptoethyl)amino]ethyl]amino]ethanethiolato(3-)-oxo-[1R-(exo-exo)]-;2-{Oxo[N(S),N-bis(2-mercaptoethyl)ethylenediaminato]rhenium(V)methyl}-3-(4-chlorophenyl)tropane']"
"CHEMBL53595";"Bis (3-ethyl-2,4-pentanedionato) (N,N-bis(2-chloroethyl)ethylenediamine)cobalt(III) Percholate";"";"Small molecule";"";"489.37";"2";"4";"None";"None";"None";"None";"None";"None";"None";"None";"None";"NONE";"-1";"None";"None";"C19H39Cl2CoN2O4+";"";"";"";"False";"-1";"['21']";"['Bis (3-ethyl-2,4-pentanedionato) (N,N-bis(2-chloroethyl)ethylenediamine)cobalt(III) Percholate']"
"CHEMBL72522";"Auranofin analogue";"";"Small molecule";"";"537.80";"3";"3";"None";"None";"None";"None";"None";"None";"None";"None";"None";"NONE";"-1";"None";"None";"C21H22AuClP-2";"";"";"";"False";"-1";"['54']";"['Auranofin analogue']"
"CHEMBL71710";"Auranofin analogue";"";"Small molecule";"";"469.75";"4";"5";"None";"None";"None";"None";"None";"None";"None";"None";"None";"NONE";"-1";"None";"None";"C12H31AuClP2-2";"";"";"";"False";"-1";"['45']";"['Auranofin analogue']"
"CHEMBL411322";"Fe complex";"";"Small molecule";"";"931.72";"1";"1";"None";"None";"None";"None";"None";"None";"None";"None";"None";"NONE";"-1";"None";"None";"C54H51Fe2N4O4";"";"";"";"False";"-1";"['11']";"["(2S)-2-{[2-(2-{[(1S)-1-{[(2S,3S,5R,6R)-1-ferra-1,1'-spirobi[pentacyclo[2.2.0.0^{1,3}.0^{1,5}.0^{2,6}]hexane]-2-ylmethyl]carbamoyl}-2-phenylethyl]carbamoyl}phenyl)phenyl]formamido}-N-[(2'R,3'S,4'S,6'R)-1-ferraspiro[pentacyclo[2.2.0.0^{1,3}.0^{1,5}.0^{2,6}]hexane-1,1'-tetracyclo[2.2.0.0^{1,3}.0^{2,6}]hexane]-3'-ylmethyl]-3-phenylpropanamide"]"
"CHEMBL2068388";"Platinum complex";"";"Small molecule";"";"441.34";"4";"4";"None";"None";"None";"None";"None";"None";"None";"None";"None";"NONE";"-1";"None";"None";"C10H18N2O5Pt";"";"";"";"False";"-1";"['25']";"['Platinum complex']"
"CHEMBL64427";"N-Ferrocenylmethyl, N'-Methyl-2-substituted Benzimidazole analogue";"";"Small molecule";"";"452.77";"1";"1";"None";"None";"None";"None";"None";"None";"None";"None";"None";"NONE";"-1";"None";"None";"C26H21ClFeN2";"";"";"";"False";"-1";"['8e']";"["N-Ferrocenylmethyl, N'-Methyl-2-substituted Benzimidazole analogue"]"
"CHEMBL142978";"cis-[PtCl2(NH3)(3-CH3C5H4N)]";"";"Small molecule";"";"376.14";"1";"1";"None";"None";"None";"None";"None";"None";"None";"None";"None";"NONE";"-1";"None";"None";"C6H10Cl2N2Pt+2";"";"";"";"False";"-1";"['6']";"['cis-[PtCl2(NH3)(3-CH3C5H4N)]']"
"CHEMBL1334965";"";"";"Small molecule";"";"610.09";"7";"11";"None";"None";"None";"None";"None";"None";"None";"None";"None";"NONE";"-1";"None";"None";"C10H22Cl6N2O2Pt";"";"";"";"False";"-1";"['SID4254109', 'SID50109467']";"['SID4254109', 'SID50109467']"
"CHEMBL293387";"N-Ferrocenylmethyl, N'-Methyl-2-substituted Benzimidazole analogue";"";"Small molecule";"";"639.16";"1";"1";"None";"None";"None";"None";"None";"None";"None";"None";"None";"NONE";"-1";"None";"None";"C27H24BrFeIN2";"";"";"";"False";"-1";"['9c']";"["N-Ferrocenylmethyl, N'-Methyl-2-substituted Benzimidazole analogue"]"
"CHEMBL69088";"Gold complex of (Bis(diphenylphosphino)alkane analogue)";"";"Small molecule";"";"849.24";"3";"3";"None";"None";"None";"None";"None";"None";"None";"None";"None";"NONE";"-1";"None";"None";"C25H22Au2Cl2P2";"";"";"";"False";"-1";"['23a']";"['Gold complex of (Bis(diphenylphosphino)alkane analogue)']"
"CHEMBL438180";"DOTA-ReCCEHdFRWCKPVD-OH";"";"Small molecule";"";"2093.32";"2";"57";"None";"None";"None";"None";"None";"None";"None";"None";"None";"NONE";"-1";"None";"None";"C79H111N25O25ReS3-2";"";"";"";"False";"-1";"['Peptide 10']";"['DOTA-ReCCEHdFRWCKPVD-OH']"
"CHEMBL1200662";"HEMIN";"HEMIN|NSC-122707";"Small molecule";"3.0";"651.95";"1";"1";"None";"None";"None";"None";"None";"None";"None";"None";"None";"NONE";"0";"None";"None";"C34H32ClFeN4O4";"";"";"";"False";"0";"['23', 'HEMIN']";"['Hemin', 'HEMIN']"
"CHEMBL611447";"Pt(II) Complex";"";"Small molecule";"";"1175.40";"6";"6";"None";"None";"None";"None";"None";"None";"None";"None";"None";"NONE";"-1";"None";"None";"C15H42Cl8N6Pt3+4";"";"";"";"False";"-1";"['Complex II']";"['Pt(II) Complex']"
"CHEMBL67635";"Gold complex of (Bis(diphenylphosphino)alkane analogue)";"";"Small molecule";"";"861.25";"3";"6";"None";"None";"None";"None";"None";"None";"None";"None";"None";"NONE";"-1";"None";"None";"C26H22Au2Cl2P2";"";"";"";"False";"-1";"['25a', '24a']";"['Gold complex of (Bis(diphenylphosphino)alkane analogue)', 'Gold complex of (Bis(diphenylphosphino)alkane analogue)']"
"CHEMBL319552";"1,10-Phenanthrolineplatinum (II) Benzoylthiourea Complex";"";"Small molecule";"";"735.19";"3";"4";"None";"None";"None";"None";"None";"None";"None";"None";"None";"NONE";"-1";"None";"None";"C28H32ClN4O3PtS+";"";"";"";"False";"-1";"['16']";"['1,10-Phenanthrolineplatinum (II) Benzoylthiourea Complex']"
"CHEMBL413296";"2,6-bis[(3,3-dimethylbutan-2-yl)oxy]-1,3,5,7-tetrathia-4-platinaspiro[3.3]heptane";"";"Small molecule";"";"551.72";"6";"12";"None";"None";"None";"None";"None";"None";"None";"None";"None";"NONE";"-1";"None";"None";"C14H28O2PtS4";"";"";"";"False";"-1";"['17']";"['2,6-bis[(3,3-dimethylbutan-2-yl)oxy]-1,3,5,7-tetrathia-4-platinaspiro[3.3]heptane']"
"CHEMBL150157";"1,5-Bis-(4-chloro-benzyl)-4-methylsulfanyl-1,5,6,7-tetrahydro-[1,3,5]triazepin-2-one; compound with cisplatin";"";"Small molecule";"";"706.38";"2";"2";"None";"None";"None";"None";"None";"None";"None";"None";"None";"NONE";"-1";"None";"None";"C19H23Cl4N5OPtS";"";"";"";"False";"-1";"['Compound with cisplatin']";"['1,5-Bis-(4-chloro-benzyl)-4-methylsulfanyl-1,5,6,7-tetrahydro-[1,3,5]triazepin-2-one; compound with cisplatin']"
"CHEMBL1512479";"";"";"Small molecule";"";"425.25";"10";"13";"None";"None";"None";"None";"None";"None";"None";"None";"None";"NONE";"-1";"None";"None";"C15H15ClN4PdS-6";"";"";"";"False";"-1";"['SID4254105']";"['SID4254105']"
"CHEMBL268353";"";"";"Small molecule";"";"687.09";"6";"26";"None";"None";"None";"None";"None";"None";"None";"None";"None";"NONE";"-1";"None";"None";"C18H14B2F8N4PtS+4";"";"";"";"False";"-1";"['in table I; pg.no.1000', '2, thiazole']";"["(2,2':6',2''-terpyridine)platinum (II) complex", "2,2':6,2''-Terpyridineplatinum (II) complexes"]"
"CHEMBL111089";"trans-[{PtCl(NH3)2}-mu-{NH2(CH2)6NH2}-cis-{PtCl2(NH3)}]Cl";"";"Small molecule";"";"658.78";"6";"22";"None";"None";"None";"None";"None";"None";"None";"None";"None";"NONE";"-1";"None";"None";"C6H20Cl3N5Pt2";"";"";"";"False";"-1";"['1,2/t,c', '1,2/c,c']";"['trans-[{PtCl(NH3)2}-mu-{NH2(CH2)6NH2}-cis-{PtCl2(NH3)}]Cl', 'cis-[{PtCl(NH3)2}-mu-{NH2(CH2)6NH2}-cis-{PtCl2(NH3)}]Cl']"
"CHEMBL2068316";"Tetrachlorodi(3-hydroxypropylamine)platinum(IV)";"";"Small molecule";"";"485.10";"4";"6";"None";"None";"None";"None";"None";"None";"None";"None";"None";"NONE";"-1";"None";"None";"C6H16Cl4N2O2Pt";"";"";"";"False";"-1";"['6']";"['Tetrachlorodi(3-hydroxypropylamine)platinum(IV)']"
"CHEMBL417616";"(Thiophenolato)(2,2':6',2''-terpyridine)platinum (II) Chloride Monohydrate";"(Thiophenolato)(2,2':6',2'-Terpyridine)Platinum(Ii)Chloride Monohydrate";"Small molecule";"";"572.98";"1";"1";"None";"None";"None";"None";"None";"None";"None";"None";"None";"NONE";"-1";"None";"None";"C21H16ClN3PtS+3";"";"";"";"False";"-1";"['2a']";"["(Thiophenolato)(2,2':6',2''-terpyridine)platinum (II) Chloride Monohydrate"]"
"CHEMBL118075";"O-863";"";"Small molecule";"";"747.78";"5";"9";"None";"None";"None";"None";"None";"None";"None";"None";"None";"NONE";"-1";"None";"None";"C24H32Cl2N3O4ReS2+";"";"";"";"False";"-1";"['O-863,12', '27b (O-863)', '26b (O-1196)']";"["[N-[2-[(3'-N'-Propyl-3''beta-(3,4-dichlorophenyl)tropane-2''beta-carboxylic acid methyl ester)(2-mercaptoethyl)amino]acetyl]-2-aminoethanethiolato]rhenium(V) oxide", 'O-863', 'O-1196']"
"CHEMBL187664";"camphorato platinum complex derivative";"";"Small molecule";"";"439.37";"4";"4";"None";"None";"None";"None";"None";"None";"None";"None";"None";"NONE";"-1";"None";"None";"C11H20N2O4Pt";"";"";"";"False";"-1";"['1b']";"['camphorato platinum complex derivative']"
"CHEMBL72552";"Auranofin analogue";"";"Small molecule";"";"331.17";"3";"3";"None";"None";"None";"None";"None";"None";"None";"None";"None";"NONE";"-1";"None";"None";"C7H19AuP-2";"";"";"";"False";"-1";"['42']";"['Auranofin analogue']"
"CHEMBL2146196";"cis-Dichloro[(2S,3R,4S)-2-aminomethyl-3,4-(O-isopropylidene)dihydrxypyrrolidine]platinum (II)";"";"Small molecule";"";"438.21";"5";"6";"None";"None";"None";"None";"None";"None";"None";"None";"None";"NONE";"-1";"None";"None";"C8H16Cl2N2O2Pt";"";"";"";"False";"-1";"['1']";"['cis-Dichloro[(2S,3R,4S)-2-aminomethyl-3,4-(O-isopropylidene)dihydrxypyrrolidine]platinum (II)']"
"CHEMBL119561";"O-1186";"";"Small molecule";"";"696.88";"5";"30";"None";"None";"None";"None";"None";"None";"None";"None";"None";"NONE";"-1";"None";"None";"C24H33FN3O4ReS2+";"";"";"";"False";"-1";"['27a (O-861)', '26a (O-1186)', '26a (O-1186)', 'O-927, 11a', 'O-862,14', 'O-861,11', 'O-928, 11b', '27a-1 (O-927)', '26a (O-1186)', '27a-2 (O-928)']";"['O-861', '1R,12S', 'O-1186', "Diastereiosomer of [N-[2-[(3'-N'-Propyl-3''beta-(4-fluorophenyl)tropane-2''beta-carboxylic acid methyl ester)(2-mercaptoethyl)amino]acetyl]-2-aminoethanethiolato]rhenium(V) oxide", "[N-[2-[(3'-N'-Propyl-3''beta-(4-fluorophenyl)tropane-2'' alpha-carboxylic acid methyl ester)(2-mercaptoethyl)amino]acetyl]-2-aminoethanethiolato]rhenium(V) oxide", "[N-[2-[(3'-N'-Propyl-3''beta-(4-fluorophenyl)tropane-2''beta-carboxylic acid methyl ester)(2-mercaptoethyl)amino]acetyl]-2-aminoethanethiolato]rhenium(V) oxide", "Diastereiosomer of [N-[2-[(3'-N'-Propyl-3''beta-(4-fluorophenyl)tropane-2''beta-carboxylic acid methyl ester)(2-mercaptoethyl)amino]acetyl]-2-aminoethanethiolato]rhenium(V) oxide", 'O-927', '1R,12R', 'O-928']"
"CHEMBL427115";"[(nu6-C6H6)RuI(ethylenediamine)]PF6";"";"Small molecule";"";"511.15";"1";"1";"None";"None";"None";"None";"None";"None";"None";"None";"None";"NONE";"-1";"None";"None";"C8H14F6IN2PRu";"";"";"";"False";"-1";"['4']";"['[(nu6-C6H6)RuI(ethylenediamine)]PF6']"
"CHEMBL72317";"2,6-bis(cyclopropylmethoxy)-1,3,5,7-tetrathia-4-platinaspiro[3.3]heptane";"";"Small molecule";"";"491.58";"6";"12";"None";"None";"None";"None";"None";"None";"None";"None";"None";"NONE";"-1";"None";"None";"C10H16O2PtS4";"";"";"";"False";"-1";"['9']";"['2,6-bis(cyclopropylmethoxy)-1,3,5,7-tetrathia-4-platinaspiro[3.3]heptane']"
"CHEMBL2068444";"triphenylethylene platinum (II) complex";"";"Small molecule";"";"750.67";"3";"3";"None";"None";"None";"None";"None";"None";"None";"None";"None";"NONE";"-1";"None";"None";"C32H40Cl2N2O2Pt";"";"";"";"False";"-1";"['1Bb']";"['triphenylethylene platinum (II) complex']"
"CHEMBL307692";"1-ferrocenyl-3-(2,4-Dichlorophenyl)-2-propen-1-one";"";"Small molecule";"";"385.07";"1";"1";"None";"None";"None";"None";"None";"None";"None";"None";"None";"NONE";"-1";"None";"None";"C19H14Cl2FeO";"";"";"";"False";"-1";"['24']";"['1-ferrocenyl-3-(2,4-Dichlorophenyl)-2-propen-1-one']"
"CHEMBL2028163";"Metalloporyphyrin-Ellipticine Analog";"";"Unknown";"";"1447.39";"1";"1";"None";"None";"None";"None";"None";"None";"None";"None";"None";"NONE";"-1";"None";"None";"C79H78FeN10O14-2";"";"";"";"False";"-1";"['9Fe, Me']";"['Metalloporyphyrin-Ellipticine Analog']"
"CHEMBL275501";"(1,3-Diamino-2-hydroxypropane)(3,4,7,8-tetramethyl-1,10-phenanthroline)platinum (II) dichloride Dihydrate";"";"Small molecule";"";"590.41";"1";"1";"None";"None";"None";"None";"None";"None";"None";"None";"None";"NONE";"-1";"None";"None";"C19H24Cl2N4OPt-";"";"";"";"False";"-1";"['6c']";"['(1,3-Diamino-2-hydroxypropane)(3,4,7,8-tetramethyl-1,10-phenanthroline)platinum (II) Dichloride Dihydrate']"
"CHEMBL1627945";"Cisplatin complex";"";"Small molecule";"";"744.66";"4";"4";"None";"None";"None";"None";"None";"None";"None";"None";"None";"NONE";"-1";"None";"None";"C30H42Cl2N2O3Pt+2";"";"";"";"False";"-1";"['Cisplatin analogue (table 1)']";"['Cisplatin complex']"
"CHEMBL611448";"Pt(II) Complex";"";"Small molecule";"";"1307.22";"6";"6";"None";"None";"None";"None";"None";"None";"None";"None";"None";"NONE";"-1";"None";"None";"C14H44Cl12N6Pt3";"";"";"";"False";"-1";"['Complex I']";"['Pt(II) Complex']"
"CHEMBL302757";"Auranofin analogue";"";"Small molecule";"";"679.50";"4";"13";"None";"None";"None";"None";"None";"None";"None";"None";"None";"NONE";"-1";"None";"None";"C20H35AuO9PS-2";"";"";"";"False";"-1";"['1', '5', '6']";"['Auranofin analogue', 'Auranofin analogue', 'Auranofin analogue']"
"CHEMBL384521";"PorphyrinPt(II) conjugate";"";"Small molecule";"";"1759.78";"2";"2";"None";"None";"None";"None";"None";"None";"None";"None";"None";"NONE";"-1";"None";"None";"C70H100N10O18Pt2";"";"";"";"False";"-1";"['11']";"['PorphyrinPt(II) conjugate']"
"CHEMBL1604754";"";"";"Small molecule";"";"560.36";"7";"7";"None";"None";"None";"None";"None";"None";"None";"None";"None";"NONE";"-1";"None";"None";"C12H20N3O8PPt-2";"";"";"";"False";"-1";"['SID50109569', 'SID4254209']";"['SID50109569', 'SID4254209']"
"CHEMBL309234";"Dinuclear trans-platinum complex";"";"Small molecule";"";"796.58";"3";"3";"None";"None";"None";"None";"None";"None";"None";"None";"None";"NONE";"-1";"None";"None";"C18H35Cl2N6Pt2+5";"";"";"";"False";"-1";"['8']";"['Dinuclear trans-platinum complexes']"
"CHEMBL70975";"Auranofin analogue";"";"Small molecule";"";"521.39";"3";"3";"None";"None";"None";"None";"None";"None";"None";"None";"None";"NONE";"-1";"None";"None";"C14H29AuO4PS-2";"";"";"";"False";"-1";"['8']";"['Auranofin analogue']"
"CHEMBL606541";"Gold complex of (Bis(diphenylphosphino)alkane analogue)";"";"Small molecule";"";"1184.81";"5";"7";"None";"None";"None";"None";"None";"None";"None";"None";"None";"NONE";"-1";"None";"None";"C38H48Au2O10P2S2";"";"";"";"False";"-1";"['54a']";"['Gold complex of (Bis(diphenylphosphino)alkane analogue)']"
"CHEMBL1627734";"Estrogen platinum (II) hybrid derivative";"";"Small molecule";"";"802.78";"4";"9";"None";"None";"None";"None";"None";"None";"None";"None";"None";"NONE";"-1";"None";"None";"C34H52Cl2N2O3Pt";"";"";"";"False";"-1";"['2 (n=6, m=2)']";"['Estrogen platinum (II) hybrid derivative']"
"CHEMBL298410";"beta-[Ru(azpy)2Cl2] CHCl3";"";"Small molecule";"";"658.79";"1";"2";"None";"None";"None";"None";"None";"None";"None";"None";"None";"NONE";"-1";"None";"None";"C23H20Cl5N6Ru+3";"";"";"";"False";"-1";"['beta-[Ru(azpy)2Cl2].CHCl3']";"['beta-[Ru(azpy)2Cl2] CHCl3']"
"CHEMBL72762";"Auranofin analogue";"";"Small molecule";"";"724.54";"3";"3";"None";"None";"None";"None";"None";"None";"None";"None";"None";"NONE";"-1";"None";"None";"C20H38AuN3O9PS-2";"";"";"";"False";"-1";"['29']";"['Auranofin analogue']"
"CHEMBL305532";"Fe (II) complex";"";"Small molecule";"";"455.34";"2";"2";"None";"None";"None";"None";"None";"None";"None";"None";"None";"NONE";"-1";"None";"None";"C15H21FeN5O4S2+2";"";"";"";"False";"-1";"['1Fe(II)']";"['N-[(1E)-1-pyridazin-3-ylethylidene]-3-azabicyclo[3.2.2]nonane-3-carbohydrazonothioic acid.sulfate Fe(II)complex']"
"CHEMBL368607";"Cis-Platinum (II) Conjugate";"";"Small molecule";"";"411.32";"1";"3";"None";"None";"None";"None";"None";"None";"None";"None";"None";"NONE";"-1";"None";"None";"C9H16N2O4Pt+2";"";"";"";"False";"-1";"['11']";"['Cis-Platinum (II) Conjugate']"
"CHEMBL142618";"cis-[PtCl2(NH3)(2-C6H5CH2C5H4N)]";"";"Small molecule";"";"452.24";"1";"1";"None";"None";"None";"None";"None";"None";"None";"None";"None";"NONE";"-1";"None";"None";"C12H14Cl2N2Pt+2";"";"";"";"False";"-1";"['4']";"['cis-[PtCl2(NH3)(2-C6H5CH2C5H4N)]']"
"CHEMBL4303702";"";"";"Small molecule";"";"680.51";"4";"8";"None";"None";"None";"None";"None";"None";"None";"None";"None";"NONE";"-1";"None";"None";"C20H36AuO9PS";"";"";"";"False";"-1";"['Auranofin', 'Auranofin', 'AURANOFIN']";"['Auranofin', 'Auranofin', 'AURANOFIN']"
"CHEMBL135367";"6-Benzyl-5-isopropyl-1-aurus-1H-pyrimidine-2,4-dione";"";"Small molecule";"";"440.25";"1";"1";"None";"None";"None";"None";"None";"None";"None";"None";"None";"NONE";"-1";"None";"None";"C14H15AuN2O2";"";"";"";"False";"-1";"['76']";"['6-Benzyl-5-isopropyl-1-aurus-1H-pyrimidine-2,4-dione']"
"CHEMBL226290";"Gold complex of (Bis(diphenylphosphino)alkane analogue)";"";"Small molecule";"";"1265.72";"3";"3";"None";"None";"None";"None";"None";"None";"None";"None";"None";"NONE";"-1";"None";"None";"C52H52Au2Cl2P4";"";"";"";"False";"-1";"['48a']";"['Gold complex of (Bis(diphenylphosphino)alkane analogue)']"
"CHEMBL1396916";"";"";"Small molecule";"";"629.87";"6";"8";"None";"None";"None";"None";"None";"None";"None";"None";"None";"NONE";"-1";"None";"None";"C26H28ClN4O4PRh-7";"";"";"";"False";"-1";"['SID4254028']";"['SID4254028']"
"CHEMBL419256";"2,6-bis(propan-2-yloxy)-1,3,5,7-tetrathia-4-platinaspiro[3.3]heptane";"";"Small molecule";"";"467.56";"6";"12";"None";"None";"None";"None";"None";"None";"None";"None";"None";"NONE";"-1";"None";"None";"C8H16O2PtS4";"";"";"";"False";"-1";"['15']";"['2,6-bis(propan-2-yloxy)-1,3,5,7-tetrathia-4-platinaspiro[3.3]heptane']"
"CHEMBL72816";"2,6-bis(2,2-dimethyl-3-phenylpropoxy)-1,3,5,7-tetrathia-4-platinaspiro[3.3]heptane";"";"Small molecule";"";"675.86";"6";"12";"None";"None";"None";"None";"None";"None";"None";"None";"None";"NONE";"-1";"None";"None";"C24H32O2PtS4";"";"";"";"False";"-1";"['14']";"['2,6-bis(2,2-dimethyl-3-phenylpropoxy)-1,3,5,7-tetrathia-4-platinaspiro[3.3]heptane']"
"CHEMBL385677";"PorphyrinPt(II) conjugate";"";"Small molecule";"";"2112.20";"1";"1";"None";"None";"None";"None";"None";"None";"None";"None";"None";"NONE";"-1";"None";"None";"C86H132N10O26Pt2";"";"";"";"False";"-1";"['12']";"['PorphyrinPt(II) conjugate']"
"CHEMBL417556";"N-Ferrocenylmethyl, N'-Methyl-2-substituted Benzimidazole analogue";"";"Small molecule";"";"613.12";"1";"1";"None";"None";"None";"None";"None";"None";"None";"None";"None";"NONE";"-1";"None";"None";"C25H22BrFeIN2";"";"";"";"False";"-1";"['6g']";"["N-Ferrocenylmethyl, N'-Methyl-2-substituted Benzimidazole analogue"]"
"CHEMBL191962";"N-{4-[4-(2-methoxyphenyl)piperazin-1-yl]butyl}-1-ruthena-1,1'-spirobi[pentacyclo[2.2.0.0^{1,3}.0^{1,5}.0^{2,6}]hexane]-2,2',4,4'-tetraene-6-carboxamide";"";"Small molecule";"";"512.58";"7";"14";"None";"None";"None";"None";"None";"None";"None";"None";"None";"NONE";"-1";"None";"None";"C26H25N3O2Ru";"";"";"";"False";"-1";"['1c']";"["N-{4-[4-(2-methoxyphenyl)piperazin-1-yl]butyl}-1-ruthena-1,1'-spirobi[pentacyclo[2.2.0.0^{1,3}.0^{1,5}.0^{2,6}]hexane]-2,2',4,4'-tetraene-6-carboxamide"]"
"CHEMBL3142753";"";"";"Small molecule";"";"759.39";"4";"6";"None";"None";"None";"None";"None";"None";"None";"None";"None";"NONE";"-1";"None";"None";"C17H28Cl2N5O10PPt";"";"";"";"False";"-1";"['21']";"['Phosphoric acid 2-cyano-ethyl ester 2-(2,2-dihydroxy,2,2-dichloro-imidazolidi-1-yl(platinum))-ethyl ester 3-hydroxy-5-(5-methyl-2,4-dioxo-3,4-dihydro-2H-pyrimidin-1-yl)-tetrahydro-furan-2-ylmethyl ester']"
"CHEMBL117362";"Rhenium complex";"";"Small molecule";"";"694.87";"3";"3";"None";"None";"None";"None";"None";"None";"None";"None";"None";"NONE";"-1";"None";"None";"C24H31FN3O4ReS2+";"";"";"";"False";"-1";"['15a (O-1135)']";"["N-[(2-((3'-N-propyl-(1''R)-3''beta-(4-fluorophenyl)trop-2''-ene-2''-carbomethoxy)(2-mercaptoethyl) amino)acetyl)-2-aminoethanethiolato)rhenium(V) oxide"]"
"CHEMBL370297";"Ruthenium complex";"";"Small molecule";"";"551.44";"7";"14";"None";"None";"None";"None";"None";"None";"None";"None";"None";"NONE";"-1";"None";"None";"C25H21Cl2N3ORu";"";"";"";"False";"-1";"['1d']";"["N-{4-[4-(2,3-dichlorophenyl)piperazin-1-yl]butyl}-1-ruthena-1,1'-spirobi[pentacyclo[2.2.0.0^{1,3}.0^{1,5}.0^{2,6}]hexane]-2,2',4,4'-tetraene-6-carboxamide"]"
"CHEMBL2368603";"[Ru(imidazolidine)6]Cl2";"";"Small molecule";"";"722.26";"1";"2";"None";"None";"None";"None";"None";"None";"None";"None";"None";"NONE";"-1";"None";"None";"C18H24Cl6N12Ru";"";"";"";"False";"-1";"['2a', '1a']";"['[Ru(imidazolidine)6]Cl3', '[Ru(imidazolidine)6]Cl2']"
"CHEMBL611195";"Metallocenium salt";"";"Small molecule";"";"407.22";"9";"11";"None";"None";"None";"None";"None";"None";"None";"None";"None";"NONE";"-1";"None";"None";"C10H10BF4Os";"";"";"";"False";"-1";"['2']";"['Metallocenium salt']"
"CHEMBL147203";"Platinum complex";"";"Small molecule";"";"568.32";"1";"3";"None";"None";"None";"None";"None";"None";"None";"None";"None";"NONE";"-1";"None";"None";"C10H21N3O8P2Pt+";"";"";"";"False";"-1";"['[Pt(trans-S,S-chxn)BPMAA]', '[Pt(cis-R,S-chxn)BPMAA]', '[Pt(trans-R,R-chxn)BPMAA]']";"['[Pt(trans-S,S-chxn)BPMAA]', '[Pt(cis-R,S-chxn)BPMAA]', '[Pt(trans-R,R-chxn)BPMAA]']"
"CHEMBL171079";"Platinum (II) complex";"";"Small molecule";"";"410.16";"7";"8";"None";"None";"None";"None";"None";"None";"None";"None";"None";"NONE";"-1";"None";"None";"C6H12Cl2N2O2Pt";"";"";"";"False";"-1";"['9']";"['Platinum (II) complex']"
"CHEMBL70752";"Auranofin analogue";"";"Small molecule";"";"427.69";"3";"3";"None";"None";"None";"None";"None";"None";"None";"None";"None";"NONE";"-1";"None";"None";"C12H20AuClP-2";"";"";"";"False";"-1";"['53']";"['Auranofin analogue']"
"CHEMBL280820";"Bis [1,2-bis(diphenylphosphino)propane] gold (I) Chloride";"";"Small molecule";"";"1061.36";"5";"6";"None";"None";"None";"None";"None";"None";"None";"None";"None";"NONE";"-1";"None";"None";"C54H56AuClP4";"";"";"";"False";"-1";"['7']";"['Bis [1,2-bis(diphenylphosphino)propane] gold (I) Chloride']"
"CHEMBL611191";"Metallocenium salt";"";"Small molecule";"";"545.29";"9";"11";"None";"None";"None";"None";"None";"None";"None";"None";"None";"NONE";"-1";"None";"None";"C10H10BrF6OsP";"";"";"";"False";"-1";"['4']";"['Metallocenium salt']"
"CHEMBL417437";"Platinum complex";"";"Small molecule";"";"590.97";"1";"1";"None";"None";"None";"None";"None";"None";"None";"None";"None";"NONE";"-1";"None";"None";"C21H15ClFN3PtS+3";"";"";"";"False";"-1";"['2f']";"["(4-FluoroThiophenolato)(2,2':6',2''-terpyridine)platinum (II) Chloride Trihydrate"]"
"CHEMBL174682";"[(nu6-p-cymene)RuI(ethylenediamine)]PF6";"";"Small molecule";"";"567.26";"1";"1";"None";"None";"None";"None";"None";"None";"None";"None";"None";"NONE";"-1";"None";"None";"C12H22F6IN2PRu";"";"";"";"False";"-1";"['6']";"['[(nu6-p-cymene)RuI(ethylenediamine)]PF6']"
"CHEMBL1627581";"Cisplatin complex";"";"Small molecule";"";"716.61";"4";"4";"None";"None";"None";"None";"None";"None";"None";"None";"None";"NONE";"-1";"None";"None";"C28H38Cl2N2O3Pt+2";"";"";"";"False";"-1";"['Cisplatin analogue (table 1)']";"['Cisplatin complex']"
"CHEMBL98573";"1,10-Phenanthrolineplatinum (II) Benzoylthiourea Complex";"";"Small molecule";"";"724.08";"3";"4";"None";"None";"None";"None";"None";"None";"None";"None";"None";"NONE";"-1";"None";"None";"C24H23ClN5O5PtS+";"";"";"";"False";"-1";"['18']";"['1,10-Phenanthrolineplatinum (II) Benzoylthiourea Complex']"
"CHEMBL102514";"Acridinecarboxamide-Pt(II) complex; Hydrate";"";"Small molecule";"";"680.94";"3";"3";"None";"None";"None";"None";"None";"None";"None";"None";"None";"NONE";"-1";"None";"None";"C22H29Cl3N5OPt+";"";"";"";"False";"-1";"['16']";"['Acridinecarboxamide-Pt(II) complex hydrate']"
"CHEMBL6961";"Platinum complex";"";"Small molecule";"";"739.15";"6";"24";"None";"None";"None";"None";"None";"None";"None";"None";"None";"NONE";"-1";"None";"None";"C22H22B2F8N6Pt+4";"";"";"";"False";"-1";"['in table II; pg.no.1001', '4 (NMeNH2)']";"["(2,2':6',2''-terpyridine)platinum (II) complex", "4'-substituted 2,2':6,2''-Terpyridineplatinum (II) Picoline complexes"]"
"CHEMBL343369";"Rhenium complex";"";"Small molecule";"";"764.77";"3";"4";"None";"None";"None";"None";"None";"None";"None";"None";"None";"NONE";"-1";"None";"None";"C24H33BrFNO5ReS2+2";"";"";"";"False";"-1";"['4']";"['Rhenium complex of 3-(2-Bromo-2,2,2-triformyl-3-methyl-1lambda*4*,2lambda*6*,3lambda*4*-[1,2,3]dithiolan-1-yl)-propionic acid 3-(4-fluoro-phenyl)-8-methyl-8-aza-bicyclo[3.2.1]oct-2-ylmethyl ester']"
"CHEMBL611193";"Metallocenium salt";"";"Small molecule";"";"500.83";"9";"11";"None";"None";"None";"None";"None";"None";"None";"None";"None";"NONE";"-1";"None";"None";"C10H10ClF6OsP";"";"";"";"False";"-1";"['3']";"['Metallocenium salt']"
"CHEMBL103049";"Trans-Amminedichloro hexylamine platinium (II)";"Trans-Amminedichloro hexylamine platinium(II)";"Small molecule";"";"382.19";"5";"11";"None";"None";"None";"None";"None";"None";"None";"None";"None";"NONE";"-1";"None";"None";"C6H16Cl2N2Pt";"";"";"";"False";"-1";"['10']";"['Trans-Amminedichloro hexylamine platinium (II)']"
"CHEMBL217343";"Platinum complex";"";"Small molecule";"";"1386.15";"3";"9";"None";"None";"None";"None";"None";"None";"None";"None";"None";"NONE";"-1";"None";"None";"C42H32B4F16N8Pt2+8";"";"";"";"False";"-1";"['3']";"["2,2':6,2''-Terpyridineplatinum (II) complexes"]"
"CHEMBL6739";"Platinum complex";"";"Small molecule";"";"798.21";"6";"24";"None";"None";"None";"None";"None";"None";"None";"None";"None";"NONE";"-1";"None";"None";"C25H27B2F8N5O2Pt+4";"";"";"";"False";"-1";"['in table II; pg.no.1001', '4 (N(CH2CH2OH)2)']";"["(2,2':6',2''-terpyridine)platinum (II) complex", "4'-substituted 2,2':6,2''-Terpyridineplatinum (II) Picoline complexes"]"
"CHEMBL2028164";"Fe complex";"";"Small molecule";"";"211.95";"5";"5";"None";"None";"None";"None";"None";"None";"None";"None";"None";"NONE";"-1";"None";"None";"C6FeN6-4";"";"";"";"False";"-1";"['[Fe(CN)6]4-']";"['[Fe(CN)6]4-']"
"CHEMBL369450";"1,1'-[1,4-phenylenebis(methylene)]bis[1,4,8,11-tetraazacyclotetradecane] Palladium Diperchlorate Tetrahydrate (4H2O)";"";"Small molecule";"";"1179.44";"3";"3";"None";"None";"None";"None";"None";"None";"None";"None";"None";"NONE";"-1";"None";"None";"C28H56Cl4N8O20Pd2-2";"";"";"";"False";"-1";"['40']";"["1,1'-[1,4-phenylenebis(methylene)]bis[1,4,8,11-tetraazacyclotetradecane] Palladium Diperchlorate Tetrahydrate (4H2O)"]"
"CHEMBL274133";"(Ethylenediamine) ([2,2']Bipyridinyl)platinum (II) dichloride Dihydrate";"";"Small molecule";"";"480.26";"1";"1";"None";"None";"None";"None";"None";"None";"None";"None";"None";"NONE";"-1";"None";"None";"C12H14Cl2N4Pt-";"";"";"";"False";"-1";"['4a']";"["(Ethylenediamine) ([2,2']Bipyridinyl)platinum (II) DiChloride Dihydrate"]"
"CHEMBL1332921";"";"";"Small molecule";"";"346.99";"65";"66";"None";"None";"None";"None";"None";"None";"None";"None";"None";"NONE";"-1";"None";"None";"C12H20N2NiO6";"";"";"";"False";"-1";"['SID4253562', 'SID554762']";"['SID4253562', 'SID554762']"
"CHEMBL103570";"trans-a-ammine-b,d-dichloro-f-(cyclohexylamine)-c,e-dihydroxoplatinium (IV)";"";"Small molecule";"";"414.19";"7";"35";"None";"None";"None";"None";"None";"None";"None";"None";"None";"NONE";"-1";"None";"None";"C6H16Cl2N2O2Pt";"";"";"";"False";"-1";"['(cis)-18', '18']";"['cis-a-ammine-b,d-dichloro-f-(cyclohexylamine)-c,e-dihydroxoplatinium (IV)', 'trans-a-ammine-b,d-dichloro-f-(cyclohexylamine)-c,e-dihydroxoplatinium (IV)']"
"CHEMBL4114526";"";"";"Small molecule";"";"574.70";"2";"2";"None";"None";"None";"None";"None";"None";"None";"None";"None";"NONE";"-1";"None";"None";"C18H24N6O2ReS+4";"";"";"";"False";"-1";"['BDBM103910']";"['JNK3 inhibitor 7::US8562945, 243']"
"CHEMBL290531";"Ferrocenyl Sugar";"";"Small molecule";"";"736.42";"3";"4";"None";"None";"None";"None";"None";"None";"None";"None";"None";"NONE";"-1";"None";"None";"C33H28FeO16";"";"";"";"False";"-1";"['2']";"['Ferrocenyl Sugar']"
"CHEMBL1381931";"";"";"Small molecule";"";"660.64";"17";"53";"None";"None";"None";"None";"None";"None";"None";"None";"None";"NONE";"-1";"None";"None";"C45H36FeN2";"";"";"";"False";"-1";"['SID26669806', 'SID26669673']";"['SID26669806', 'SID26669673']"
"CHEMBL175844";"Cis-Platinum (II) Conjugate";"";"Small molecule";"";"453.40";"1";"3";"None";"None";"None";"None";"None";"None";"None";"None";"None";"NONE";"-1";"None";"None";"C12H22N2O4Pt+2";"";"";"";"False";"-1";"['9']";"['Cis-Platinum (II) Conjugate']"
"CHEMBL326165";"N-[(2-((3'-N-propyl-(1''R) -3''beta-(4-fluorophenyl) tropane-2''-beta-1-propanoyl) (2-mercaptoethyl) amino) acetyl) -2-aminoethanethiolato)rhenium(V) oxide";"";"Small molecule";"";"694.91";"3";"12";"None";"None";"None";"None";"None";"None";"None";"None";"None";"NONE";"-1";"None";"None";"C25H35FN3O3ReS2+";"";"";"";"False";"-1";"['12a-1 (O-2020)', '12a-2 (O-1972)', '13a (O-1508)', '12a (O-1505)']";"["(1R,12R)-N-[(2-((3'-N-propyl-3''alpha-(4-fluorophenyl) tropane-2''beta-propionyl) (2-mercaptoethyl) amino) acetyl)-2-aminoethanethiolato] rhenium(v) oxide", "(1R,12S)-N-[(2-((3'-N-propyl-3''alpha-(4-fluorophenyl) tropane-2''beta-propionyl) (2-mercaptoethyl) amino)-2-aminoethanethiolato]rhenium(v) oxide", "N-[(2-((3'-N-propyl-(1''R) -3''beta-(4-fluorophenyl) tropane-2''-beta-1-propanoyl) (2-mercaptoethyl) amino) acetyl) -2-aminoethanethiolato)rhenium(V) oxide", "N-[(2-((3'-N-propyl-(1'' R)-3''alpha-(4-fluorophenyl) tropane-2''beta-1-propanoyl) (2-mercaptoethyl) amino) acetyl)-2-aminoethanethiolato] rhenium (V) oxide"]"
"CHEMBL46564";"FERROCENYL SUGAR";"";"Small molecule";"";"432.21";"1";"2";"None";"None";"None";"None";"None";"None";"None";"None";"None";"NONE";"-1";"None";"None";"C19H20FeO8";"";"";"";"False";"-1";"['4']";"['Ferrocenyl Sugar']"
"CHEMBL365936";"";"";"Small molecule";"";"765.37";"2";"3";"None";"None";"None";"None";"None";"None";"None";"None";"None";"NONE";"-1";"None";"None";"C6H24Cl2N8O6Pt2";"";"";"";"False";"-1";"['Complex 1,1/c,c']";"['1,1/c,c derivative']"
"CHEMBL2068452";"Dichlorodi(4-hydroxybutylamine)platinum (II)";"Dichlorodi(4-hydroxybutylamine)platinum(II)";"Small molecule";"";"442.24";"2";"2";"None";"None";"None";"None";"None";"None";"None";"None";"None";"NONE";"-1";"None";"None";"C8H20Cl2N2O2Pt";"";"";"";"False";"-1";"['3']";"['Dichlorodi(4-hydroxybutylamine)platinum (II)']"
"CHEMBL83786";"3,3'-(Ferrocenomethylene)bis[4-hydroxycoumarin]";"";"Small molecule";"";"552.32";"1";"4";"None";"None";"None";"None";"None";"None";"None";"None";"None";"NONE";"-1";"None";"None";"C29H20FeO8";"";"";"";"False";"-1";"['27']";"["3,3'-(Ferrocenomethylene)bis[4-hydroxycoumarin]"]"
"CHEMBL608256";"2-(9-acridiniumylamino)ethyl(methyl)amino(imino)methyl(methyl)amine1-PtCl(en)";"";"Small molecule";"";"600.05";"3";"3";"None";"None";"None";"None";"None";"None";"None";"None";"None";"NONE";"-1";"None";"None";"C19H25ClN6PtS";"";"";"";"False";"-1";"['16']";"['2-(9-acridiniumylamino)ethyl(methyl)amino(imino)methyl(methyl)amine1-PtCl(en)']"
"CHEMBL2068312";"Dichloro diacetyl oxy-(amino ethylamino ethanol) platinum";"";"Small molecule";"";"486.21";"4";"6";"None";"None";"None";"None";"None";"None";"None";"None";"None";"NONE";"-1";"None";"None";"C8H16Cl2N2O5Pt";"";"";"";"False";"-1";"['9']";"['Dichloro diacetyl oxy-(amino ethylamino ethanol) platinum']"
"CHEMBL263677";"Ferrocenyl Sugar";"";"Small molecule";"";"650.46";"2";"3";"None";"None";"None";"None";"None";"None";"None";"None";"None";"NONE";"-1";"None";"None";"C29H38FeO13";"";"";"";"False";"-1";"['7']";"['Ferrocenyl Sugar']"
"CHEMBL290929";"Ferrocenyl Sugar";"";"Small molecule";"";"924.56";"3";"3";"None";"None";"None";"None";"None";"None";"None";"None";"None";"NONE";"-1";"None";"None";"C51H40Fe2O10";"";"";"";"False";"-1";"['(RD)-3']";"['Ferrocenyl Sugar']"
"CHEMBL430691";"trans-Amminetetrachloro(cyclohexylamine)-platinium (IV)";"Trans-Amminetetrachloro(cyclohexylamine)-platinium(IV)";"Small molecule";"";"451.08";"7";"13";"None";"None";"None";"None";"None";"None";"None";"None";"None";"NONE";"-1";"None";"None";"C6H14Cl4N2Pt";"";"";"";"False";"-1";"['37']";"['trans-Amminetetrachloro(cyclohexylamine)-platinium (IV)']"
"CHEMBL2068288";"Platinum complex";"";"Small molecule";"";"467.38";"8";"32";"None";"None";"None";"None";"None";"None";"None";"None";"None";"NONE";"-1";"None";"None";"C12H20N2O5Pt";"";"";"";"False";"-1";"['4']";"['Platinum analogues of DemethylCantharidin']"
"CHEMBL276688";"(1,3-Diaminopropane)(1,10-phenanthroline)-platinum (II) dichloride Dihydrate";"";"Small molecule";"";"518.31";"1";"1";"None";"None";"None";"None";"None";"None";"None";"None";"None";"NONE";"-1";"None";"None";"C15H16Cl2N4Pt-";"";"";"";"False";"-1";"['5b']";"['(1,3-Diaminopropane)(1,10-phenanthroline)-platinum (II) Dichloride Dihydrate']"
"CHEMBL317752";"2-Mercaptopyrimidine (4'-chloro-2,2':6',2''-terpyridine)platinum (II) Nitrate";"";"Small molecule";"";"635.95";"2";"5";"None";"None";"None";"None";"None";"None";"None";"None";"None";"NONE";"-1";"None";"None";"C19H13ClN6O3PtS+3";"";"";"";"False";"-1";"['7']";"["2-Mercaptopyrimidine (4'-chloro-2,2':6',2''-terpyridine)platinum (II) Nitrate"]"
"CHEMBL269100";"4'-substituted 2,2':6,2''-Terpyridineplatinum (II) Picoline complex";"";"Small molecule";"";"725.12";"6";"25";"None";"None";"None";"None";"None";"None";"None";"None";"None";"NONE";"-1";"None";"None";"C22H20B2F8N4OPt+4";"";"";"";"False";"-1";"['in table II; pg.no.1001', '4 (OMe)']";"["(2,2':6',2''-terpyridine)platinum (II) complex", "4'-substituted 2,2':6,2''-Terpyridineplatinum (II) Picoline complexes"]"
"CHEMBL317892";"1,10-Phenanthrolineplatinum (II) Benzoylthiourea Complex";"";"Small molecule";"";"767.27";"5";"7";"None";"None";"None";"None";"None";"None";"None";"None";"None";"NONE";"-1";"None";"None";"C30H40ClN4O3PtS+";"";"";"";"False";"-1";"['13']";"['1,10-Phenanthrolineplatinum (II) Benzoylthiourea Complex']"
"CHEMBL332491";"O-1339";"";"Small molecule";"";"728.95";"3";"6";"None";"None";"None";"None";"None";"None";"None";"None";"None";"NONE";"-1";"None";"None";"C28H36N3O4ReS2+";"";"";"";"False";"-1";"['27c (O-1339)', '26c (O-2130)']";"['O-1339', 'O-2130']"
"CHEMBL186466";"camphorato platinum complex derivative";"";"Small molecule";"";"425.34";"4";"4";"None";"None";"None";"None";"None";"None";"None";"None";"None";"NONE";"-1";"None";"None";"C10H18N2O4Pt";"";"";"";"False";"-1";"['1a']";"['camphorato platinum complex derivative']"
"CHEMBL157431";"DECAMETHYLFERROCENIUM TETRAFLUOROBORATE";"";"Small molecule";"";"415.12";"1";"20";"None";"None";"None";"None";"None";"None";"None";"None";"None";"NONE";"-1";"None";"None";"C20H32BF4Fe";"";"";"";"False";"-1";"['DEMFc']";"['Decamethylferrocenium tetrafluoroborate']"
"CHEMBL410609";"4'-chloro-2,2':6,2''-Terpyridineplatinum (II) complex";"";"Small molecule";"";"1453.94";"3";"7";"None";"None";"None";"None";"None";"None";"None";"None";"None";"NONE";"-1";"None";"None";"C50H32Cl2N12O12Pt2+8";"";"";"";"False";"-1";"["3 (1,4'-diethynylbenzene)"]";"["4'-chloro-2,2':6,2''-Terpyridineplatinum (II) complexes"]"
"CHEMBL308937";"Gold complex of (Bis(diphenylphosphino)alkane analogue)";"";"Small molecule";"";"711.24";"2";"2";"None";"None";"None";"None";"None";"None";"None";"None";"None";"NONE";"-1";"None";"None";"C14H14Au2Cl2S2";"";"";"";"False";"-1";"['37a']";"['Gold complex of (Bis(diphenylphosphino)alkane analogue)']"
"CHEMBL1574606";"";"";"Small molecule";"";"188.88";"5";"17";"None";"None";"None";"None";"None";"None";"None";"None";"None";"NONE";"-1";"None";"None";"C10H10Ni";"";"";"";"False";"-1";"['SID144209725', 'SID17388859']";"['SID144209725', 'SID17388859']"
"CHEMBL611182";"Gold complex of (Bis(diphenylphosphino)alkane analogue)";"";"Small molecule";"";"996.52";"3";"3";"None";"None";"None";"None";"None";"None";"None";"None";"None";"NONE";"-1";"None";"None";"C28H26Au2F6P2S2";"";"";"";"False";"-1";"['50a']";"['Gold complex of (Bis(diphenylphosphino)alkane analogue)']"
"CHEMBL611446";"Platinum complex";"";"Small molecule";"";"1000.26";"4";"4";"None";"None";"None";"None";"None";"None";"None";"None";"None";"NONE";"-1";"None";"None";"C8H22Cl6N6Pt3";"";"";"";"False";"-1";"['Complex VII']";"['Pt(II) Complex']"
"CHEMBL308963";"2,6-dibutoxy-1,3,5,7-tetrathia-4-platinaspiro[3.3]heptane";"";"Small molecule";"";"495.61";"6";"12";"None";"None";"None";"None";"None";"None";"None";"None";"None";"NONE";"-1";"None";"None";"C10H20O2PtS4";"";"";"";"False";"-1";"['4']";"['2,6-dibutoxy-1,3,5,7-tetrathia-4-platinaspiro[3.3]heptane']"
"CHEMBL117703";"Rhenium complex";"";"Small molecule";"";"743.80";"3";"3";"None";"None";"None";"None";"None";"None";"None";"None";"None";"NONE";"-1";"None";"None";"C25H32Cl2N3O3ReS2+";"";"";"";"False";"-1";"['14b (O-1769)']";"["N-[(2-((3'-N-propyl-(1''R)-3''-(3,4-dichlorophenyl)trop-2''-ene-2''-1-propanoyl)(2-mercaptoethyl) amino) acetyl)-2-aminoethanethiolato)rhenium(V) oxide"]"
"CHEMBL72867";"2,6-diethoxy-1,3,5,7-tetrathia-4-platinaspiro[3.3]heptane";"";"Small molecule";"";"439.51";"6";"12";"None";"None";"None";"None";"None";"None";"None";"None";"None";"NONE";"-1";"None";"None";"C6H12O2PtS4";"";"";"";"False";"-1";"['2']";"['2,6-diethoxy-1,3,5,7-tetrathia-4-platinaspiro[3.3]heptane']"
"CHEMBL70576";"Auranofin analogue";"";"Small molecule";"";"739.56";"3";"3";"None";"None";"None";"None";"None";"None";"None";"None";"None";"NONE";"-1";"None";"None";"C20H39AuN4O9PS-2";"";"";"";"False";"-1";"['3']";"['Auranofin analogue']"
"CHEMBL372054";"Ruthenium(II)-Arene PTA complex";"";"Small molecule";"";"437.32";"2";"4";"None";"None";"None";"None";"None";"None";"None";"None";"None";"NONE";"-1";"None";"None";"C14H24Cl2N3PRu+3";"";"";"";"False";"-1";"['RAPTA 4']";"['Ruthenium(II)-Arene PTA complex']"
"CHEMBL164788";"Platinum(IV) Complex";"";"Small molecule";"";"550.34";"11";"14";"None";"None";"None";"None";"None";"None";"None";"None";"None";"NONE";"-1";"None";"None";"C14H24Cl2N2O4Pt";"";"";"";"False";"-1";"['1']";"['Platinum(IV) Complex']"
"CHEMBL194500";"Ruthenium(II)-Arene PTA complex";"";"Small molecule";"";"422.28";"2";"4";"None";"None";"None";"None";"None";"None";"None";"None";"None";"NONE";"-1";"None";"None";"C13H21Cl2N3PRu+2";"";"";"";"False";"-1";"['RAPTA 3']";"['Ruthenium(II)-Arene PTA complex']"
"CHEMBL2068447";"Platinum analogues of DemethylCantharidin";"";"Small molecule";"";"495.43";"8";"29";"None";"None";"None";"None";"None";"None";"None";"None";"None";"NONE";"-1";"None";"None";"C14H24N2O5Pt";"";"";"";"False";"-1";"['2']";"['Platinum analogues of DemethylCantharidin']"
"CHEMBL322197";"trans-Amminetetrachloro(quinuclidine)-platinium (IV)";"Trans-Amminetetrachloro(quinuclidine)-platinium(IV)";"Small molecule";"";"465.11";"7";"14";"None";"None";"None";"None";"None";"None";"None";"None";"None";"NONE";"-1";"None";"None";"C7H16Cl4N2Pt";"";"";"";"False";"-1";"['39']";"['trans-Amminetetrachloro(quinuclidine)-platinium (IV)']"
"CHEMBL2068449";"Platinum analogues of DemethylCantharidin";"";"Small molecule";"";"491.40";"8";"20";"None";"None";"None";"None";"None";"None";"None";"None";"None";"NONE";"-1";"None";"None";"C14H20N2O5Pt";"";"";"";"False";"-1";"['5']";"['Platinum analogues of DemethylCantharidin']"
"CHEMBL317496";"1,10-Phenanthrolineplatinum (II) Benzoylthiourea Complex";"";"Small molecule";"";"693.11";"5";"7";"None";"None";"None";"None";"None";"None";"None";"None";"None";"NONE";"-1";"None";"None";"C25H26ClN4O3PtS+";"";"";"";"False";"-1";"['14']";"['1,10-Phenanthrolineplatinum (II) Benzoylthiourea Complex']"
"CHEMBL2068292";"triphenylethylene platinum (II) complex";"";"Small molecule";"";"822.77";"2";"2";"None";"None";"None";"None";"None";"None";"None";"None";"None";"NONE";"-1";"None";"None";"C36H48Cl2N2O3Pt";"";"";"";"False";"-1";"['1Cd']";"['triphenylethylene platinum (II) complex']"
"CHEMBL59773";"N-Ferrocenylmethyl, N'-Methyl-2-substituted Benzimidazole analogue";"";"Small molecule";"";"578.25";"1";"1";"None";"None";"None";"None";"None";"None";"None";"None";"None";"NONE";"-1";"None";"None";"C27H24FFeIN2";"";"";"";"False";"-1";"['9d']";"["N-Ferrocenylmethyl, N'-Methyl-2-substituted Benzimidazole analogue"]"
"CHEMBL175093";"[(nu6-C6H6)RuCl(ethylenediamine)]PF6";"";"Small molecule";"";"419.70";"1";"1";"None";"None";"None";"None";"None";"None";"None";"None";"None";"NONE";"-1";"None";"None";"C8H14ClF6N2PRu";"";"";"";"False";"-1";"['3']";"['[(nu6-C6H6)RuCl(ethylenediamine)]PF6']"
"CHEMBL326945";"Rhenium complex";"";"Small molecule";"";"692.90";"3";"3";"None";"None";"None";"None";"None";"None";"None";"None";"None";"NONE";"-1";"None";"None";"C25H33FN3O3ReS2+";"";"";"";"False";"-1";"['14a (O-1768)']";"["N-[(2-((3'-N-propyl-(1''R)-3''-(4-fluorophenyl) trop-2''-ene-2''-1-propanoyl)(2-mercaptoethyl) amino)acetyl)-2-aminoethanethiolato)rhenium(V) oxide"]"
"CHEMBL3085435";"";"";"Unknown";"";"1004.60";"3";"8";"None";"None";"None";"None";"None";"None";"None";"None";"None";"NONE";"-1";"None";"None";"C49H48Fe2O16";"";"";"";"False";"-1";"['(SD)-1', '(RD)-1']";"['Ferrocenyl Sugar', 'Ferrocenyl Sugar']"
"CHEMBL343420";"cis-[PtCl(2-C6H4C5H4)(2-C6H5C5H4N)]";"";"Small molecule";"";"539.92";"1";"2";"None";"None";"None";"None";"None";"None";"None";"None";"None";"NONE";"-1";"None";"None";"C22H17ClN2Pt+2";"";"";"";"False";"-1";"['5']";"['cis-[PtCl(2-C6H4C5H4)(2-C6H5C5H4N)]']"
"CHEMBL64720";"N-Ferrocenylmethyl, N'-Methyl-2-substituted Benzimidazole analogue";"";"Small molecule";"";"356.25";"1";"1";"None";"None";"None";"None";"None";"None";"None";"None";"None";"NONE";"-1";"None";"None";"C21H20FeN2";"";"";"";"False";"-1";"['8a']";"["N-Ferrocenylmethyl, N'-Methyl-2-substituted Benzimidazole analogue"]"
"CHEMBL308599";"Auranofin analogue";"";"Small molecule";"";"695.50";"3";"3";"None";"None";"None";"None";"None";"None";"None";"None";"None";"NONE";"-1";"None";"None";"C20H35AuO10PS-2";"";"";"";"False";"-1";"['33']";"['Auranofin analogue']"
"CHEMBL54531";"Bis (3-chlorol-2,4-pentanedionato) (N,N-bis(2-chloroethyl)ethylenediamine)cobalt(III) Percholate";"";"Small molecule";"";"515.17";"2";"2";"None";"None";"None";"None";"None";"None";"None";"None";"None";"NONE";"-1";"None";"None";"C16H30Cl4CoN2O4";"";"";"";"False";"-1";"['18']";"['Bis (3-chlorol-2,4-pentanedionato) (N,N-bis(2-chloroethyl)ethylenediamine)cobalt(III) Percholate']"
"CHEMBL2068732";"Nickel complex";"";"Small molecule";"";"470.58";"1";"1";"None";"None";"None";"None";"None";"None";"None";"None";"None";"NONE";"-1";"None";"None";"C23H22ClNNiO4";"";"";"";"False";"-1";"['8 (Ni)']";"['4-[1-Benzyl-4-(4-chloro-benzyl)-piperidin-4-yl]-2-hydroxy-4-oxo-but-2-enoic acid; Nickel ion']"
"CHEMBL312519";"2,6-bis(nonyloxy)-1,3,5,7-tetrathia-4-platinaspiro[3.3]heptane";"";"Small molecule";"";"635.88";"6";"12";"None";"None";"None";"None";"None";"None";"None";"None";"None";"NONE";"-1";"None";"None";"C20H40O2PtS4";"";"";"";"False";"-1";"['8']";"['2,6-bis(nonyloxy)-1,3,5,7-tetrathia-4-platinaspiro[3.3]heptane']"
"CHEMBL292131";"Bis (3-n-propyl-2,4-pentanedionato) (N,N-bis(2-chloroethyl)ethylenediamine)cobalt(III) Percholate";"";"Small molecule";"";"517.42";"2";"2";"None";"None";"None";"None";"None";"None";"None";"None";"None";"NONE";"-1";"None";"None";"C21H43Cl2CoN2O4+";"";"";"";"False";"-1";"['22']";"['Bis (3-n-propyl-2,4-pentanedionato) (N,N-bis(2-chloroethyl)ethylenediamine)cobalt(III) Percholate']"
"CHEMBL71074";"Auranofin analogue";"";"Small molecule";"";"351.59";"4";"5";"None";"None";"None";"None";"None";"None";"None";"None";"None";"NONE";"-1";"None";"None";"C6H16AuClP-2";"";"";"";"False";"-1";"['41']";"['Auranofin analogue']"
"CHEMBL2146185";"Platinum complex";"";"Small molecule";"";"637.41";"6";"26";"None";"None";"None";"None";"None";"None";"None";"None";"None";"NONE";"-1";"None";"None";"C15H11B2ClF8N3Pt-";"";"";"";"False";"-1";"['in table I; pg.no.1000', '2 (Cl-)']";"["(2,2':6',2''-terpyridine)platinum (II) complex", "2,2':6,2''-Terpyridineplatinum (II) complexes"]"
"CHEMBL1628045";"Cisplatin complex";"";"Small molecule";"";"800.77";"4";"4";"None";"None";"None";"None";"None";"None";"None";"None";"None";"NONE";"-1";"None";"None";"C34H50Cl2N2O3Pt+2";"";"";"";"False";"-1";"['Cisplatin analogue (table 1)']";"['Cisplatin complex']"
"CHEMBL70275";"Gold complex of (Bis(diphenylphosphino)alkane analogue)";"";"Small molecule";"";"877.29";"3";"3";"None";"None";"None";"None";"None";"None";"None";"None";"None";"NONE";"-1";"None";"None";"C27H26Au2Cl2P2";"";"";"";"False";"-1";"['29a']";"['Gold complex of (Bis(diphenylphosphino)alkane analogue)']"
"CHEMBL371165";"Fe complex";"";"Small molecule";"";"507.42";"7";"8";"None";"None";"None";"None";"None";"None";"None";"None";"None";"NONE";"-1";"None";"None";"C29H29FeN3O2";"";"";"";"False";"-1";"['1g']";"["(2E)-3-{1-ferra-1,1'-spirobi[pentacyclo[2.2.0.0^{1,3}.0^{1,5}.0^{2,6}]hexane]-2,2',4,4'-tetraen-6-yl}-N-{4-[4-(2-methoxyphenyl)piperazin-1-yl]butyl}but-2-enamide"]"
"CHEMBL71997";"Auranofin analogue";"";"Small molecule";"";"613.88";"3";"3";"None";"None";"None";"None";"None";"None";"None";"None";"None";"NONE";"-1";"None";"None";"C24H31AuClP2-2";"";"";"";"False";"-1";"['46']";"['Auranofin analogue']"
"CHEMBL49397";"alpha-[Ru(azpy)2(NO3)2]";"";"Small molecule";"";"587.51";"1";"2";"None";"None";"None";"None";"None";"None";"None";"None";"None";"NONE";"-1";"None";"None";"C24H18N6O6Ru-2";"";"";"";"False";"-1";"['alpha-[Ru(azpy)2(NO3)2]']";"['alpha-[Ru(azpy)2(NO3)2]']"
"CHEMBL12237";"Rhodium-Chloroquine Complex";"";"Small molecule";"";"564.41";"1";"1";"None";"None";"None";"None";"None";"None";"None";"None";"None";"NONE";"-1";"None";"None";"C26H36Cl2N3Rh+";"";"";"";"False";"-1";"['CQ-Complex-1']";"['Rhodium-Chloroquine ComplexRhCl(COD)(CQ)']"
"CHEMBL194376";"trans-[Pt(OAc)2(NH3)(quin)]";"";"Small molecule";"";"459.36";"5";"10";"None";"None";"None";"None";"None";"None";"None";"None";"None";"NONE";"-1";"None";"None";"C13H16N2O4Pt";"";"";"";"False";"-1";"['trans-[Pt(OAc)2(NH3)(quin)]']";"['trans-[Pt(OAc)2(NH3)(quin)]']"
"CHEMBL293035";"N-Ferrocenylmethyl, N'-Methyl-2-substituted Benzimidazole analogue";"";"Small molecule";"";"540.25";"1";"1";"None";"None";"None";"None";"None";"None";"None";"None";"None";"NONE";"-1";"None";"None";"C23H21FeIN2S";"";"";"";"False";"-1";"['6c']";"["N-Ferrocenylmethyl, N'-Methyl-2-substituted Benzimidazole analogue"]"
"CHEMBL418538";"(Ethylenediamine)(1,10-phenanthroline)-platinum (II) dichloride Dihydrate";"";"Small molecule";"";"504.28";"1";"1";"None";"None";"None";"None";"None";"None";"None";"None";"None";"NONE";"-1";"None";"None";"C14H14Cl2N4Pt-";"";"";"";"False";"-1";"['5a']";"['(Ethylenediamine)(1,10-phenanthroline)-platinum (II) Dichloride Dihydrate']"
"CHEMBL1514553";"";"";"Small molecule";"";"606.37";"5";"8";"None";"None";"None";"None";"None";"None";"None";"None";"None";"NONE";"-1";"None";"None";"C18H32Co2N8O8-12";"";"";"";"False";"-1";"['SID4253940']";"['SID4253940']"
"CHEMBL309353";"2,6-bis(cyclohexyloxy)-1,3,5,7-tetrathia-4-platinaspiro[3.3]heptane";"";"Small molecule";"";"547.69";"6";"12";"None";"None";"None";"None";"None";"None";"None";"None";"None";"NONE";"-1";"None";"None";"C14H24O2PtS4";"";"";"";"False";"-1";"['20']";"['2,6-bis(cyclohexyloxy)-1,3,5,7-tetrathia-4-platinaspiro[3.3]heptane']"
"CHEMBL611190";"Pt(II) Complex";"";"Small molecule";"";"1088.45";"4";"4";"None";"None";"None";"None";"None";"None";"None";"None";"None";"NONE";"-1";"None";"None";"C14H38Cl6N6Pt3+4";"";"";"";"False";"-1";"['Complex V']";"['Pt(II) Complex']"
"CHEMBL71433";"Gold complex of (Bis(diphenylphosphino)alkane analogue)";"";"Small molecule";"";"935.23";"3";"3";"None";"None";"None";"None";"None";"None";"None";"None";"None";"NONE";"-1";"None";"None";"C26H20Au2Cl2F4P2";"";"";"";"False";"-1";"['10a']";"['Gold complex of (Bis(diphenylphosphino)alkane analogue)']"
"CHEMBL186506";"Gold-Chloroquine Complex";"";"Small molecule";"";"943.09";"2";"5";"None";"None";"None";"None";"None";"None";"None";"None";"None";"NONE";"-1";"None";"None";"C36H52AuCl5N6+";"";"";"";"False";"-1";"['Au-CQ Complex 5']";"['Gold-Chloroquine Complex']"
"CHEMBL2068480";"Platinum complex";"";"Small molecule";"";"436.24";"5";"9";"None";"None";"None";"None";"None";"None";"None";"None";"None";"NONE";"-1";"None";"None";"C8H18Cl2N4Pt";"";"";"";"False";"-1";"['VI']";"['trans-ptcl2(pz)(pz)']"
"CHEMBL2068563";"Platinum analogues of DemethylCantharidin";"";"Small molecule";"";"439.33";"8";"32";"None";"None";"None";"None";"None";"None";"None";"None";"None";"NONE";"-1";"None";"None";"C10H16N2O5Pt";"";"";"";"False";"-1";"['3']";"['Platinum analogues of DemethylCantharidin']"
"CHEMBL176036";"Co-ASSAM";"";"Small molecule";"";"515.25";"3";"4";"None";"None";"None";"None";"None";"None";"None";"None";"None";"NONE";"-1";"None";"None";"C18H23Co2NO9";"";"";"";"False";"-1";"['Co-ASSAM']";"['Co-ASSAM']"
"CHEMBL3648425";"";"";"Small molecule";"";"653.59";"2";"2";"None";"None";"None";"None";"None";"None";"None";"None";"None";"NONE";"-1";"None";"None";"C24H34BN5O4Re+4";"";"";"";"False";"-1";"['BDBM103918']";"['US8562945, 254']"
"CHEMBL321706";"Platinum complex";"";"Small molecule";"";"643.01";"3";"9";"None";"None";"None";"None";"None";"None";"None";"None";"None";"NONE";"-1";"None";"None";"C17H14B2F8N4Pt+4";"";"";"";"False";"-1";"['2 (Me-CN)']";"["2,2':6,2''-Terpyridineplatinum (II) complexes"]"
"CHEMBL306980";"Gold complex of (Bis(diphenylphosphino)alkane analogue)";"";"Small molecule";"";"1186.74";"3";"3";"None";"None";"None";"None";"None";"None";"None";"None";"None";"NONE";"-1";"None";"None";"C34H42Au2N4O10P2S2";"";"";"";"False";"-1";"['7a,b']";"['Gold complex of (Bis(diphenylphosphino)alkane analogue)']"
"CHEMBL98789";"1,10-Phenanthrolineplatinum (II) Benzoylthiourea Complex";"";"Small molecule";"";"683.11";"5";"7";"None";"None";"None";"None";"None";"None";"None";"None";"None";"NONE";"-1";"None";"None";"C24H28ClN4O3PtS+";"";"";"";"False";"-1";"['12']";"['1,10-Phenanthrolineplatinum (II) Benzoylthiourea Complex']"
"CHEMBL267704";"(2,2':6',2''-terpyridine)platinum (II) complex";"";"Small molecule";"";"699.05";"6";"22";"None";"None";"None";"None";"None";"None";"None";"None";"None";"NONE";"-1";"None";"None";"C20H15B2F9N4Pt+4";"";"";"";"False";"-1";"['in table I; pg.no.1000', '2 (2-F-C5H4N)']";"["(2,2':6',2''-terpyridine)platinum (II) complex", "2,2':6,2''-Terpyridineplatinum (II) complexes"]"
"CHEMBL49677";"alpha-[Ru(azpy)2Cl2]";"";"Small molecule";"";"534.41";"1";"2";"None";"None";"None";"None";"None";"None";"None";"None";"None";"NONE";"-1";"None";"None";"C24H18Cl2N4Ru+2";"";"";"";"False";"-1";"['alpha-[Ru(azpy)2Cl2]']";"['alpha-[Ru(azpy)2Cl2]']"
"CHEMBL303726";"Auranofin analogue HCl";"";"Small molecule";"";"406.27";"3";"3";"None";"None";"None";"None";"None";"None";"None";"None";"None";"NONE";"-1";"None";"None";"C7H20AuN3PS-2";"";"";"";"False";"-1";"['18']";"['Auranofin analogue HCl']"
"CHEMBL305879";"Auranofin analogue";"";"Small molecule";"";"387.62";"3";"3";"None";"None";"None";"None";"None";"None";"None";"None";"None";"NONE";"-1";"None";"None";"C9H16AuClP-2";"";"";"";"False";"-1";"['48']";"['Auranofin analogue']"
"CHEMBL75710";"1-(2,4-Dihydroxyphenyl)-3-ferrocenyl-2-propen-1-one";"";"Small molecule";"";"348.18";"1";"1";"None";"None";"None";"None";"None";"None";"None";"None";"None";"NONE";"-1";"None";"None";"C19H16FeO3";"";"";"";"False";"-1";"['8']";"['1-(2,4-Dihydroxyphenyl)-3-ferrocenyl-2-propen-1-one']"
"CHEMBL2368604";"[Ru(imidazolidine)6](CF3SO3)2";"";"Unknown";"";"1488.12";"1";"1";"None";"None";"None";"None";"None";"None";"None";"None";"None";"NONE";"-1";"None";"None";"C30H36F18N12O18RuS6";"";"";"";"False";"-1";"['1c']";"['[Ru(imidazolidine)6](CF3SO3)2']"
"CHEMBL405707";"4'-chloro-2,2':6,2''-Terpyridineplatinum (II) complex";"";"Small molecule";"";"1286.95";"3";"8";"None";"None";"None";"None";"None";"None";"None";"None";"None";"NONE";"-1";"None";"None";"C42H32N12O12Pt2+8";"";"";"";"False";"-1";"['3 (trans-CH=CH)']";"["4'-chloro-2,2':6,2''-Terpyridineplatinum (II) complexes"]"
"CHEMBL295087";"8,8-dimethyl-8,12b-dihydro-7b,12c-diazoniabenzo[a]aceanthrylen-12b-ol(gold(III)complex) with Phosphorous hexa fluoride";"";"Small molecule";"";"632.30";"3";"5";"None";"None";"None";"None";"None";"None";"None";"None";"None";"NONE";"-1";"None";"None";"C19H18AuF6N2OP+";"";"";"";"False";"-1";"['[Au(bipy-H)(OH)][PF6]']";"['8,8-dimethyl-8,12b-dihydro-7b,12c-diazoniabenzo[a]aceanthrylen-12b-ol(gold(III)complex) with Phosphorous hexa fluoride']"
"CHEMBL96660";"2-Mercaptoimidazole Bis[(4'-chloro-2,2':6',2''-terpyridine)platinum (II)] Trinitrate";"";"Small molecule";"";"1086.74";"2";"5";"None";"None";"None";"None";"None";"None";"None";"None";"None";"NONE";"-1";"None";"None";"C33H23Cl2N9O3Pt2S+8";"";"";"";"False";"-1";"['5']";"["2-Mercaptoimidazole Bis[(4'-chloro-2,2':6',2''-terpyridine)platinum (II)] Trinitrate"]"
"CHEMBL433315";"1-(2,4-Dimethoxyphenyl)-3-ferrocenyl-2-propen-1-one";"";"Small molecule";"";"376.23";"1";"1";"None";"None";"None";"None";"None";"None";"None";"None";"None";"NONE";"-1";"None";"None";"C21H20FeO3";"";"";"";"False";"-1";"['3']";"['1-(2,4-Dimethoxyphenyl)-3-ferrocenyl-2-propen-1-one']"
"CHEMBL13382";"Platinum complex";"";"Small molecule";"";"617.98";"1";"1";"None";"None";"None";"None";"None";"None";"None";"None";"None";"NONE";"-1";"None";"None";"C21H15ClN4O2PtS+3";"";"";"";"False";"-1";"['2e']";"["(4-NitroThiophenolato)(2,2':6',2''-terpyridine)platinum (II) Chloride Dihydrate"]"
"CHEMBL226288";"Gold complex of (Bis(diphenylphosphino)alkane analogue)";"";"Small molecule";"";"1604.41";"3";"3";"None";"None";"None";"None";"None";"None";"None";"None";"None";"NONE";"-1";"None";"None";"C42H46Au4Cl4P4";"";"";"";"False";"-1";"['64a']";"['Gold complex of (Bis(diphenylphosphino)alkane analogue)']"
"CHEMBL1341902";"";"";"Small molecule";"";"376.33";"50";"94";"None";"None";"None";"None";"None";"None";"None";"None";"None";"NONE";"-1";"None";"None";"C22H28FeN2";"";"";"";"False";"-1";"['SID26669877', 'SID26670148']";"['SID26669877', 'SID26670148']"
"CHEMBL611441";"Gold complex of (Bis(diphenylphosphino)alkane analogue)";"";"Small molecule";"";"1007.09";"3";"3";"None";"None";"None";"None";"None";"None";"None";"None";"None";"NONE";"-1";"None";"None";"C26H26Au2Cl6P2";"";"";"";"False";"-1";"['39a']";"['Gold complex of (Bis(diphenylphosphino)alkane analogue)']"
"CHEMBL611453";"thiophene-2-carbaldehyde N-(2,4-difluorophenyl)thiosemicarbazone with PdCl2 complex";"";"Small molecule";"";"474.68";"1";"1";"None";"None";"None";"None";"None";"None";"None";"None";"None";"NONE";"-1";"None";"None";"C12H9Cl2F2N3PdS2+2";"";"";"";"False";"-1";"['4a']";"['thiophene-2-carbaldehyde N-(2,4-difluorophenyl)thiosemicarbazone with PdCl2 complex']"
"CHEMBL93925";"Platinum complex";"";"Small molecule";"";"645.49";"2";"5";"None";"None";"None";"None";"None";"None";"None";"None";"None";"NONE";"-1";"None";"None";"C21H18N6O6Pt+3";"";"";"";"False";"-1";"['1']";"["4-Picoline-(2,2':6',2''-terpyridine)platinum (II) Dinitrate"]"
"CHEMBL1514450";"";"";"Small molecule";"";"1056.61";"2";"2";"None";"None";"None";"None";"None";"None";"None";"None";"None";"NONE";"-1";"None";"None";"C38H32Au2N8P2-8";"";"";"";"False";"-1";"['SID50109435']";"['SID50109435']"
"CHEMBL1320030";"";"";"Small molecule";"";"395.27";"9";"11";"None";"None";"None";"None";"None";"None";"None";"None";"None";"NONE";"-1";"None";"None";"C8H12N2O4Pt";"";"";"";"False";"-1";"['SID124893356', 'SID50112937']";"['SID124893356', 'SID50112937']"
"CHEMBL295441";"Rhenium complex";"";"Small molecule";"";"627.29";"2";"2";"None";"None";"None";"None";"None";"None";"None";"None";"None";"NONE";"-1";"None";"None";"C21H31ClN3OReS2+";"";"";"";"False";"-1";"['17a']";"['Rhenium Compound']"
"CHEMBL108271";"Oxorhenium (V) AADT Complex";"";"Small molecule";"";"478.66";"3";"5";"None";"None";"None";"None";"None";"None";"None";"None";"None";"NONE";"-1";"None";"None";"C11H22N3O2ReS2+";"";"";"";"False";"-1";"['3-Re']";"['Oxorhenium (V) AADT Complex']"
"CHEMBL294006";"Fe complex";"";"Small molecule";"";"584.28";"1";"1";"None";"None";"None";"None";"None";"None";"None";"None";"None";"NONE";"-1";"None";"None";"C29H25FeIN2";"";"";"";"False";"-1";"['6b']";"["N-Ferrocenylmethyl, N'-Methyl-2-substituted Benzimidazole analogue"]"
"CHEMBL2068302";"triphenylethylene platinum (II) complex";"";"Small molecule";"";"662.56";"2";"2";"None";"None";"None";"None";"None";"None";"None";"None";"None";"NONE";"-1";"None";"None";"C28H32Cl2N2Pt";"";"";"";"False";"-1";"['1Aa']";"['triphenylethylene platinum (II) complex']"
"CHEMBL177002";"camphorato platinum complex";"";"Small molecule";"";"521.52";"5";"8";"None";"None";"None";"None";"None";"None";"None";"None";"None";"NONE";"-1";"None";"None";"C17H30N2O4Pt";"";"";"";"False";"-1";"['3b']";"['camphorato platinum complex derivative']"
"CHEMBL3349402";"";"";"Small molecule";"";"508.39";"2";"2";"None";"None";"None";"None";"None";"None";"None";"None";"None";"NONE";"-1";"None";"None";"C27H32FeO6";"";"";"";"False";"-1";"['3c']";"['Artemisinin derivative']"
"CHEMBL146966";"Bis(thiocyanato)[2-(dimethylamino)methyl]phenyl-C,N]gold-(III)";"";"Small molecule";"";"447.34";"11";"16";"None";"None";"None";"None";"None";"None";"None";"None";"None";"NONE";"-1";"None";"None";"C11H12AuN3S2+";"";"";"";"False";"-1";"['2']";"['Bis(thiocyanato)[2-(dimethylamino)methyl]phenyl-C,N]gold-(III)']"
"CHEMBL70687";"Auranofin analogue";"";"Small molecule";"";"523.77";"3";"3";"None";"None";"None";"None";"None";"None";"None";"None";"None";"NONE";"-1";"None";"None";"C20H20AuClP-2";"";"";"";"False";"-1";"['55']";"['Auranofin analogue']"
"CHEMBL4107258";"";"";"Small molecule";"";"568.70";"2";"2";"None";"None";"None";"None";"None";"None";"None";"None";"None";"NONE";"-1";"None";"None";"C20H22N4O2ReS+4";"";"";"";"False";"-1";"['BDBM103908']";"['JNK3 inhibitor 5::US8562945, 241']"
"CHEMBL3142754";"";"";"Small molecule";"";"1145.84";"4";"6";"None";"None";"None";"None";"None";"None";"None";"None";"None";"NONE";"-1";"None";"None";"C42H50Cl2N5O14PPt";"";"";"";"False";"-1";"['20']";"['2-{3-{(2-Cyano-ethoxy)-[2-(2,2-diacetoxy,2,2-dichloro-imidazolidin-1-yl(platinum))-ethoxy]-phosphoryloxy}-2-[1-(5-methyl-2,4-dioxo-3,4-dihydro-2H-pyrimidin-1-yl)-ethoxy]-propoxy}-terephthalic acid dimethyl ester']"
"CHEMBL1574964";"";"";"Small molecule";"";"480.68";"7";"10";"None";"None";"None";"None";"None";"None";"None";"None";"None";"NONE";"-1";"None";"None";"C10H7Cl2N8PdS2-2";"";"";"";"False";"-1";"['SID4253090']";"['SID4253090']"
"CHEMBL2068314";"Dichlorodiacetyl oxy-(ammino acetoxy ethylammino ethanol) platinum (II)";"Dichlorodiacetyl oxy-(ammino acetoxy ethylammino ethanol) platinum(II)";"Small molecule";"";"502.21";"2";"2";"None";"None";"None";"None";"None";"None";"None";"None";"None";"NONE";"-1";"None";"None";"C8H16Cl2N2O6Pt";"";"";"";"False";"-1";"['16']";"['Dichlorodiacetyl oxy-(ammino acetoxy ethylammino ethanol) platinum (II)']"
"CHEMBL611183";"Gold complex of (Bis(diphenylphosphino)alkane analogue)";"";"Small molecule";"";"910.55";"3";"3";"None";"None";"None";"None";"None";"None";"None";"None";"None";"NONE";"-1";"None";"None";"C28H26Au2N2P2S2";"";"";"";"False";"-1";"['49a']";"['Gold complex of (Bis(diphenylphosphino)alkane analogue)']"
"CHEMBL2068291";"triphenylethylene platinum (II) complex";"";"Small molecule";"";"836.80";"2";"2";"None";"None";"None";"None";"None";"None";"None";"None";"None";"NONE";"-1";"None";"None";"C37H50Cl2N2O3Pt";"";"";"";"False";"-1";"['1Ce']";"['triphenylethylene platinum (II) complex']"
"CHEMBL1484870";"";"";"Small molecule";"";"422.84";"19";"23";"None";"None";"None";"None";"None";"None";"None";"None";"None";"NONE";"-1";"None";"None";"C8H18ClNO2PtS-2";"";"";"";"False";"-1";"['SID4254098', 'SID50109455', 'SID124878634']";"['SID4254098', 'SID50109455', 'SID124878634']"
"CHEMBL607792";"3-aminotubercidin-dichloroplatinum (II)";"3-Aminotubercidin-dichloroplatinum(II)";"Small molecule";"";"545.24";"2";"27";"None";"None";"None";"None";"None";"None";"None";"None";"None";"NONE";"-1";"None";"None";"C11H13Cl2N5O4Pt";"";"";"";"False";"-1";"['13']";"['3-aminotubercidin-dichloroplatinum (II)']"
"CHEMBL52766";"Bis (2,4-pentanedionato) (N,N-diethylethylenediamine)cobalt(III) Percholate";"";"Small molecule";"";"406.45";"2";"2";"None";"None";"None";"None";"None";"None";"None";"None";"None";"NONE";"-1";"None";"None";"C18H39CoN2O4+";"";"";"";"False";"-1";"['13']";"['Bis (2,4-pentanedionato) (N,N-diethylethylenediamine)cobalt(III) Percholate']"
"CHEMBL611439";"Gold complex of (Bis(diphenylphosphino)alkane analogue)";"";"Small molecule";"";"954.18";"3";"3";"None";"None";"None";"None";"None";"None";"None";"None";"None";"NONE";"-1";"None";"None";"C26H26Au2Br2P2";"";"";"";"False";"-1";"['45a']";"['Gold complex of (Bis(diphenylphosphino)alkane analogue)']"
"CHEMBL3143168";"";"";"Small molecule";"";"506.20";"2";"22";"None";"None";"None";"None";"None";"None";"None";"None";"None";"NONE";"-1";"None";"None";"C9H12Cl2N4O4Pt";"";"";"";"False";"-1";"['9']";"["3-amino-2'-deoxycytidine-dichloroplatinum (II)"]"
"CHEMBL2068467";"Platinum complex";"";"Small molecule";"";"422.26";"3";"19";"None";"None";"None";"None";"None";"None";"None";"None";"None";"NONE";"-1";"None";"None";"C9H20Cl2N2Pt";"";"";"";"False";"-1";"['S,S']";"['2,2-dichloro-1,3-diethyl-4,6-dimethyl-1,3,2-diazaplatinumphinanetriium']"
"CHEMBL1593655";"";"";"Small molecule";"";"440.37";"5";"7";"None";"None";"None";"None";"None";"None";"None";"None";"None";"NONE";"-1";"None";"None";"C17H27CoN5O5-7";"";"";"";"False";"-1";"['SID4253935']";"['SID4253935']"
"CHEMBL435547";"Cis-Platinum (II) Conjugate";"";"Small molecule";"";"409.30";"68";"70";"None";"None";"None";"None";"None";"None";"None";"None";"None";"NONE";"-1";"None";"None";"C9H14N2O4Pt";"";"";"";"False";"-1";"['SID139931', '15']";"['SID139931', 'Cis-Platinum (II) Conjugate']"
"CHEMBL1366";"AURANOFIN";"AURANOFIN|AURANOFINA|AURANOFINE|NSC-321521|RIDAURA|SK&F 39162|SK&F-39162|SK-39162";"Small molecule";"4.0";"678.49";"124";"510";"None";"None";"None";"None";"None";"None";"None";"None";"None";"NONE";"0";"None";"None";"C20H34AuO9PS";"";"";"";"False";"0";"['auranofin', 'Auranofin', 'auranofin', 'AURANOFIN', 'AURANOFIN', 'Auranofin', 'DNDI2251294', 'AURANOFIN', 'Auranofin', 'Auronofin', 'Auranofin', '92308993', 'AURANOFIN', 'Auranofin', 'AURANOFIN', '2', 'AURANOFIN', 'AURANOFIN', 'Auranofin', 'Auranofin', 'BA1001046', 'AURANOFIN']";"['Auranofin', 'Auranofin', 'auranofin', 'AURANOFIN', 'AURANOFIN', 'Auranofin', None, 'AURANOFIN', 'Auranofin', 'Auronofin', '(1-Thio-beta-D-glucopyranosato)(triethylphosphine)gold2,3,4,6-tetraacetate', 'Auranofin', 'AURANOFIN', 'Auranofin', 'AURANOFIN', 'Auranofin', 'Auranofin', 'AURANOFIN', 'Auranofin', 'Auranofin', None, 'AURANOFIN']"
"CHEMBL326518";"AU(TERPY)";"";"Small molecule";"";"465.69";"2";"3";"None";"None";"None";"None";"None";"None";"None";"None";"None";"NONE";"-1";"None";"None";"C15H11AuClN3+3";"";"";"";"False";"-1";"['[Au(terpy)Cl]2+']";"['Au(terpy)']"
"CHEMBL2103737";"HYDROXOCOBALAMIN";"ALPHAREDISOL|COBALIN-H|CYANOKIT|HEPAVIT|HIDROXOCOBALAMINA|HYDROXOCOBALAMIN|HYDROXOCOBALAMIN ACETATE|HYDROXOCOBALAMIN ANHYDROUS|HYDROXOCOBALAMINE|HYDROXOCOBALAMINUM ANHYDROUS|HYDROXOCOBEMINE|HYDROXOMIN|HYDROXYCOBALAMIN|MEGAMILBEDOCE|NEO-CYTAMEN";"Small molecule";"4.0";"1346.38";"60";"84";"None";"None";"None";"None";"None";"None";"None";"None";"None";"NONE";"0";"None";"None";"C62H89CoN13O15P";"";"";"";"False";"0";"['HYDROXOCOBALAMIN', 'hydroxocobalamin', 'HYDROXOCOBALAMIN', 'hydroxocobalamin', 'HYDROXOCOBALAMIN', 'HYDROXOCOBALAMIN', 'HYDROXOCOBALAMIN', 'HYDROXOCOBALAMIN', 'hydroxocobalamin', 'HYDROXOCOBALAMIN']";"['HYDROXOCOBALAMIN', 'hydroxocobalamin', 'HYDROXOCOBALAMIN', 'hydroxocobalamin', 'HYDROXOCOBALAMIN', 'HYDROXOCOBALAMIN', 'HYDROXOCOBALAMIN', 'HYDROXOCOBALAMIN', 'hydroxocobalamin', 'HYDROXOCOBALAMIN']"
"CHEMBL1351";"CARBOPLATIN";"CARBOPLATIN|CARBOPLATINE|CARBOPLATINO|CARBOPLATINUM|JM-8|NSC-201345|NSC-241240|PARAPLATIN";"Small molecule";"4.0";"371.25";"247";"2677";"None";"None";"None";"None";"None";"None";"None";"None";"None";"NONE";"0";"None";"None";"C6H12N2O4Pt";"";"";"";"False";"0";"['Carboplatin', 'carboplatin', 'Carboplatin', 'Carboplatin', 'Carboplatin', 'Carboplatin', 'carboplatin', 'SID26748613', 'carboplatin', 'Carboplatin', 'Carboplatin', 'Carboplatin', 'Carboplatin', 'Carboplatin', 'SID170464868', 'Carboplatin', 'carboplatin', 'Carboplatin', 'SID26748615', 'carboplatin', 'carboplatin', 'carboplatin', 'SID568180', 'CARBOPLATINE', 'SID144206139', 'Carboplatin', '3', 'Carboplatin', 'CARBOPLATIN', 'carboplatin', 'carboplatin', 'Carboplatin', 'carboplatin', 'Carboplatin', 'Carboplatin', 'Carboplatin', 'Carboplatin', 'Carboplatin', 'Carboplatin', 'Carboplatin', 'Carboplatin', 'CARBOPLATIN', 'CARBOPLATIN', 'SID50112939', 'CARBOPLATIN', 'CARBOPLATIN', 'Carboplatin', 'Carboplatin', 'SID26748614', 'SID50110983', 'CARBOPLATIN', 'carboplatin', 'CARBOPLATIN', 'CARBOPLATIN', 'CARBOPLATIN', 'carboplatin', 'CARBOPLATIN']";"['Carboplatin', 'carboplatin', 'Carboplatin', 'Carboplatin', 'Carboplatin', 'Carboplatin', 'carboplatin', 'SID26748613', 'Carboplatin', 'Carboplatin', 'Carboplatin', 'Carboplatin', 'Carboplatin', 'Carboplatin', 'SID170464868', 'carboplatin', '7,7-Diamino-6,8-dioxa-spiro[3.5]nonane-5,9-dione', 'cis-Diamineplatinum (II) Complex', 'SID26748615', 'carboplatin', 'carboplatin', 'carboplatin', 'SID568180', 'CARBOPLATINE', 'SID144206139', 'azane; cyclobutane-1,1-dicarboxylic acid; platinum', 'Cis-Platinum (II) Conjugate', "diammine[1,1-cyclobutanedicarboxylato-o,o']platinum", 'Carboplatin', 'carboplatin', 'carboplatin', 'Pt(II) Complex', 'Carboplatin', 'Carboplatin', 'Platinum (II) complex', 'Carboplatin', 'Carboplatin', 'Carboplatin', 'Carboplatin', 'Platinum complex', 'Carboplatin', 'CARBOPLATIN', 'CARBOPLATIN', 'SID50112939', 'CARBOPLATIN', 'CARBOPLATIN', 'Carboplatin', 'Carboplatin', 'SID26748614', 'SID50110983', 'CARBOPLATIN', 'carboplatin', 'CARBOPLATIN', 'CARBOPLATIN', 'CARBOPLATIN', 'carboplatin', 'CARBOPLATIN']"
"CHEMBL2068310";"Tetrachlorodi(4-hydroxybutylamine)platinum(IV)";"";"Small molecule";"";"513.15";"4";"6";"None";"None";"None";"None";"None";"None";"None";"None";"None";"NONE";"-1";"None";"None";"C8H20Cl4N2O2Pt";"";"";"";"False";"-1";"['7']";"['Tetrachlorodi(4-hydroxybutylamine)platinum(IV)']"
"CHEMBL5832715";"";"";"";"";"567.39";"1";"3";"None";"None";"None";"None";"None";"None";"None";"None";"None";"NONE";"-1";"None";"None";"C26H25FeN9O3";"";"";"";"False";"-1";"['BDBM434827']";"['US10577368, Compound 112']"
