chembl_id,chemical_formula,ic50_nM,pIC50,assay_description,target_name,inchi,inchi_key,computed_molecular_weight,total_atom_count,net_charge,metal_Au,metal_Fe,metal_Os,metal_Pd,metal_Pt,metal_Ru
CHEMBL1169454,C36H30N4O8Pt+2,280.0,6.55,Compound was tested for inhibitory activity against A2780 human ovarian carcinoma cell line; activity expressed in Mean IC50 values,A2780,,,841.736,79,2,0,0,0,0,1,0
CHEMBL1169454,C36H30N4O8Pt+2,1000.0,6.0,Compound was tested for inhibitory activity against A2780cisR human ovarian carcinoma cell line; activity expressed in Mean IC50 values,A2780,,,841.736,79,2,0,0,0,0,1,0
CHEMBL1169454,C36H30N4O8Pt+2,350.0,6.46,Compound was tested for inhibitory activity against CH1 human ovarian carcinoma cell line; activity expressed in Mean IC50 values,CH1,,,841.736,79,2,0,0,0,0,1,0
CHEMBL1169454,C36H30N4O8Pt+2,600.0,6.22,Compound was tested for inhibitory activity against CH1cisR human ovarian carcinoma cell line; activity expressed in Mean IC50 values,CH1,,,841.736,79,2,0,0,0,0,1,0
CHEMBL2146195,C30H26Cl2N4O4Pt,250.0,6.6,Compound was tested for inhibitory activity against A2780 human ovarian carcinoma cell line; activity expressed in Mean IC50 values,A2780,,,772.542,67,0,0,0,0,0,1,0
CHEMBL2146195,C30H26Cl2N4O4Pt,800.0,6.1,Compound was tested for inhibitory activity against A2780cisR human ovarian carcinoma cell line; activity expressed in Mean IC50 values,A2780,,,772.542,67,0,0,0,0,0,1,0
CHEMBL2146195,C30H26Cl2N4O4Pt,270.0,6.57,Compound was tested for inhibitory activity against CH1 human ovarian carcinoma cell line; activity expressed in Mean IC50 values,CH1,,,772.542,67,0,0,0,0,0,1,0
CHEMBL2146195,C30H26Cl2N4O4Pt,450.0,6.35,Compound was tested for inhibitory activity against CH1cisR human ovarian carcinoma cell line; activity expressed in Mean IC50 values,CH1,,,772.542,67,0,0,0,0,0,1,0
CHEMBL118385,C12H8AuCl2N2+2,3800.0,5.42,cytotoxic activity toward A2780 ovarian human cell line sensitive (S) to cisplatin in experiment 5,A2780,,,448.08,25,2,1,0,0,0,0,0
CHEMBL118385,C12H8AuCl2N2+2,3490.0,5.46,cytotoxic activity toward A2780 ovarian human cell line resistant (R) to cisplatin in experiment 5,A2780,,,448.08,25,2,1,0,0,0,0,0
CHEMBL332792,C10H20AuN4,99000.0,4.0,cytotoxic activity toward A2780 ovarian human cell line sensitive (S) to cisplatin in experiment 2,A2780,,,393.268,35,0,1,0,0,0,0,0
CHEMBL332792,C10H20AuN4,120000.0,3.9208187539523753,cytotoxic activity toward A2780 ovarian human cell line resistant (R) to cisplatin in experiment 2,A2780,,,393.268,35,0,1,0,0,0,0,0
CHEMBL326518,C15H11AuClN3+3,200.0,6.7,cytotoxic activity toward A2780 ovarian human cell line sensitive (S) to cisplatin in experiment 1,A2780,,,465.694,31,3,1,0,0,0,0,0
CHEMBL326518,C15H11AuClN3+3,370.0,6.43,cytotoxic activity toward A2780 ovarian human cell line resistant (R) to cisplatin in experiment 3,A2780,,,465.694,31,3,1,0,0,0,0,0
CHEMBL164788,C14H24Cl2N2O4Pt,3000.0,5.52,Cytotoxicity against chronic myelogenous leukemia K562 tumor cell lines,K562,,,550.336,47,0,0,0,0,0,1,0
CHEMBL164788,C14H24Cl2N2O4Pt,2000.0,5.7,Cytotoxicity against chronic myelogenous leukemia KG-1 tumor cell lines,KG-1,,,550.336,47,0,0,0,0,0,1,0
CHEMBL164788,C14H24Cl2N2O4Pt,1000.0,6.0,Cytotoxicity against acute myelogenous leukemia ML-2 tumor cell lines,ML-2,,,550.336,47,0,0,0,0,0,1,0
CHEMBL164788,C14H24Cl2N2O4Pt,12000.0,4.92,Cytotoxicity against colon cancer HT29N tumor cell lines,HT-29,,,550.336,47,0,0,0,0,0,1,0
CHEMBL164788,C14H24Cl2N2O4Pt,8000.0,5.1,Cytotoxicity against colon cancer HT-29 tumor cell lines,HT-29,,,550.336,47,0,0,0,0,0,1,0
CHEMBL164788,C14H24Cl2N2O4Pt,9000.0,5.05,Cytotoxicity against colon cancer HCT116 tumor cell lines,HCT-116,,,550.336,47,0,0,0,0,0,1,0
CHEMBL164788,C14H24Cl2N2O4Pt,6000.0,5.22,Cytotoxicity against lung carcinoma A427 tumor cell lines,A-427,,,550.336,47,0,0,0,0,0,1,0
CHEMBL164788,C14H24Cl2N2O4Pt,6000.0,5.22,Cytotoxicity against breast carcinoma HBL100 tumor cell lines,HBL-100,,,550.336,47,0,0,0,0,0,1,0
CHEMBL164788,C14H24Cl2N2O4Pt,8000.0,5.1,Cytotoxicity against breast carcinoma MCF-7 tumor cell lines,MCF7,,,550.336,47,0,0,0,0,0,1,0
CHEMBL164788,C14H24Cl2N2O4Pt,25000.0,4.6,Cytotoxicity against lung carcinoma COR-L23/CTR tumor cell lines,COR-L23,,,550.336,47,0,0,0,0,0,1,0
CHEMBL164788,C14H24Cl2N2O4Pt,4000.0,5.4,Cytotoxicity against ovarian carcinoma A2780 tumor cell lines,A2780,,,550.336,47,0,0,0,0,0,1,0
CHEMBL164788,C14H24Cl2N2O4Pt,3000.0,5.52,Cytotoxicity against ovarian carcinoma A2780/cis tumor cell lines,A2780,,,550.336,47,0,0,0,0,0,1,0
CHEMBL164788,C14H24Cl2N2O4Pt,7000.0,5.16,Cytotoxicity against ovarian carcinoma A2780/cis90 tumor cell lines,A2780,,,550.336,47,0,0,0,0,0,1,0
CHEMBL2068467,C9H20Cl2N2Pt,18000.0,4.75,Inhibitory concentration was measured on human bladder cell line,Homo sapiens,,,422.253,34,0,0,0,0,0,1,0
CHEMBL2068468,C9H20Cl2N2Pt,22000.0,4.66,Inhibitory concentration was measured on human bladder cell line,Homo sapiens,,,422.253,34,0,0,0,0,0,1,0
CHEMBL608256,C19H25ClN6PtS,130.0,6.89,Cytotoxicity against HL-60 leukemia cells,HL-60,,,600.0409999999999,53,0,0,0,0,0,1,0
CHEMBL608255,C17H20ClN5PtS,75000.0,4.12,Cytotoxicity against HL-60 leukemia cells,HL-60,,,556.972,45,0,0,0,0,0,1,0
CHEMBL96737,C32H25N8O3Pt2S+7,5700.0,5.24,50% Growth inhibition on NCH37 glioma cell lines,NCH82,,,991.8249999999998,71,7,0,0,0,0,1,0
CHEMBL96737,C32H25N8O3Pt2S+7,3900.0,5.41,50% Growth inhibition on NCH82 glioma cell lines,NCH37,,,991.8249999999998,71,7,0,0,0,0,1,0
CHEMBL96737,C32H25N8O3Pt2S+7,2500.0,5.6,50% Growth inhibition on NCH89 glioma cell lines,NCH89,,,991.8249999999998,71,7,0,0,0,0,1,0
CHEMBL96737,C32H25N8O3Pt2S+7,4800.0,5.32,50% Growth inhibition on HNO97 head and neck squamous carcinoma cell lines,HNO 97 cell line,,,991.8249999999998,71,7,0,0,0,0,1,0
CHEMBL94699,C20H14ClN5O3PtS+3,10500.0,4.98,50% Growth inhibition on NCH37 glioma cell lines,NCH82,,,634.954,45,3,0,0,0,0,1,0
CHEMBL94699,C20H14ClN5O3PtS+3,7400.0,5.13,50% Growth inhibition on NCH82 glioma cell lines,NCH37,,,634.954,45,3,0,0,0,0,1,0
CHEMBL94699,C20H14ClN5O3PtS+3,2500.0,5.6,50% Growth inhibition on NCH89 glioma cell lines,NCH89,,,634.954,45,3,0,0,0,0,1,0
CHEMBL94699,C20H14ClN5O3PtS+3,5500.0,5.26,50% Growth inhibition on HNO97 head and neck squamous carcinoma cell lines,HNO 97 cell line,,,634.954,45,3,0,0,0,0,1,0
CHEMBL98681,C10H22Cl4N4Pt2,15000.0,4.82,Cytotoxic potency against human HeLa cell line expressed as inhibitory concentration,HeLa,,,730.2740000000001,42,0,0,0,0,0,1,0
CHEMBL98681,C10H22Cl4N4Pt2,20000.0,4.7,Cytotoxic potency against human HSC-3 cell line expressed as inhibitory concentration,HSC-3,,,730.2740000000001,42,0,0,0,0,0,1,0
CHEMBL98681,C10H22Cl4N4Pt2,35000.0,4.46,Cytotoxic potency against human THP-1 cell line expressed as inhibitory concentration,THP-1,,,730.2740000000001,42,0,0,0,0,0,1,0
CHEMBL98681,C10H22Cl4N4Pt2,37000.0,4.43,Cytotoxic potency against human MOLT-3 cell line expressed as inhibitory concentration,MOLT-3,,,730.2740000000001,42,0,0,0,0,0,1,0
CHEMBL98681,C10H22Cl4N4Pt2,30000.0,4.52,Cytotoxic potency against human CCRF-CEM cell line expressed as inhibitory concentration,CCRF-CEM,,,730.2740000000001,42,0,0,0,0,0,1,0
CHEMBL98681,C10H22Cl4N4Pt2,145000.0,3.838631997765025,Cytotoxic potency against human L-132 cell line expressed as inhibitory concentration,L132,,,730.2740000000001,42,0,0,0,0,0,1,0
CHEMBL611448,C14H44Cl12N6Pt3,20000.0,4.7,Cytotoxic potency against human HeLa cell line expressed as inhibitory concentration,HeLa,,,1307.188,79,0,0,0,0,0,1,0
CHEMBL611448,C14H44Cl12N6Pt3,96000.0,4.02,Cytotoxic potency against human HSC-3 cell line expressed as inhibitory concentration,HSC-3,,,1307.188,79,0,0,0,0,0,1,0
CHEMBL611448,C14H44Cl12N6Pt3,130000.0,3.886056647693163,Cytotoxic potency against human THP-1 cell line expressed as inhibitory concentration,THP-1,,,1307.188,79,0,0,0,0,0,1,0
CHEMBL611448,C14H44Cl12N6Pt3,128000.0,3.892790030352132,Cytotoxic potency against human MOLT-3 cell line expressed as inhibitory concentration,MOLT-3,,,1307.188,79,0,0,0,0,0,1,0
CHEMBL611448,C14H44Cl12N6Pt3,125000.0,3.903089986991944,Cytotoxic potency against human CCRF-CEM cell line expressed as inhibitory concentration,CCRF-CEM,,,1307.188,79,0,0,0,0,0,1,0
CHEMBL611448,C14H44Cl12N6Pt3,100000.0,4.0,Cytotoxic potency against human L-132 cell line expressed as inhibitory concentration,L132,,,1307.188,79,0,0,0,0,0,1,0
CHEMBL611447,C15H42Cl8N6Pt3+4,13000.0,4.89,Cytotoxic potency against human HeLa cell line expressed as inhibitory concentration,HeLa,,,1175.383,74,4,0,0,0,0,1,0
CHEMBL611447,C15H42Cl8N6Pt3+4,20000.0,4.7,Cytotoxic potency against human HSC-3 cell line expressed as inhibitory concentration,HSC-3,,,1175.383,74,4,0,0,0,0,1,0
CHEMBL611447,C15H42Cl8N6Pt3+4,97000.0,4.01,Cytotoxic potency against human THP-1 cell line expressed as inhibitory concentration,THP-1,,,1175.383,74,4,0,0,0,0,1,0
CHEMBL611447,C15H42Cl8N6Pt3+4,90000.0,4.05,Cytotoxic potency against human MOLT-3 cell line expressed as inhibitory concentration,MOLT-3,,,1175.383,74,4,0,0,0,0,1,0
CHEMBL611447,C15H42Cl8N6Pt3+4,83000.0,4.08,Cytotoxic potency against human CCRF-CEM cell line expressed as inhibitory concentration,CCRF-CEM,,,1175.383,74,4,0,0,0,0,1,0
CHEMBL611447,C15H42Cl8N6Pt3+4,104000.0,3.98296666070122,Cytotoxic potency against human L-132 cell line expressed as inhibitory concentration,L132,,,1175.383,74,4,0,0,0,0,1,0
CHEMBL611446,C8H22Cl6N6Pt3,62000.0,4.21,Cytotoxic potency against human HeLa cell line expressed as inhibitory concentration,HeLa,,,1000.246,45,0,0,0,0,0,1,0
CHEMBL611446,C8H22Cl6N6Pt3,14000.0,4.85,Cytotoxic potency against human THP-1 cell line expressed as inhibitory concentration,THP-1,,,1000.246,45,0,0,0,0,0,1,0
CHEMBL611446,C8H22Cl6N6Pt3,18000.0,4.75,Cytotoxic potency against human MOLT-3 cell line expressed as inhibitory concentration,MOLT-3,,,1000.246,45,0,0,0,0,0,1,0
CHEMBL611446,C8H22Cl6N6Pt3,135000.0,3.869666231504994,Cytotoxic potency against human L-132 cell line expressed as inhibitory concentration,L132,,,1000.246,45,0,0,0,0,0,1,0
CHEMBL98680,C14H32Cl6N6Pt3,5000.0,5.3,Cytotoxic potency against human HeLa cell line expressed as inhibitory concentration,HeLa,,,1082.392,61,0,0,0,0,0,1,0
CHEMBL98680,C14H32Cl6N6Pt3,11000.0,4.96,Cytotoxic potency against human HSC-3 cell line expressed as inhibitory concentration,HSC-3,,,1082.392,61,0,0,0,0,0,1,0
CHEMBL98680,C14H32Cl6N6Pt3,30000.0,4.52,Cytotoxic potency against human THP-1 cell line expressed as inhibitory concentration,THP-1,,,1082.392,61,0,0,0,0,0,1,0
CHEMBL98680,C14H32Cl6N6Pt3,50000.0,4.3,Cytotoxic potency against human MOLT-3 cell line expressed as inhibitory concentration,MOLT-3,,,1082.392,61,0,0,0,0,0,1,0
CHEMBL98680,C14H32Cl6N6Pt3,78000.0,4.11,Cytotoxic potency against human CCRF-CEM cell line expressed as inhibitory concentration,CCRF-CEM,,,1082.392,61,0,0,0,0,0,1,0
CHEMBL98680,C14H32Cl6N6Pt3,120000.0,3.9208187539523753,Cytotoxic potency against human L-132 cell line expressed as inhibitory concentration,L132,,,1082.392,61,0,0,0,0,0,1,0
CHEMBL611190,C14H38Cl6N6Pt3+4,45000.0,4.35,Cytotoxic potency against human HeLa cell line expressed as inhibitory concentration,HeLa,,,1088.44,67,4,0,0,0,0,1,0
CHEMBL611190,C14H38Cl6N6Pt3+4,10000.0,5.0,Cytotoxic potency against human THP-1 cell line expressed as inhibitory concentration,THP-1,,,1088.44,67,4,0,0,0,0,1,0
CHEMBL611190,C14H38Cl6N6Pt3+4,6000.0,5.22,Cytotoxic potency against human MOLT-3 cell line expressed as inhibitory concentration,MOLT-3,,,1088.44,67,4,0,0,0,0,1,0
CHEMBL611190,C14H38Cl6N6Pt3+4,50000.0,4.3,Cytotoxic potency against human L-132 cell line expressed as inhibitory concentration,L132,,,1088.44,67,4,0,0,0,0,1,0
CHEMBL611189,C12H34Cl6N6Pt3+4,137000.0,3.8632794328435938,Cytotoxic potency against human HeLa cell line expressed as inhibitory concentration,HeLa,,,1060.386,61,4,0,0,0,0,1,0
CHEMBL611189,C12H34Cl6N6Pt3+4,12000.0,4.92,Cytotoxic potency against human THP-1 cell line expressed as inhibitory concentration,THP-1,,,1060.386,61,4,0,0,0,0,1,0
CHEMBL611189,C12H34Cl6N6Pt3+4,15000.0,4.82,Cytotoxic potency against human MOLT-3 cell line expressed as inhibitory concentration,MOLT-3,,,1060.386,61,4,0,0,0,0,1,0
CHEMBL611189,C12H34Cl6N6Pt3+4,83000.0,4.08,Cytotoxic potency against human L-132 cell line expressed as inhibitory concentration,L132,,,1060.386,61,4,0,0,0,0,1,0
CHEMBL1351,C6H12N2O4Pt,3000.0,5.52,Cytotoxic potency against human HSC-3 cell line expressed as inhibitory concentration,HSC-3,,,371.252,25,0,0,0,0,0,1,0
CHEMBL2068331,C6H12Cl2N2Pt,5900.0,5.23,In vitro cytotoxicity was determined by using cultures of human lung (PC9) cancer cells by MTT assay,PC-9,,,378.15600000000006,23,0,0,0,0,0,1,0
CHEMBL2068331,C6H12Cl2N2Pt,16000.0,4.8,In vitro cytotoxicity was determined by using cultures of human resistant lung (PC9cisR) cancer cells by MTT assay,PC-9,,,378.15600000000006,23,0,0,0,0,0,1,0
CHEMBL2068331,C6H12Cl2N2Pt,2900.0,5.54,In vitro cytotoxicity was determined by using cultures of human prostate (DU145) cancer cells by MTT assay,DU-145,,,378.15600000000006,23,0,0,0,0,0,1,0
CHEMBL2068331,C6H12Cl2N2Pt,11000.0,4.96,In vitro cytotoxicity was determined by using cultures of human lung (PC9) cancer cells by SRB assay,PC-9,,,378.15600000000006,23,0,0,0,0,0,1,0
CHEMBL2068331,C6H12Cl2N2Pt,27300.0,4.56,In vitro cytotoxicity was determined by using cultures of human resistant lung (PC9cisR) cancer cells by SRB assay,PC-9,,,378.15600000000006,23,0,0,0,0,0,1,0
CHEMBL2068331,C6H12Cl2N2Pt,3300.0,5.48,In vitro cytotoxicity was determined by using cultures of human prostate (DU145) cancer cells by SRB assay,DU-145,,,378.15600000000006,23,0,0,0,0,0,1,0
CHEMBL2068330,C6H12Cl2N2Pt,3000.0,5.52,In vitro cytotoxicity was determined by using cultures of human lung (PC9) cancer cells by MTT assay,PC-9,,,378.15600000000006,23,0,0,0,0,0,1,0
CHEMBL2068330,C6H12Cl2N2Pt,15500.0,4.81,In vitro cytotoxicity was determined by using cultures of human resistant lung (PC9cisR) cancer cells by MTT assay,PC-9,,,378.15600000000006,23,0,0,0,0,0,1,0
CHEMBL2068330,C6H12Cl2N2Pt,3400.0,5.47,In vitro cytotoxicity was determined by using cultures of human prostate (DU145) cancer cells by MTT assay,DU-145,,,378.15600000000006,23,0,0,0,0,0,1,0
CHEMBL2068330,C6H12Cl2N2Pt,11700.0,4.93,In vitro cytotoxicity was determined by using cultures of human lung (PC9) cancer cells by SRB assay,PC-9,,,378.15600000000006,23,0,0,0,0,0,1,0
CHEMBL2068330,C6H12Cl2N2Pt,25000.0,4.6,In vitro cytotoxicity was determined by using cultures of human resistant lung (PC9cisR) cancer cells by SRB assay,PC-9,,,378.15600000000006,23,0,0,0,0,0,1,0
CHEMBL2068330,C6H12Cl2N2Pt,3700.0,5.43,In vitro cytotoxicity was determined by using cultures of human prostate (DU145) cancer cells by SRB assay,DU-145,,,378.15600000000006,23,0,0,0,0,0,1,0
CHEMBL611449,C20H29ClN6PtS+2,10.0,8.0,Clonogenic survival activity against human leukemia (HL-60) cells; 0.01-10 range,HL-60,,,616.0840000000001,58,2,0,0,0,0,1,0
CHEMBL611449,C20H29ClN6PtS+2,10.0,8.0,"Clonogenic survival activity against human ovarian cancer cells (2008, C13*) cells; 0.01-10 range",Ovarian cancer cell line,,,616.0840000000001,58,2,0,0,0,0,1,0
CHEMBL2146196,C8H16Cl2N2O2Pt,10900.0,4.96,In vitro cytotoxicity against lung cancer A 549 cell lines,A549,,,438.208,31,0,0,0,0,0,1,0
CHEMBL2146196,C8H16Cl2N2O2Pt,7800.0,5.11,In vitro cytotoxicity against ovarian cancer SK-OV-3 cell lines,SK-OV-3,,,438.208,31,0,0,0,0,0,1,0
CHEMBL2146196,C8H16Cl2N2O2Pt,6200.0,5.21,In vitro cytotoxicity against CNS cancer XF 498 cell lines,XF498,,,438.208,31,0,0,0,0,0,1,0
CHEMBL1351,C6H12N2O4Pt,37700.0,4.42,In vitro cytotoxicity against lung cancer A 549 cell lines,A549,,,371.252,25,0,0,0,0,0,1,0
CHEMBL1351,C6H12N2O4Pt,13900.0,4.86,In vitro cytotoxicity against ovarian cancer SK-OV-3 cell lines,SK-OV-3,,,371.252,25,0,0,0,0,0,1,0
CHEMBL1351,C6H12N2O4Pt,13600.0,4.87,In vitro cytotoxicity against CNS cancer XF 498 cell lines,XF498,,,371.252,25,0,0,0,0,0,1,0
CHEMBL1627579,C33H48Cl2N2O3Pt+2,8600.0,5.07,In vitro inhibition of estrogen receptor negative human breast cancer MDA-MB-231 cell proliferation,MDA-MB-231,,,786.738,89,2,0,0,0,0,1,0
CHEMBL1627579,C33H48Cl2N2O3Pt+2,2700.0,5.57,In vitro inhibition of estrogen receptor negative human breast cancer Hs 578.T cell proliferation,Hs-578T,,,786.738,89,2,0,0,0,0,1,0
CHEMBL1627579,C33H48Cl2N2O3Pt+2,5800.0,5.24,In vitro inhibition of estrogen receptor positive human breast cancer MCF-7 cell proliferation,MCF7,,,786.738,89,2,0,0,0,0,1,0
CHEMBL1627579,C33H48Cl2N2O3Pt+2,4200.0,5.38,In vitro inhibition of estrogen receptor positive human breast cancer ZR-75-1 cell proliferation,ZR-75-1,,,786.738,89,2,0,0,0,0,1,0
CHEMBL1627945,C30H42Cl2N2O3Pt+2,18500.0,4.73,In vitro inhibition of estrogen receptor negative human breast cancer MDA-MB-231 cell proliferation,MDA-MB-231,,,744.657,80,2,0,0,0,0,1,0
CHEMBL1627945,C30H42Cl2N2O3Pt+2,28000.0,4.55,In vitro inhibition of estrogen receptor negative human breast cancer Hs 578.T cell proliferation,Hs-578T,,,744.657,80,2,0,0,0,0,1,0
CHEMBL1627945,C30H42Cl2N2O3Pt+2,31500.0,4.5,In vitro inhibition of estrogen receptor positive human breast cancer MCF-7 cell proliferation,MCF7,,,744.657,80,2,0,0,0,0,1,0
CHEMBL1627945,C30H42Cl2N2O3Pt+2,16400.0,4.79,In vitro inhibition of estrogen receptor positive human breast cancer ZR-75-1 cell proliferation,ZR-75-1,,,744.657,80,2,0,0,0,0,1,0
CHEMBL1627581,C28H38Cl2N2O3Pt+2,40000.0,4.3979400086720375,In vitro inhibition of estrogen receptor negative human breast cancer MDA-MB-231 cell proliferation,MDA-MB-231,,,716.603,74,2,0,0,0,0,1,0
CHEMBL1627581,C28H38Cl2N2O3Pt+2,40000.0,4.3979400086720375,In vitro inhibition of estrogen receptor negative human breast cancer Hs 578.T cell proliferation,Hs-578T,,,716.603,74,2,0,0,0,0,1,0
CHEMBL1627581,C28H38Cl2N2O3Pt+2,40000.0,4.3979400086720375,In vitro inhibition of estrogen receptor positive human breast cancer MCF-7 cell proliferation,MCF7,,,716.603,74,2,0,0,0,0,1,0
CHEMBL1627581,C28H38Cl2N2O3Pt+2,31500.0,4.5,In vitro inhibition of estrogen receptor positive human breast cancer ZR-75-1 cell proliferation,ZR-75-1,,,716.603,74,2,0,0,0,0,1,0
CHEMBL1627949,C29H40Cl2N2O3Pt+2,40000.0,4.3979400086720375,In vitro inhibition of estrogen receptor negative human breast cancer MDA-MB-231 cell proliferation,MDA-MB-231,,,730.63,77,2,0,0,0,0,1,0
CHEMBL1627949,C29H40Cl2N2O3Pt+2,22900.0,4.64,In vitro inhibition of estrogen receptor negative human breast cancer Hs 578.T cell proliferation,Hs-578T,,,730.63,77,2,0,0,0,0,1,0
CHEMBL1627949,C29H40Cl2N2O3Pt+2,20000.0,4.7,In vitro inhibition of estrogen receptor positive human breast cancer MCF-7 cell proliferation,MCF7,,,730.63,77,2,0,0,0,0,1,0
CHEMBL1627949,C29H40Cl2N2O3Pt+2,15800.0,4.8,In vitro inhibition of estrogen receptor positive human breast cancer ZR-75-1 cell proliferation,ZR-75-1,,,730.63,77,2,0,0,0,0,1,0
CHEMBL1628046,C32H46Cl2N2O3Pt+2,9200.0,5.04,In vitro inhibition of estrogen receptor negative human breast cancer MDA-MB-231 cell proliferation,MDA-MB-231,,,772.711,86,2,0,0,0,0,1,0
CHEMBL1628046,C32H46Cl2N2O3Pt+2,12400.0,4.91,In vitro inhibition of estrogen receptor negative human breast cancer Hs 578.T cell proliferation,Hs-578T,,,772.711,86,2,0,0,0,0,1,0
CHEMBL1628046,C32H46Cl2N2O3Pt+2,13400.0,4.87,In vitro inhibition of estrogen receptor positive human breast cancer MCF-7 cell proliferation,MCF7,,,772.711,86,2,0,0,0,0,1,0
CHEMBL1628046,C32H46Cl2N2O3Pt+2,9300.0,5.03,In vitro inhibition of estrogen receptor positive human breast cancer ZR-75-1 cell proliferation,ZR-75-1,,,772.711,86,2,0,0,0,0,1,0
CHEMBL1627577,C35H52Cl2N2O3Pt+2,4700.0,5.33,In vitro inhibition of estrogen receptor negative human breast cancer MDA-MB-231 cell proliferation,MDA-MB-231,,,814.792,95,2,0,0,0,0,1,0
CHEMBL1627577,C35H52Cl2N2O3Pt+2,3500.0,5.46,In vitro inhibition of estrogen receptor negative human breast cancer Hs 578.T cell proliferation,Hs-578T,,,814.792,95,2,0,0,0,0,1,0
CHEMBL1627577,C35H52Cl2N2O3Pt+2,4000.0,5.4,In vitro inhibition of estrogen receptor positive human breast cancer MCF-7 cell proliferation,MCF7,,,814.792,95,2,0,0,0,0,1,0
CHEMBL1627577,C35H52Cl2N2O3Pt+2,2500.0,5.6,In vitro inhibition of estrogen receptor positive human breast cancer ZR-75-1 cell proliferation,ZR-75-1,,,814.792,95,2,0,0,0,0,1,0
CHEMBL1628045,C34H50Cl2N2O3Pt+2,12700.0,4.9,In vitro inhibition of estrogen receptor negative human breast cancer MDA-MB-231 cell proliferation,MDA-MB-231,,,800.765,92,2,0,0,0,0,1,0
CHEMBL1628045,C34H50Cl2N2O3Pt+2,17300.0,4.76,In vitro inhibition of estrogen receptor negative human breast cancer Hs 578.T cell proliferation,Hs-578T,,,800.765,92,2,0,0,0,0,1,0
CHEMBL1628045,C34H50Cl2N2O3Pt+2,13400.0,4.87,In vitro inhibition of estrogen receptor positive human breast cancer MCF-7 cell proliferation,MCF7,,,800.765,92,2,0,0,0,0,1,0
CHEMBL1628045,C34H50Cl2N2O3Pt+2,14000.0,4.85,In vitro inhibition of estrogen receptor positive human breast cancer ZR-75-1 cell proliferation,ZR-75-1,,,800.765,92,2,0,0,0,0,1,0
CHEMBL1627580,C31H44Cl2N2O3Pt+2,4800.0,5.32,In vitro inhibition of estrogen receptor negative human breast cancer MDA-MB-231 cell proliferation,MDA-MB-231,,,758.684,83,2,0,0,0,0,1,0
CHEMBL1627580,C31H44Cl2N2O3Pt+2,4100.0,5.39,In vitro inhibition of estrogen receptor negative human breast cancer Hs 578.T cell proliferation,Hs-578T,,,758.684,83,2,0,0,0,0,1,0
CHEMBL1627580,C31H44Cl2N2O3Pt+2,4300.0,5.37,In vitro inhibition of estrogen receptor positive human breast cancer MCF-7 cell proliferation,MCF7,,,758.684,83,2,0,0,0,0,1,0
CHEMBL1627580,C31H44Cl2N2O3Pt+2,5000.0,5.3,In vitro inhibition of estrogen receptor positive human breast cancer ZR-75-1 cell proliferation,ZR-75-1,,,758.684,83,2,0,0,0,0,1,0
CHEMBL2068487,C11H20N2O5Pt,7000.0,5.16,Compound was tested in vitro for cytotoxic activity against PC-9 human non-small cell lung cancer cell line by MTT assay,PC-9,,,455.37,39,0,0,0,0,0,1,0
CHEMBL2068487,C11H20N2O5Pt,2100.0,5.68,Compound was tested in vitro for cytotoxic activity against PC-14 human non-small cell lung cancer cell line by MTT assay,PC-14,,,455.37,39,0,0,0,0,0,1,0
CHEMBL2068487,C11H20N2O5Pt,8100.0,5.09,Compound was tested in vitro for cytotoxic activity against MKN-45 human stomach cancer cell line by MTT assay,MKN-45,,,455.37,39,0,0,0,0,0,1,0
CHEMBL2068487,C11H20N2O5Pt,6100.0,5.21,Compound was tested in vitro for cytotoxic activity against KATO III human stomach cancer cell line by MTT assay,KATO III stomach cancer cell line,,,455.37,39,0,0,0,0,0,1,0
CHEMBL35604,C10H18N2O5Pt,9700.0,5.01,Compound was tested in vitro for cytotoxic activity against PC-9 human non-small cell lung cancer cell line by MTT assay,PC-9,,,441.343,36,0,0,0,0,0,1,0
CHEMBL35604,C10H18N2O5Pt,1100.0,5.96,Compound was tested in vitro for cytotoxic activity against PC-14 human non-small cell lung cancer cell line by MTT assay,PC-14,,,441.343,36,0,0,0,0,0,1,0
CHEMBL35604,C10H18N2O5Pt,4100.0,5.39,Compound was tested in vitro for cytotoxic activity against MKN-45 human stomach cancer cell line by MTT assay,MKN-45,,,441.343,36,0,0,0,0,0,1,0
CHEMBL35604,C10H18N2O5Pt,6100.0,5.21,Compound was tested in vitro for cytotoxic activity against KATO III human stomach cancer cell line by MTT assay,KATO III stomach cancer cell line,,,441.343,36,0,0,0,0,0,1,0
CHEMBL2068390,C11H20N2O5Pt,6900.0,5.16,Compound was tested in vitro for cytotoxic activity against PC-9 human non-small cell lung cancer cell line by MTT assay,PC-9,,,455.37,39,0,0,0,0,0,1,0
CHEMBL2068390,C11H20N2O5Pt,5000.0,5.3,Compound was tested in vitro for cytotoxic activity against PC-14 human non-small cell lung cancer cell line by MTT assay,PC-14,,,455.37,39,0,0,0,0,0,1,0
CHEMBL2068390,C11H20N2O5Pt,7200.0,5.14,Compound was tested in vitro for cytotoxic activity against MKN-45 human stomach cancer cell line by MTT assay,MKN-45,,,455.37,39,0,0,0,0,0,1,0
CHEMBL2068390,C11H20N2O5Pt,6500.0,5.19,Compound was tested in vitro for cytotoxic activity against KATO III human stomach cancer cell line by MTT assay,KATO III stomach cancer cell line,,,455.37,39,0,0,0,0,0,1,0
CHEMBL2068571,C10H18N2O5Pt,7100.0,5.15,Compound was tested in vitro for cytotoxic activity against PC-9 human non-small cell lung cancer cell line by MTT assay,PC-9,,,441.343,36,0,0,0,0,0,1,0
CHEMBL2068571,C10H18N2O5Pt,2800.0,5.55,Compound was tested in vitro for cytotoxic activity against PC-14 human non-small cell lung cancer cell line by MTT assay,PC-14,,,441.343,36,0,0,0,0,0,1,0
CHEMBL2068571,C10H18N2O5Pt,5300.0,5.28,Compound was tested in vitro for cytotoxic activity against MKN-45 human stomach cancer cell line by MTT assay,MKN-45,,,441.343,36,0,0,0,0,0,1,0
CHEMBL2068571,C10H18N2O5Pt,7000.0,5.16,Compound was tested in vitro for cytotoxic activity against KATO III human stomach cancer cell line by MTT assay,KATO III stomach cancer cell line,,,441.343,36,0,0,0,0,0,1,0
CHEMBL2068388,C10H18N2O5Pt,8400.0,5.08,Compound was tested in vitro for cytotoxic activity against PC-9 human non-small cell lung cancer cell line by MTT assay,PC-9,,,441.343,36,0,0,0,0,0,1,0
CHEMBL2068388,C10H18N2O5Pt,1900.0,5.72,Compound was tested in vitro for cytotoxic activity against PC-14 human non-small cell lung cancer cell line by MTT assay,PC-14,,,441.343,36,0,0,0,0,0,1,0
CHEMBL2068388,C10H18N2O5Pt,5800.0,5.24,Compound was tested in vitro for cytotoxic activity against MKN-45 human stomach cancer cell line by MTT assay,MKN-45,,,441.343,36,0,0,0,0,0,1,0
CHEMBL2068388,C10H18N2O5Pt,4600.0,5.34,Compound was tested in vitro for cytotoxic activity against KATO III human stomach cancer cell line by MTT assay,KATO III stomach cancer cell line,,,441.343,36,0,0,0,0,0,1,0
CHEMBL2068569,C11H20N2O5Pt,6400.0,5.19,Compound was tested in vitro for cytotoxic activity against PC-9 human non-small cell lung cancer cell line by MTT assay,PC-9,,,455.37,39,0,0,0,0,0,1,0
CHEMBL2068569,C11H20N2O5Pt,1800.0,5.75,Compound was tested in vitro for cytotoxic activity against PC-14 human non-small cell lung cancer cell line by MTT assay,PC-14,,,455.37,39,0,0,0,0,0,1,0
CHEMBL2068569,C11H20N2O5Pt,3800.0,5.42,Compound was tested in vitro for cytotoxic activity against MKN-45 human stomach cancer cell line by MTT assay,MKN-45,,,455.37,39,0,0,0,0,0,1,0
CHEMBL2068569,C11H20N2O5Pt,4400.0,5.36,Compound was tested in vitro for cytotoxic activity against KATO III human stomach cancer cell line by MTT assay,KATO III stomach cancer cell line,,,455.37,39,0,0,0,0,0,1,0
CHEMBL1351,C6H12N2O4Pt,60500.0,4.22,Compound was tested in vitro for cytotoxic activity against PC-9 human non-small cell lung cancer cell line by MTT assay,PC-9,,,371.252,25,0,0,0,0,0,1,0
CHEMBL1351,C6H12N2O4Pt,9700.0,5.01,Compound was tested in vitro for cytotoxic activity against PC-14 human non-small cell lung cancer cell line by MTT assay,PC-14,,,371.252,25,0,0,0,0,0,1,0
CHEMBL1351,C6H12N2O4Pt,32400.0,4.49,Compound was tested in vitro for cytotoxic activity against MKN-45 human stomach cancer cell line by MTT assay,MKN-45,,,371.252,25,0,0,0,0,0,1,0
CHEMBL1351,C6H12N2O4Pt,49700.0,4.3,Compound was tested in vitro for cytotoxic activity against KATO III human stomach cancer cell line by MTT assay,KATO III stomach cancer cell line,,,371.252,25,0,0,0,0,0,1,0
CHEMBL147203,C10H21N3O8P2Pt+,20600.0,4.69,Antiproliferative activity in human ovarian cancer cell line (CH1) using MTT assay,CH1,,,568.319,45,1,0,0,0,0,1,0
CHEMBL147203,C10H21N3O8P2Pt+,52400.0,4.28,Antiproliferative activity in human ovarian cancer cell line (CH1) using MTT assay,CH1,,,568.319,45,1,0,0,0,0,1,0
CHEMBL1351,C6H12N2O4Pt,2500.0,5.6,Antiproliferative activity in human ovarian cancer cell line (CH1) using MTT assay,CH1,,,371.252,25,0,0,0,0,0,1,0
CHEMBL147203,C10H21N3O8P2Pt+,169000.0,3.7721132953863266,Antiproliferative activity in human ovarian cancer cell line (CH1) using MTT assay,CH1,,,568.319,45,1,0,0,0,0,1,0
CHEMBL343632,C6H15N3O8P2Pt+,532000.0,3.2740883677049517,Antiproliferative activity in human ovarian cancer cell line (CH1) using MTT assay,CH1,,,514.227,35,1,0,0,0,0,1,0
CHEMBL414804,C8H12N2O4Pt,270.0,6.57,Antiproliferative activity in human ovarian cancer cell line (CH1) using MTT assay,CH1,,,395.274,27,0,0,0,0,0,1,0
CHEMBL295087,C19H18AuF6N2OP+,3300.0,5.48,"Inhibitory effect of Gold(III) complex, [Au(bipy-H)(OH)]-[PF6] on growth of cisplatin-sensitive A2780/S human tumor cell lines",A2780,,,632.298,48,1,1,0,0,0,0,0
CHEMBL295087,C19H18AuF6N2OP+,8200.0,5.09,"Inhibitory effect of Gold(III) complex, [Au(bipy-H)(OH)]-[PF6] on growth of cisplatin-resistant A2780/R human tumor cell lines",A2780,,,632.298,48,1,1,0,0,0,0,0
CHEMBL295087,C19H18AuF6N2OP+,13300.0,4.88,"Inhibitory effect of Gold(III) complex, [Au(bipy-H)(OH)]-[PF6] on growth of cisplatin-resistant SKOV3 human tumor cell lines",SK-OV-3,,,632.298,48,1,1,0,0,0,0,0
CHEMBL295087,C19H18AuF6N2OP+,11900.0,4.92,"Inhibitory effect of Gold(III) complex, [Au(bipy-H)(OH)]-[PF6] on growth of cisplatin-sensitive CCRF-CEM/S human tumor cell lines",CCRF-CEM,,,632.298,48,1,1,0,0,0,0,0
CHEMBL295087,C19H18AuF6N2OP+,51200.0,4.29,"Inhibitory effect of Gold(III) complex, [Au(bipy-H)(OH)]-[PF6] on growth of cisplatin-resistant CCRF-CEM/R human tumor cell lines",CCRF-CEM,,,632.298,48,1,1,0,0,0,0,0
CHEMBL295522,C10H10AuF6N2O2P+,8800.0,5.06,"Inhibitory effect of Gold(III) complex, [Au(bipy)-(OH)2]-[PF6] on growth of cisplatin-sensitive A2780/S human tumor cell lines",A2780,,,532.134,32,1,1,0,0,0,0,0
CHEMBL295522,C10H10AuF6N2O2P+,24100.0,4.62,"Inhibitory effect of Gold(III) complex, [Au(bipy)-(OH)2]-[PF6] on growth of cisplatin-resistant A2780/R human tumor cell lines",A2780,,,532.134,32,1,1,0,0,0,0,0
CHEMBL295522,C10H10AuF6N2O2P+,34400.0,4.46,"Inhibitory effect of Gold(III) complex, [Au(bipy)-(OH)2]-[PF6] on growth of cisplatin-resistant SKOV3 human tumor cell lines",SK-OV-3,,,532.134,32,1,1,0,0,0,0,0
CHEMBL295522,C10H10AuF6N2O2P+,52900.0,4.28,"Inhibitory effect of Gold(III) complex, [Au(bipy)-(OH)2]-[PF6] on growth of cisplatin-sensitive CCRF-CEM/S human tumor cell lines",CCRF-CEM,,,532.134,32,1,1,0,0,0,0,0
CHEMBL295522,C10H10AuF6N2O2P+,58600.0,4.23,"Inhibitory effect of Gold(III) complex, [Au(bipy)-(OH)2]-[PF6] on growth of cisplatin-resistant CCRF-CEM/R human tumor cell lines",CCRF-CEM,,,532.134,32,1,1,0,0,0,0,0
CHEMBL69107,C15H21FeN5O4S2+2,70.0,7.16,Cytotoxic activity against human acute lymphoblastic leukemia (CCRF-CEM) cell line,CCRF-CEM,,,455.3289999999999,48,2,0,1,0,0,0,0
CHEMBL69107,C15H21FeN5O4S2+2,70.0,7.16,Cytotoxic activity against colon adenocarcinoma (HT-29) cell line,HT-29,,,455.3289999999999,48,2,0,1,0,0,0,0
CHEMBL66328,C15H21FeN5O4S2+2,70.0,7.16,Cytotoxic activity against human acute lymphoblastic leukemia (CCRF-CEM) cell line,CCRF-CEM,,,455.3289999999999,48,2,0,1,0,0,0,0
CHEMBL66328,C15H21FeN5O4S2+2,60.0,7.22,Cytotoxic activity against colon adenocarcinoma (HT-29) cell line,HT-29,,,455.3289999999999,48,2,0,1,0,0,0,0
CHEMBL69031,C16H23FeN5O4S2+2,810.0,6.09,Cytotoxic activity against human acute lymphoblastic leukemia (CCRF-CEM) cell line,CCRF-CEM,,,469.356,51,2,0,1,0,0,0,0
CHEMBL69031,C16H23FeN5O4S2+2,770.0,6.11,Cytotoxic activity against colon adenocarcinoma (HT-29) cell line,HT-29,,,469.356,51,2,0,1,0,0,0,0
CHEMBL305532,C15H21FeN5O4S2+2,820.0,6.09,Cytotoxic activity against human acute lymphoblastic leukemia (CCRF-CEM) cell line,CCRF-CEM,,,455.3289999999999,48,2,0,1,0,0,0,0
CHEMBL305532,C15H21FeN5O4S2+2,750.0,6.12,Cytotoxic activity against colon adenocarcinoma (HT-29) cell line,HT-29,,,455.3289999999999,48,2,0,1,0,0,0,0
CHEMBL171079,C6H12Cl2N2O2Pt,2510.0,5.6,Cytotoxicity against human stomach cancer cell line SNU-1 in MTT assay,SNU1,,,410.154,25,0,0,0,0,0,1,0
CHEMBL171079,C6H12Cl2N2O2Pt,320.0,6.5,Cytotoxicity against human stomach cancer cell line SNU-5 in MTT assay,SNU-5,,,410.154,25,0,0,0,0,0,1,0
CHEMBL171079,C6H12Cl2N2O2Pt,2590.0,5.59,Cytotoxicity against human stomach cancer cell line SNU-16 in MTT assay,SNU-16,,,410.154,25,0,0,0,0,0,1,0
CHEMBL171079,C6H12Cl2N2O2Pt,14560.0,4.84,Cytotoxicity against human non-small cell lung cancer cell line PC-9 in MTT assay,PC-9,,,410.154,25,0,0,0,0,0,1,0
CHEMBL171079,C6H12Cl2N2O2Pt,2910.0,5.54,Cytotoxicity against human non-small cell lung cancer cell line PC-14 in MTT assay,PC-14,,,410.154,25,0,0,0,0,0,1,0
CHEMBL171156,C12H18N2O6Pt,7860.0,5.11,Cytotoxicity against human stomach cancer cell line SNU-1 in MTT assay,SNU1,,,481.364,39,0,0,0,0,0,1,0
CHEMBL171156,C12H18N2O6Pt,3650.0,5.44,Cytotoxicity against human stomach cancer cell line SNU-5 in MTT assay,SNU-5,,,481.364,39,0,0,0,0,0,1,0
CHEMBL171156,C12H18N2O6Pt,16070.0,4.79,Cytotoxicity against human stomach cancer cell line SNU-16 in MTT assay,SNU-16,,,481.364,39,0,0,0,0,0,1,0
CHEMBL171156,C12H18N2O6Pt,105710.0,3.97588392717323,Cytotoxicity against human non-small cell lung cancer cell line PC-9 in MTT assay,PC-9,,,481.364,39,0,0,0,0,0,1,0
CHEMBL171156,C12H18N2O6Pt,50060.0,4.3,Cytotoxicity against human non-small cell lung cancer cell line PC-14 in MTT assay,PC-14,,,481.364,39,0,0,0,0,0,1,0
CHEMBL171155,C9H14N2O6Pt,4890.0,5.31,Cytotoxicity against human stomach cancer cell line SNU-1 in MTT assay,SNU1,,,441.299,32,0,0,0,0,0,1,0
CHEMBL171155,C9H14N2O6Pt,830.0,6.08,Cytotoxicity against human stomach cancer cell line SNU-5 in MTT assay,SNU-5,,,441.299,32,0,0,0,0,0,1,0
CHEMBL171155,C9H14N2O6Pt,5340.0,5.27,Cytotoxicity against human stomach cancer cell line SNU-16 in MTT assay,SNU-16,,,441.299,32,0,0,0,0,0,1,0
CHEMBL171155,C9H14N2O6Pt,29550.0,4.53,Cytotoxicity against human non-small cell lung cancer cell line PC-9 in MTT assay,PC-9,,,441.299,32,0,0,0,0,0,1,0
CHEMBL171155,C9H14N2O6Pt,10830.0,4.96,Cytotoxicity against human non-small cell lung cancer cell line PC-14 in MTT assay,PC-14,,,441.299,32,0,0,0,0,0,1,0
CHEMBL1351,C6H12N2O4Pt,20110.0,4.7,Cytotoxicity against human stomach cancer cell line SNU-1 in MTT assay,SNU1,,,371.252,25,0,0,0,0,0,1,0
CHEMBL1351,C6H12N2O4Pt,9160.0,5.04,Cytotoxicity against human stomach cancer cell line SNU-5 in MTT assay,SNU-5,,,371.252,25,0,0,0,0,0,1,0
CHEMBL1351,C6H12N2O4Pt,13650.0,4.87,Cytotoxicity against human stomach cancer cell line SNU-16 in MTT assay,SNU-16,,,371.252,25,0,0,0,0,0,1,0
CHEMBL1351,C6H12N2O4Pt,21820.0,4.66,Cytotoxicity against human non-small cell lung cancer cell line PC-9 in MTT assay,PC-9,,,371.252,25,0,0,0,0,0,1,0
CHEMBL1351,C6H12N2O4Pt,15620.0,4.81,Cytotoxicity against human non-small cell lung cancer cell line PC-14 in MTT assay,PC-14,,,371.252,25,0,0,0,0,0,1,0
CHEMBL368259,C8H12N2O6Pt,6060.0,5.22,Cytotoxicity against human stomach cancer cell line SNU-1 in MTT assay,SNU1,,,427.2720000000001,29,0,0,0,0,0,1,0
CHEMBL368259,C8H12N2O6Pt,540.0,6.27,Cytotoxicity against human stomach cancer cell line SNU-5 in MTT assay,SNU-5,,,427.2720000000001,29,0,0,0,0,0,1,0
CHEMBL368259,C8H12N2O6Pt,5050.0,5.3,Cytotoxicity against human stomach cancer cell line SNU-16 in MTT assay,SNU-16,,,427.2720000000001,29,0,0,0,0,0,1,0
CHEMBL368259,C8H12N2O6Pt,39600.0,4.4,Cytotoxicity against human non-small cell lung cancer cell line PC-9 in MTT assay,PC-9,,,427.2720000000001,29,0,0,0,0,0,1,0
CHEMBL368259,C8H12N2O6Pt,8150.0,5.09,Cytotoxicity against human non-small cell lung cancer cell line PC-14 in MTT assay,PC-14,,,427.2720000000001,29,0,0,0,0,0,1,0
CHEMBL320447,C7H16Cl2N2Pt,4200.0,5.38,In vivo antitumor activity against HX/62 cell line.,HX62 cell line,,,394.19900000000007,28,0,0,0,0,0,1,0
CHEMBL320447,C7H16Cl2N2Pt,10000.0,5.0,In vitro antitumor activity against SK-OV-3 cell line.,SK-OV-3,,,394.19900000000007,28,0,0,0,0,0,1,0
CHEMBL320447,C7H16Cl2N2Pt,2400.0,5.62,In vitro antitumor activity against 41M cell line.,41M,,,394.19900000000007,28,0,0,0,0,0,1,0
CHEMBL320447,C7H16Cl2N2Pt,1700.0,5.77,In vitro antitumor activity against 41McisR cell line.,41M,,,394.19900000000007,28,0,0,0,0,0,1,0
CHEMBL320447,C7H16Cl2N2Pt,4300.0,5.37,In vitro antitumor activity against CH1 cell line.,CH1,,,394.19900000000007,28,0,0,0,0,0,1,0
CHEMBL320447,C7H16Cl2N2Pt,4700.0,5.33,In vitro antitumor activity against CH1cisR cell line.,CH1,,,394.19900000000007,28,0,0,0,0,0,1,0
CHEMBL320447,C7H16Cl2N2Pt,1300.0,5.89,In vitro antitumor activity against A2780 cell line.,A2780,,,394.19900000000007,28,0,0,0,0,0,1,0
CHEMBL320447,C7H16Cl2N2Pt,4600.0,5.34,In vitro antitumor activity against A2780cisR cell line.,A2780,,,394.19900000000007,28,0,0,0,0,0,1,0
CHEMBL322197,C7H16Cl4N2Pt,23000.0,4.64,In vivo antitumor activity against HX/62 cell line.,HX62 cell line,,,465.0990000000001,30,0,0,0,0,0,1,0
CHEMBL322197,C7H16Cl4N2Pt,29000.0,4.54,In vitro antitumor activity against SK-OV-3 cell line.,SK-OV-3,,,465.0990000000001,30,0,0,0,0,0,1,0
CHEMBL322197,C7H16Cl4N2Pt,16500.0,4.78,In vitro antitumor activity against 41M cell line.,41M,,,465.0990000000001,30,0,0,0,0,0,1,0
CHEMBL322197,C7H16Cl4N2Pt,16000.0,4.8,In vitro antitumor activity against 41McisR cell line.,41M,,,465.0990000000001,30,0,0,0,0,0,1,0
CHEMBL322197,C7H16Cl4N2Pt,15500.0,4.81,In vitro antitumor activity against CH1 cell line.,CH1,,,465.0990000000001,30,0,0,0,0,0,1,0
CHEMBL322197,C7H16Cl4N2Pt,15500.0,4.81,In vitro antitumor activity against CH1cisR cell line.,CH1,,,465.0990000000001,30,0,0,0,0,0,1,0
CHEMBL322197,C7H16Cl4N2Pt,14000.0,4.85,In vitro antitumor activity against A2780 cell line.,A2780,,,465.0990000000001,30,0,0,0,0,0,1,0
CHEMBL322197,C7H16Cl4N2Pt,16000.0,4.8,In vitro antitumor activity against A2780cisR cell line.,A2780,,,465.0990000000001,30,0,0,0,0,0,1,0
CHEMBL103570,C6H16Cl2N2O2Pt,4400.0,5.36,In vivo antitumor activity against HX/62 cell line.,HX62 cell line,,,414.186,29,0,0,0,0,0,1,0
CHEMBL103570,C6H16Cl2N2O2Pt,6000.0,5.22,In vitro antitumor activity against SK-OV-3 cell line.,SK-OV-3,,,414.186,29,0,0,0,0,0,1,0
CHEMBL103570,C6H16Cl2N2O2Pt,1300.0,5.89,In vitro antitumor activity against 41M cell line.,41M,,,414.186,29,0,0,0,0,0,1,0
CHEMBL103570,C6H16Cl2N2O2Pt,1400.0,5.85,In vitro antitumor activity against 41McisR cell line.,41M,,,414.186,29,0,0,0,0,0,1,0
CHEMBL103570,C6H16Cl2N2O2Pt,1100.0,5.96,In vitro antitumor activity against CH1 cell line.,CH1,,,414.186,29,0,0,0,0,0,1,0
CHEMBL103570,C6H16Cl2N2O2Pt,2100.0,5.68,In vitro antitumor activity against CH1cisR cell line.,CH1,,,414.186,29,0,0,0,0,0,1,0
CHEMBL103570,C6H16Cl2N2O2Pt,420.0,6.38,In vitro antitumor activity against A2780 cell line.,A2780,,,414.186,29,0,0,0,0,0,1,0
CHEMBL103570,C6H16Cl2N2O2Pt,3000.0,5.52,In vitro antitumor activity against A2780cisR cell line.,A2780,,,414.186,29,0,0,0,0,0,1,0
CHEMBL2068304,C30H36Cl2N2O2Pt,64000.0,4.19,In vitro inhibition of estrogen receptor positive MCF-7 human mammary carcinoma cell proliferation,MCF7,,,722.6100000000001,73,0,0,0,0,0,1,0
CHEMBL2068304,C30H36Cl2N2O2Pt,32000.0,4.5,In vitro inhibition of estrogen receptor negative MDA-MD-231 human mammary carcinoma cell proliferation,MDA-MB-231,,,722.6100000000001,73,0,0,0,0,0,1,0
CHEMBL2068444,C32H40Cl2N2O2Pt,56000.0,4.25,In vitro inhibition of estrogen receptor positive MCF-7 human mammary carcinoma cell proliferation,MCF7,,,750.6640000000001,79,0,0,0,0,0,1,0
CHEMBL2068444,C32H40Cl2N2O2Pt,29000.0,4.54,In vitro inhibition of estrogen receptor negative MDA-MD-231 human mammary carcinoma cell proliferation,MDA-MB-231,,,750.6640000000001,79,0,0,0,0,0,1,0
CHEMBL2068294,C35H46Cl2N2O3Pt,67000.0,4.17,In vitro inhibition of estrogen receptor positive MCF-7 human mammary carcinoma cell proliferation,MCF7,,,808.744,89,0,0,0,0,0,1,0
CHEMBL2068294,C35H46Cl2N2O3Pt,18000.0,4.75,In vitro inhibition of estrogen receptor negative MDA-MD-231 human mammary carcinoma cell proliferation,MDA-MB-231,,,808.744,89,0,0,0,0,0,1,0
CHEMBL2068291,C37H50Cl2N2O3Pt,15000.0,4.82,In vitro inhibition of estrogen receptor positive MCF-7 human mammary carcinoma cell proliferation,MCF7,,,836.798,95,0,0,0,0,0,1,0
CHEMBL2068291,C37H50Cl2N2O3Pt,4300.0,5.37,In vitro inhibition of estrogen receptor negative MDA-MD-231 human mammary carcinoma cell proliferation,MDA-MB-231,,,836.798,95,0,0,0,0,0,1,0
CHEMBL432005,C10H20Cl2N2O4Pt,3100.0,5.51,In vivo antitumor activity against HX/62 cell line.,HX62 cell line,,,498.26,39,0,0,0,0,0,1,0
CHEMBL432005,C10H20Cl2N2O4Pt,4800.0,5.32,In vitro antitumor activity against SK-OV-3 cell line.,SK-OV-3,,,498.26,39,0,0,0,0,0,1,0
CHEMBL432005,C10H20Cl2N2O4Pt,1300.0,5.89,In vitro antitumor activity against 41M cell line.,41M,,,498.26,39,0,0,0,0,0,1,0
CHEMBL432005,C10H20Cl2N2O4Pt,1200.0,5.92,In vitro antitumor activity against 41McisR cell line.,41M,,,498.26,39,0,0,0,0,0,1,0
CHEMBL432005,C10H20Cl2N2O4Pt,1100.0,5.96,In vitro antitumor activity against CH1 cell line.,CH1,,,498.26,39,0,0,0,0,0,1,0
CHEMBL432005,C10H20Cl2N2O4Pt,1500.0,5.82,In vitro antitumor activity against CH1cisR cell line.,CH1,,,498.26,39,0,0,0,0,0,1,0
CHEMBL432005,C10H20Cl2N2O4Pt,300.0,6.52,In vitro antitumor activity against A2780 cell line.,A2780,,,498.26,39,0,0,0,0,0,1,0
CHEMBL432005,C10H20Cl2N2O4Pt,3000.0,5.52,In vitro antitumor activity against A2780cisR cell line.,A2780,,,498.26,39,0,0,0,0,0,1,0
CHEMBL2068301,C32H40Cl2N2Pt,4900.0,5.31,In vitro inhibition of estrogen receptor positive MCF-7 human mammary carcinoma cell proliferation,MCF7,,,718.666,77,0,0,0,0,0,1,0
CHEMBL2068301,C32H40Cl2N2Pt,1200.0,5.92,In vitro inhibition of estrogen receptor negative MDA-MD-231 human mammary carcinoma cell proliferation,MDA-MB-231,,,718.666,77,0,0,0,0,0,1,0
CHEMBL105222,C7H18Cl2N2O2Pt,40000.0,4.4,In vivo antitumor activity against HX/62 cell line.,HX62 cell line,,,428.213,32,0,0,0,0,0,1,0
CHEMBL105222,C7H18Cl2N2O2Pt,27000.0,4.57,In vitro antitumor activity against SK-OV-3 cell line.,SK-OV-3,,,428.213,32,0,0,0,0,0,1,0
CHEMBL105222,C7H18Cl2N2O2Pt,14400.0,4.84,In vitro antitumor activity against 41M cell line.,41M,,,428.213,32,0,0,0,0,0,1,0
CHEMBL105222,C7H18Cl2N2O2Pt,9500.0,5.02,In vitro antitumor activity against 41McisR cell line.,41M,,,428.213,32,0,0,0,0,0,1,0
CHEMBL105222,C7H18Cl2N2O2Pt,10200.0,4.99,In vitro antitumor activity against CH1 cell line.,CH1,,,428.213,32,0,0,0,0,0,1,0
CHEMBL105222,C7H18Cl2N2O2Pt,14300.0,4.84,In vitro antitumor activity against CH1cisR cell line.,CH1,,,428.213,32,0,0,0,0,0,1,0
CHEMBL105222,C7H18Cl2N2O2Pt,3200.0,5.5,In vitro antitumor activity against A2780 cell line.,A2780,,,428.213,32,0,0,0,0,0,1,0
CHEMBL105222,C7H18Cl2N2O2Pt,16000.0,4.8,In vitro antitumor activity against A2780cisR cell line.,A2780,,,428.213,32,0,0,0,0,0,1,0
CHEMBL102583,C7H18Cl2N2O2Pt,4100.0,5.39,In vivo antitumor activity against HX/62 cell line.,HX62 cell line,,,428.213,32,0,0,0,0,0,1,0
CHEMBL102583,C7H18Cl2N2O2Pt,6900.0,5.16,In vitro antitumor activity against SK-OV-3 cell line.,SK-OV-3,,,428.213,32,0,0,0,0,0,1,0
CHEMBL102583,C7H18Cl2N2O2Pt,2300.0,5.64,In vitro antitumor activity against 41M cell line.,41M,,,428.213,32,0,0,0,0,0,1,0
CHEMBL102583,C7H18Cl2N2O2Pt,1600.0,5.8,In vitro antitumor activity against 41McisR cell line.,41M,,,428.213,32,0,0,0,0,0,1,0
CHEMBL102583,C7H18Cl2N2O2Pt,1300.0,5.89,In vitro antitumor activity against CH1 cell line.,CH1,,,428.213,32,0,0,0,0,0,1,0
CHEMBL102583,C7H18Cl2N2O2Pt,2900.0,5.54,In vitro antitumor activity against CH1cisR cell line.,CH1,,,428.213,32,0,0,0,0,0,1,0
CHEMBL102583,C7H18Cl2N2O2Pt,1300.0,5.89,In vitro antitumor activity against A2780 cell line.,A2780,,,428.213,32,0,0,0,0,0,1,0
CHEMBL102583,C7H18Cl2N2O2Pt,5000.0,5.3,In vitro antitumor activity against A2780cisR cell line.,A2780,,,428.213,32,0,0,0,0,0,1,0
CHEMBL2068305,C30H36Cl2N2Pt,4300.0,5.37,In vitro inhibition of estrogen receptor positive MCF-7 human mammary carcinoma cell proliferation,MCF7,,,690.6120000000001,71,0,0,0,0,0,1,0
CHEMBL2068305,C30H36Cl2N2Pt,1600.0,5.8,In vitro inhibition of estrogen receptor negative MDA-MD-231 human mammary carcinoma cell proliferation,MDA-MB-231,,,690.6120000000001,71,0,0,0,0,0,1,0
CHEMBL103460,C6H16Br2N2O2Pt,3200.0,5.5,In vivo antitumor activity against HX/62 cell line.,HX62 cell line,,,503.0940000000001,29,0,0,0,0,0,1,0
CHEMBL103460,C6H16Br2N2O2Pt,4700.0,5.33,In vitro antitumor activity against SK-OV-3 cell line.,SK-OV-3,,,503.0940000000001,29,0,0,0,0,0,1,0
CHEMBL103460,C6H16Br2N2O2Pt,2100.0,5.68,In vitro antitumor activity against 41M cell line.,41M,,,503.0940000000001,29,0,0,0,0,0,1,0
CHEMBL103460,C6H16Br2N2O2Pt,1700.0,5.77,In vitro antitumor activity against 41McisR cell line.,41M,,,503.0940000000001,29,0,0,0,0,0,1,0
CHEMBL103460,C6H16Br2N2O2Pt,1600.0,5.8,In vitro antitumor activity against CH1 cell line.,CH1,,,503.0940000000001,29,0,0,0,0,0,1,0
CHEMBL103460,C6H16Br2N2O2Pt,2800.0,5.55,In vitro antitumor activity against CH1cisR cell line.,CH1,,,503.0940000000001,29,0,0,0,0,0,1,0
CHEMBL103460,C6H16Br2N2O2Pt,1400.0,5.85,In vitro antitumor activity against A2780 cell line.,A2780,,,503.0940000000001,29,0,0,0,0,0,1,0
CHEMBL103460,C6H16Br2N2O2Pt,3600.0,5.44,In vitro antitumor activity against A2780cisR cell line.,A2780,,,503.0940000000001,29,0,0,0,0,0,1,0
CHEMBL104893,C6H14Cl2N2Pt,2000.0,5.7,In vivo antitumor activity against HX/62 cell line.,HX62 cell line,,,380.172,25,0,0,0,0,0,1,0
CHEMBL104893,C6H14Cl2N2Pt,2100.0,5.68,In vitro antitumor activity against SK-OV-3 cell line.,SK-OV-3,,,380.172,25,0,0,0,0,0,1,0
CHEMBL104893,C6H14Cl2N2Pt,260.0,6.58,In vitro antitumor activity against 41M cell line.,41M,,,380.172,25,0,0,0,0,0,1,0
CHEMBL104893,C6H14Cl2N2Pt,280.0,6.55,In vitro antitumor activity against 41McisR cell line.,41M,,,380.172,25,0,0,0,0,0,1,0
CHEMBL104893,C6H14Cl2N2Pt,66.0,7.18,In vitro antitumor activity against CH1 cell line.,CH1,,,380.172,25,0,0,0,0,0,1,0
CHEMBL104893,C6H14Cl2N2Pt,380.0,6.42,In vitro antitumor activity against CH1cisR cell line.,CH1,,,380.172,25,0,0,0,0,0,1,0
CHEMBL104893,C6H14Cl2N2Pt,83.0,7.08,In vitro antitumor activity against A2780 cell line.,A2780,,,380.172,25,0,0,0,0,0,1,0
CHEMBL104893,C6H14Cl2N2Pt,400.0,6.4,In vitro antitumor activity against A2780cisR cell line.,A2780,,,380.172,25,0,0,0,0,0,1,0
CHEMBL102644,C6H14Br2N2Pt,10900.0,4.96,In vivo antitumor activity against HX/62 cell line.,HX62 cell line,,,469.08,25,0,0,0,0,0,1,0
CHEMBL102644,C6H14Br2N2Pt,11500.0,4.94,In vitro antitumor activity against SK-OV-3 cell line.,SK-OV-3,,,469.08,25,0,0,0,0,0,1,0
CHEMBL102644,C6H14Br2N2Pt,4000.0,5.4,In vitro antitumor activity against 41M cell line.,41M,,,469.08,25,0,0,0,0,0,1,0
CHEMBL102644,C6H14Br2N2Pt,3200.0,5.5,In vitro antitumor activity against 41McisR cell line.,41M,,,469.08,25,0,0,0,0,0,1,0
CHEMBL102644,C6H14Br2N2Pt,4000.0,5.4,In vitro antitumor activity against CH1 cell line.,CH1,,,469.08,25,0,0,0,0,0,1,0
CHEMBL102644,C6H14Br2N2Pt,5000.0,5.3,In vitro antitumor activity against CH1cisR cell line.,CH1,,,469.08,25,0,0,0,0,0,1,0
CHEMBL102644,C6H14Br2N2Pt,1900.0,5.72,In vitro antitumor activity against A2780 cell line.,A2780,,,469.08,25,0,0,0,0,0,1,0
CHEMBL102644,C6H14Br2N2Pt,5400.0,5.27,In vitro antitumor activity against A2780cisR cell line.,A2780,,,469.08,25,0,0,0,0,0,1,0
CHEMBL103347,C7H14Cl2N2Pt,5600.0,5.25,In vivo antitumor activity against HX/62 cell line.,HX62 cell line,,,392.183,26,0,0,0,0,0,1,0
CHEMBL103347,C7H14Cl2N2Pt,4400.0,5.36,In vitro antitumor activity against SK-OV-3 cell line.,SK-OV-3,,,392.183,26,0,0,0,0,0,1,0
CHEMBL103347,C7H14Cl2N2Pt,1400.0,5.85,In vitro antitumor activity against 41M cell line.,41M,,,392.183,26,0,0,0,0,0,1,0
CHEMBL103347,C7H14Cl2N2Pt,1500.0,5.82,In vitro antitumor activity against 41McisR cell line.,41M,,,392.183,26,0,0,0,0,0,1,0
CHEMBL103347,C7H14Cl2N2Pt,1400.0,5.85,In vitro antitumor activity against CH1 cell line.,CH1,,,392.183,26,0,0,0,0,0,1,0
CHEMBL103347,C7H14Cl2N2Pt,1700.0,5.77,In vitro antitumor activity against CH1cisR cell line.,CH1,,,392.183,26,0,0,0,0,0,1,0
CHEMBL103347,C7H14Cl2N2Pt,250.0,6.6,In vitro antitumor activity against A2780 cell line.,A2780,,,392.183,26,0,0,0,0,0,1,0
CHEMBL103347,C7H14Cl2N2Pt,3000.0,5.52,In vitro antitumor activity against A2780cisR cell line.,A2780,,,392.183,26,0,0,0,0,0,1,0
CHEMBL103122,C7H12Cl2N2O2Pt,10200.0,4.99,In vivo antitumor activity against HX/62 cell line.,HX62 cell line,,,422.165,26,0,0,0,0,0,1,0
CHEMBL103122,C7H12Cl2N2O2Pt,8200.0,5.09,In vitro antitumor activity against SK-OV-3 cell line.,SK-OV-3,,,422.165,26,0,0,0,0,0,1,0
CHEMBL103122,C7H12Cl2N2O2Pt,1300.0,5.89,In vitro antitumor activity against 41M cell line.,41M,,,422.165,26,0,0,0,0,0,1,0
CHEMBL103122,C7H12Cl2N2O2Pt,1300.0,5.89,In vitro antitumor activity against 41McisR cell line.,41M,,,422.165,26,0,0,0,0,0,1,0
CHEMBL103122,C7H12Cl2N2O2Pt,1100.0,5.96,In vitro antitumor activity against CH1 cell line.,CH1,,,422.165,26,0,0,0,0,0,1,0
CHEMBL103122,C7H12Cl2N2O2Pt,1900.0,5.72,In vitro antitumor activity against CH1cisR cell line.,CH1,,,422.165,26,0,0,0,0,0,1,0
CHEMBL103122,C7H12Cl2N2O2Pt,1100.0,5.96,In vitro antitumor activity against A2780 cell line.,A2780,,,422.165,26,0,0,0,0,0,1,0
CHEMBL103122,C7H12Cl2N2O2Pt,4200.0,5.38,In vitro antitumor activity against A2780cisR cell line.,A2780,,,422.165,26,0,0,0,0,0,1,0
CHEMBL319686,C12H26Cl2N2O2Pt,6900.0,5.16,In vivo antitumor activity against HX/62 cell line.,HX62 cell line,,,496.332,45,0,0,0,0,0,1,0
CHEMBL319686,C12H26Cl2N2O2Pt,2500.0,5.6,In vitro antitumor activity against SK-OV-3 cell line.,SK-OV-3,,,496.332,45,0,0,0,0,0,1,0
CHEMBL319686,C12H26Cl2N2O2Pt,800.0,6.1,In vitro antitumor activity against 41M cell line.,41M,,,496.332,45,0,0,0,0,0,1,0
CHEMBL319686,C12H26Cl2N2O2Pt,1200.0,5.92,In vitro antitumor activity against 41McisR cell line.,41M,,,496.332,45,0,0,0,0,0,1,0
CHEMBL319686,C12H26Cl2N2O2Pt,550.0,6.26,In vitro antitumor activity against CH1 cell line.,CH1,,,496.332,45,0,0,0,0,0,1,0
CHEMBL319686,C12H26Cl2N2O2Pt,600.0,6.22,In vitro antitumor activity against CH1cisR cell line.,CH1,,,496.332,45,0,0,0,0,0,1,0
CHEMBL319686,C12H26Cl2N2O2Pt,800.0,6.1,In vitro antitumor activity against A2780 cell line.,A2780,,,496.332,45,0,0,0,0,0,1,0
CHEMBL319686,C12H26Cl2N2O2Pt,3200.0,5.5,In vitro antitumor activity against A2780cisR cell line.,A2780,,,496.332,45,0,0,0,0,0,1,0
CHEMBL2068561,C34H44Cl2N2O2Pt,52000.0,4.28,In vitro inhibition of estrogen receptor positive MCF-7 human mammary carcinoma cell proliferation,MCF7,,,778.7180000000001,85,0,0,0,0,0,1,0
CHEMBL2068561,C34H44Cl2N2O2Pt,29000.0,4.54,In vitro inhibition of estrogen receptor negative MDA-MD-231 human mammary carcinoma cell proliferation,MDA-MB-231,,,778.7180000000001,85,0,0,0,0,0,1,0
CHEMBL320638,C10H22Cl2N2Pt,800.0,6.1,In vivo antitumor activity against HX/62 cell line.,HX62 cell line,,,436.28,37,0,0,0,0,0,1,0
CHEMBL320638,C10H22Cl2N2Pt,1500.0,5.82,In vitro antitumor activity against SK-OV-3 cell line.,SK-OV-3,,,436.28,37,0,0,0,0,0,1,0
CHEMBL320638,C10H22Cl2N2Pt,490.0,6.31,In vitro antitumor activity against 41M cell line.,41M,,,436.28,37,0,0,0,0,0,1,0
CHEMBL320638,C10H22Cl2N2Pt,1200.0,5.92,In vitro antitumor activity against 41McisR cell line.,41M,,,436.28,37,0,0,0,0,0,1,0
CHEMBL320638,C10H22Cl2N2Pt,210.0,6.68,In vitro antitumor activity against CH1 cell line.,CH1,,,436.28,37,0,0,0,0,0,1,0
CHEMBL320638,C10H22Cl2N2Pt,430.0,6.37,In vitro antitumor activity against CH1cisR cell line.,CH1,,,436.28,37,0,0,0,0,0,1,0
CHEMBL320638,C10H22Cl2N2Pt,400.0,6.4,In vitro antitumor activity against A2780 cell line.,A2780,,,436.28,37,0,0,0,0,0,1,0
CHEMBL320638,C10H22Cl2N2Pt,1400.0,5.85,In vitro antitumor activity against A2780cisR cell line.,A2780,,,436.28,37,0,0,0,0,0,1,0
CHEMBL322013,C7H18Cl2N2O2Pt,3400.0,5.47,In vivo antitumor activity against HX/62 cell line.,HX62 cell line,,,428.213,32,0,0,0,0,0,1,0
CHEMBL322013,C7H18Cl2N2O2Pt,3900.0,5.41,In vitro antitumor activity against SK-OV-3 cell line.,SK-OV-3,,,428.213,32,0,0,0,0,0,1,0
CHEMBL322013,C7H18Cl2N2O2Pt,1300.0,5.89,In vitro antitumor activity against 41M cell line.,41M,,,428.213,32,0,0,0,0,0,1,0
CHEMBL322013,C7H18Cl2N2O2Pt,1400.0,5.85,In vitro antitumor activity against 41McisR cell line.,41M,,,428.213,32,0,0,0,0,0,1,0
CHEMBL322013,C7H18Cl2N2O2Pt,1100.0,5.96,In vitro antitumor activity against CH1 cell line.,CH1,,,428.213,32,0,0,0,0,0,1,0
CHEMBL322013,C7H18Cl2N2O2Pt,1700.0,5.77,In vitro antitumor activity against CH1cisR cell line.,CH1,,,428.213,32,0,0,0,0,0,1,0
CHEMBL322013,C7H18Cl2N2O2Pt,610.0,6.21,In vitro antitumor activity against A2780 cell line.,A2780,,,428.213,32,0,0,0,0,0,1,0
CHEMBL322013,C7H18Cl2N2O2Pt,2500.0,5.6,In vitro antitumor activity against A2780cisR cell line.,A2780,,,428.213,32,0,0,0,0,0,1,0
CHEMBL103570,C6H16Cl2N2O2Pt,30000.0,4.52,In vivo antitumor activity against HX/62 cell line.,HX62 cell line,,,414.186,29,0,0,0,0,0,1,0
CHEMBL103570,C6H16Cl2N2O2Pt,16600.0,4.78,In vitro antitumor activity against SK-OV-3 cell line.,SK-OV-3,,,414.186,29,0,0,0,0,0,1,0
CHEMBL103570,C6H16Cl2N2O2Pt,3500.0,5.46,In vitro antitumor activity against 41M cell line.,41M,,,414.186,29,0,0,0,0,0,1,0
CHEMBL103570,C6H16Cl2N2O2Pt,3200.0,5.5,In vitro antitumor activity against 41McisR cell line.,41M,,,414.186,29,0,0,0,0,0,1,0
CHEMBL103570,C6H16Cl2N2O2Pt,570.0,6.24,In vitro antitumor activity against CH1 cell line.,CH1,,,414.186,29,0,0,0,0,0,1,0
CHEMBL103570,C6H16Cl2N2O2Pt,2000.0,5.7,In vitro antitumor activity against CH1cisR cell line.,CH1,,,414.186,29,0,0,0,0,0,1,0
CHEMBL103570,C6H16Cl2N2O2Pt,800.0,6.1,In vitro antitumor activity against A2780 cell line.,A2780,,,414.186,29,0,0,0,0,0,1,0
CHEMBL103570,C6H16Cl2N2O2Pt,1900.0,5.72,In vitro antitumor activity against A2780cisR cell line.,A2780,,,414.186,29,0,0,0,0,0,1,0
CHEMBL103049,C6H16Cl2N2Pt,4800.0,5.32,In vivo antitumor activity against HX/62 cell line.,HX62 cell line,,,382.188,27,0,0,0,0,0,1,0
CHEMBL103049,C6H16Cl2N2Pt,7100.0,5.15,In vitro antitumor activity against SK-OV-3 cell line.,SK-OV-3,,,382.188,27,0,0,0,0,0,1,0
CHEMBL103049,C6H16Cl2N2Pt,4500.0,5.35,In vitro antitumor activity against 41M cell line.,41M,,,382.188,27,0,0,0,0,0,1,0
CHEMBL103049,C6H16Cl2N2Pt,4100.0,5.39,In vitro antitumor activity against 41McisR cell line.,41M,,,382.188,27,0,0,0,0,0,1,0
CHEMBL103049,C6H16Cl2N2Pt,4000.0,5.4,In vitro antitumor activity against CH1 cell line.,CH1,,,382.188,27,0,0,0,0,0,1,0
CHEMBL103049,C6H16Cl2N2Pt,4400.0,5.36,In vitro antitumor activity against CH1cisR cell line.,CH1,,,382.188,27,0,0,0,0,0,1,0
CHEMBL103049,C6H16Cl2N2Pt,2300.0,5.64,In vitro antitumor activity against A2780 cell line.,A2780,,,382.188,27,0,0,0,0,0,1,0
CHEMBL103049,C6H16Cl2N2Pt,4800.0,5.32,In vitro antitumor activity against A2780cisR cell line.,A2780,,,382.188,27,0,0,0,0,0,1,0
CHEMBL319263,C8H22Cl2N2O2Pt,1300.0,5.89,In vivo antitumor activity against HX/62 cell line.,HX62 cell line,,,444.256,37,0,0,0,0,0,1,0
CHEMBL319263,C8H22Cl2N2O2Pt,1800.0,5.75,In vitro antitumor activity against SK-OV-3 cell line.,SK-OV-3,,,444.256,37,0,0,0,0,0,1,0
CHEMBL319263,C8H22Cl2N2O2Pt,480.0,6.32,In vitro antitumor activity against 41M cell line.,41M,,,444.256,37,0,0,0,0,0,1,0
CHEMBL319263,C8H22Cl2N2O2Pt,1000.0,6.0,In vitro antitumor activity against 41McisR cell line.,41M,,,444.256,37,0,0,0,0,0,1,0
CHEMBL319263,C8H22Cl2N2O2Pt,360.0,6.44,In vitro antitumor activity against CH1 cell line.,CH1,,,444.256,37,0,0,0,0,0,1,0
CHEMBL319263,C8H22Cl2N2O2Pt,550.0,6.26,In vitro antitumor activity against CH1cisR cell line.,CH1,,,444.256,37,0,0,0,0,0,1,0
CHEMBL319263,C8H22Cl2N2O2Pt,400.0,6.4,In vitro antitumor activity against A2780 cell line.,A2780,,,444.256,37,0,0,0,0,0,1,0
CHEMBL319263,C8H22Cl2N2O2Pt,2200.0,5.66,In vitro antitumor activity against A2780cisR cell line.,A2780,,,444.256,37,0,0,0,0,0,1,0
CHEMBL103721,C7H16Cl2N2Pt,2200.0,5.66,In vivo antitumor activity against HX/62 cell line.,HX62 cell line,,,394.19900000000007,28,0,0,0,0,0,1,0
CHEMBL103721,C7H16Cl2N2Pt,3900.0,5.41,In vitro antitumor activity against SK-OV-3 cell line.,SK-OV-3,,,394.19900000000007,28,0,0,0,0,0,1,0
CHEMBL103721,C7H16Cl2N2Pt,780.0,6.11,In vitro antitumor activity against 41M cell line.,41M,,,394.19900000000007,28,0,0,0,0,0,1,0
CHEMBL103721,C7H16Cl2N2Pt,480.0,6.32,In vitro antitumor activity against 41McisR cell line.,41M,,,394.19900000000007,28,0,0,0,0,0,1,0
CHEMBL103721,C7H16Cl2N2Pt,380.0,6.42,In vitro antitumor activity against CH1 cell line.,CH1,,,394.19900000000007,28,0,0,0,0,0,1,0
CHEMBL103721,C7H16Cl2N2Pt,1100.0,5.96,In vitro antitumor activity against CH1cisR cell line.,CH1,,,394.19900000000007,28,0,0,0,0,0,1,0
CHEMBL103721,C7H16Cl2N2Pt,460.0,6.34,In vitro antitumor activity against A2780 cell line.,A2780,,,394.19900000000007,28,0,0,0,0,0,1,0
CHEMBL103721,C7H16Cl2N2Pt,3600.0,5.44,In vitro antitumor activity against A2780cisR cell line.,A2780,,,394.19900000000007,28,0,0,0,0,0,1,0
CHEMBL104893,C6H14Cl2N2Pt,4100.0,5.39,In vivo antitumor activity against HX/62 cell line.,HX62 cell line,,,380.172,25,0,0,0,0,0,1,0
CHEMBL104893,C6H14Cl2N2Pt,7200.0,5.14,In vitro antitumor activity against SK-OV-3 cell line.,SK-OV-3,,,380.172,25,0,0,0,0,0,1,0
CHEMBL104893,C6H14Cl2N2Pt,1700.0,5.77,In vitro antitumor activity against 41M cell line.,41M,,,380.172,25,0,0,0,0,0,1,0
CHEMBL104893,C6H14Cl2N2Pt,1500.0,5.82,In vitro antitumor activity against 41McisR cell line.,41M,,,380.172,25,0,0,0,0,0,1,0
CHEMBL104893,C6H14Cl2N2Pt,1100.0,5.96,In vitro antitumor activity against CH1 cell line.,CH1,,,380.172,25,0,0,0,0,0,1,0
CHEMBL104893,C6H14Cl2N2Pt,3300.0,5.48,In vitro antitumor activity against CH1cisR cell line.,CH1,,,380.172,25,0,0,0,0,0,1,0
CHEMBL104893,C6H14Cl2N2Pt,1200.0,5.92,In vitro antitumor activity against A2780 cell line.,A2780,,,380.172,25,0,0,0,0,0,1,0
CHEMBL104893,C6H14Cl2N2Pt,5700.0,5.24,In vitro antitumor activity against A2780cisR cell line.,A2780,,,380.172,25,0,0,0,0,0,1,0
CHEMBL2068292,C36H48Cl2N2O3Pt,77000.0,4.11,In vitro inhibition of estrogen receptor positive MCF-7 human mammary carcinoma cell proliferation,MCF7,,,822.771,92,0,0,0,0,0,1,0
CHEMBL2068292,C36H48Cl2N2O3Pt,23000.0,4.64,In vitro inhibition of estrogen receptor negative MDA-MD-231 human mammary carcinoma cell proliferation,MDA-MB-231,,,822.771,92,0,0,0,0,0,1,0
CHEMBL2068302,C28H32Cl2N2Pt,8000.0,5.1,In vitro inhibition of estrogen receptor positive MCF-7 human mammary carcinoma cell proliferation,MCF7,,,662.558,65,0,0,0,0,0,1,0
CHEMBL2068302,C28H32Cl2N2Pt,5000.0,5.3,In vitro inhibition of estrogen receptor negative MDA-MD-231 human mammary carcinoma cell proliferation,MDA-MB-231,,,662.558,65,0,0,0,0,0,1,0
CHEMBL317255,C7H16Cl2N2Pt,50000.0,4.301029995663981,In vivo antitumor activity against HX/62 cell line.,HX62 cell line,,,394.19900000000007,28,0,0,0,0,0,1,0
CHEMBL317255,C7H16Cl2N2Pt,50000.0,4.301029995663981,In vitro antitumor activity against SK-OV-3 cell line.,SK-OV-3,,,394.19900000000007,28,0,0,0,0,0,1,0
CHEMBL317255,C7H16Cl2N2Pt,50000.0,4.301029995663981,In vitro antitumor activity against 41M cell line.,41M,,,394.19900000000007,28,0,0,0,0,0,1,0
CHEMBL317255,C7H16Cl2N2Pt,50000.0,4.301029995663981,In vitro antitumor activity against 41McisR cell line.,41M,,,394.19900000000007,28,0,0,0,0,0,1,0
CHEMBL317255,C7H16Cl2N2Pt,50000.0,4.301029995663981,In vitro antitumor activity against CH1 cell line.,CH1,,,394.19900000000007,28,0,0,0,0,0,1,0
CHEMBL317255,C7H16Cl2N2Pt,50000.0,4.301029995663981,In vitro antitumor activity against CH1cisR cell line.,CH1,,,394.19900000000007,28,0,0,0,0,0,1,0
CHEMBL317255,C7H16Cl2N2Pt,26000.0,4.58,In vitro antitumor activity against A2780 cell line.,A2780,,,394.19900000000007,28,0,0,0,0,0,1,0
CHEMBL317255,C7H16Cl2N2Pt,50000.0,4.301029995663981,In vitro antitumor activity against A2780cisR cell line.,A2780,,,394.19900000000007,28,0,0,0,0,0,1,0
CHEMBL430691,C6H14Cl4N2Pt,4400.0,5.36,In vivo antitumor activity against HX/62 cell line.,HX62 cell line,,,451.072,27,0,0,0,0,0,1,0
CHEMBL430691,C6H14Cl4N2Pt,9300.0,5.03,In vitro antitumor activity against SK-OV-3 cell line.,SK-OV-3,,,451.072,27,0,0,0,0,0,1,0
CHEMBL430691,C6H14Cl4N2Pt,3100.0,5.51,In vitro antitumor activity against 41M cell line.,41M,,,451.072,27,0,0,0,0,0,1,0
CHEMBL430691,C6H14Cl4N2Pt,4100.0,5.39,In vitro antitumor activity against 41McisR cell line.,41M,,,451.072,27,0,0,0,0,0,1,0
CHEMBL430691,C6H14Cl4N2Pt,3900.0,5.41,In vitro antitumor activity against CH1 cell line.,CH1,,,451.072,27,0,0,0,0,0,1,0
CHEMBL430691,C6H14Cl4N2Pt,4700.0,5.33,In vitro antitumor activity against CH1cisR cell line.,CH1,,,451.072,27,0,0,0,0,0,1,0
CHEMBL430691,C6H14Cl4N2Pt,1500.0,5.82,In vitro antitumor activity against A2780 cell line.,A2780,,,451.072,27,0,0,0,0,0,1,0
CHEMBL430691,C6H14Cl4N2Pt,5300.0,5.28,In vitro antitumor activity against A2780cisR cell line.,A2780,,,451.072,27,0,0,0,0,0,1,0
CHEMBL2068295,C36H48Cl2N2O2Pt,74000.0,4.13,In vitro inhibition of estrogen receptor positive MCF-7 human mammary carcinoma cell proliferation,MCF7,,,806.772,91,0,0,0,0,0,1,0
CHEMBL2068295,C36H48Cl2N2O2Pt,21000.0,4.68,In vitro inhibition of estrogen receptor negative MDA-MD-231 human mammary carcinoma cell proliferation,MDA-MB-231,,,806.772,91,0,0,0,0,0,1,0
CHEMBL323516,C12H26Cl2N4O4Pt,14000.0,4.85,In vivo antitumor activity against HX/62 cell line.,HX62 cell line,,,556.344,49,0,0,0,0,0,1,0
CHEMBL323516,C12H26Cl2N4O4Pt,19000.0,4.72,In vitro antitumor activity against SK-OV-3 cell line.,SK-OV-3,,,556.344,49,0,0,0,0,0,1,0
CHEMBL323516,C12H26Cl2N4O4Pt,6200.0,5.21,In vitro antitumor activity against 41M cell line.,41M,,,556.344,49,0,0,0,0,0,1,0
CHEMBL323516,C12H26Cl2N4O4Pt,4300.0,5.37,In vitro antitumor activity against 41McisR cell line.,41M,,,556.344,49,0,0,0,0,0,1,0
CHEMBL323516,C12H26Cl2N4O4Pt,4600.0,5.34,In vitro antitumor activity against CH1 cell line.,CH1,,,556.344,49,0,0,0,0,0,1,0
CHEMBL323516,C12H26Cl2N4O4Pt,5600.0,5.25,In vitro antitumor activity against CH1cisR cell line.,CH1,,,556.344,49,0,0,0,0,0,1,0
CHEMBL323516,C12H26Cl2N4O4Pt,3200.0,5.5,In vitro antitumor activity against A2780 cell line.,A2780,,,556.344,49,0,0,0,0,0,1,0
CHEMBL323516,C12H26Cl2N4O4Pt,10600.0,4.97,In vitro antitumor activity against A2780cisR cell line.,A2780,,,556.344,49,0,0,0,0,0,1,0
CHEMBL2068303,C35H46Cl2N2O2Pt,23000.0,4.64,In vitro inhibition of estrogen receptor positive MCF-7 human mammary carcinoma cell proliferation,MCF7,,,792.7450000000001,88,0,0,0,0,0,1,0
CHEMBL2068303,C35H46Cl2N2O2Pt,9300.0,5.03,In vitro inhibition of estrogen receptor negative MDA-MD-231 human mammary carcinoma cell proliferation,MDA-MB-231,,,792.7450000000001,88,0,0,0,0,0,1,0
CHEMBL75222,C14H28O2PtS4,44000.0,4.36,Cytotoxic activity was determined in vitro in MCF-7 cell line culture at pH 6.8,MCF7,,,551.696,49,0,0,0,0,0,1,0
CHEMBL75222,C14H28O2PtS4,47000.0,4.33,Cytotoxic activity was determined in vitro in MCF-7 cell line culture at pH 7.4,MCF7,,,551.696,49,0,0,0,0,0,1,0
CHEMBL75222,C14H28O2PtS4,23000.0,4.64,Cytotoxic activity was determined in vitro in Calu-6 cell line culture at pH 6.8,Calu-6,,,551.696,49,0,0,0,0,0,1,0
CHEMBL75222,C14H28O2PtS4,37000.0,4.43,Cytotoxic activity was determined in vitro in Calu-6 cell line culture at pH 7.4,Calu-6,,,551.696,49,0,0,0,0,0,1,0
CHEMBL75222,C14H28O2PtS4,91000.0,4.040958607678906,Cytotoxic activity was determined in vitro in LXF-289 cell line culture at pH 6.8,LXF-289 cell line,,,551.696,49,0,0,0,0,0,1,0
CHEMBL75222,C14H28O2PtS4,91000.0,4.040958607678906,Cytotoxic activity was determined in vitro in LXF-289 cell line culture at pH 7.4,LXF-289 cell line,,,551.696,49,0,0,0,0,0,1,0
CHEMBL75222,C14H28O2PtS4,37000.0,4.43,Cytotoxic activity was determined in vitro in SK-MEL-25 cell line culture at pH 6.8,SK-MEL-25,,,551.696,49,0,0,0,0,0,1,0
CHEMBL75222,C14H28O2PtS4,70000.0,4.16,Cytotoxic activity was determined in vitro in SK-MEL-25 cell line culture at pH 7.4,SK-MEL-25,,,551.696,49,0,0,0,0,0,1,0
CHEMBL75222,C14H28O2PtS4,102000.0,3.9913998282380825,Cytotoxic activity was determined in vitro in SK-OV-3 cell line culture at pH 6.8,SK-OV-3,,,551.696,49,0,0,0,0,0,1,0
CHEMBL75222,C14H28O2PtS4,130000.0,3.886056647693163,Cytotoxic activity was determined in vitro in SK-OV-3 cell line culture at pH 7.4,SK-OV-3,,,551.696,49,0,0,0,0,0,1,0
CHEMBL75222,C14H28O2PtS4,64000.0,4.19,Cytotoxic activity was determined in vitro in KB cell line culture at pH 6.8,KB,,,551.696,49,0,0,0,0,0,1,0
CHEMBL75222,C14H28O2PtS4,91000.0,4.040958607678906,Cytotoxic activity was determined in vitro in KB cell line culture at pH 7.4,KB,,,551.696,49,0,0,0,0,0,1,0
CHEMBL73466,C12H24O2PtS4,62000.0,4.21,Cytotoxic activity was determined in vitro in MCF-7 cell line culture at pH 6.8,MCF7,,,523.642,43,0,0,0,0,0,1,0
CHEMBL73466,C12H24O2PtS4,86000.0,4.0655015487564325,Cytotoxic activity was determined in vitro in MCF-7 cell line culture at pH 7.4,MCF7,,,523.642,43,0,0,0,0,0,1,0
CHEMBL73466,C12H24O2PtS4,25000.0,4.6,Cytotoxic activity was determined in vitro in Calu-6 cell line culture at pH 6.8,Calu-6,,,523.642,43,0,0,0,0,0,1,0
CHEMBL73466,C12H24O2PtS4,27000.0,4.57,Cytotoxic activity was determined in vitro in Calu-6 cell line culture at pH 7.4,Calu-6,,,523.642,43,0,0,0,0,0,1,0
CHEMBL73466,C12H24O2PtS4,59000.0,4.23,Cytotoxic activity was determined in vitro in LXF-289 cell line culture at pH 6.8,LXF-289 cell line,,,523.642,43,0,0,0,0,0,1,0
CHEMBL73466,C12H24O2PtS4,75000.0,4.12,Cytotoxic activity was determined in vitro in LXF-289 cell line culture at pH 7.4,LXF-289 cell line,,,523.642,43,0,0,0,0,0,1,0
CHEMBL73466,C12H24O2PtS4,72000.0,4.14,Cytotoxic activity was determined in vitro in SK-MEL-25 cell line culture at pH 6.8,SK-MEL-25,,,523.642,43,0,0,0,0,0,1,0
CHEMBL73466,C12H24O2PtS4,83000.0,4.08,Cytotoxic activity was determined in vitro in SK-MEL-25 cell line culture at pH 7.4,SK-MEL-25,,,523.642,43,0,0,0,0,0,1,0
CHEMBL73466,C12H24O2PtS4,86000.0,4.0655015487564325,Cytotoxic activity was determined in vitro in SK-OV-3 cell line culture at pH 6.8,SK-OV-3,,,523.642,43,0,0,0,0,0,1,0
CHEMBL73466,C12H24O2PtS4,86000.0,4.0655015487564325,Cytotoxic activity was determined in vitro in SK-OV-3 cell line culture at pH 7.4,SK-OV-3,,,523.642,43,0,0,0,0,0,1,0
CHEMBL73466,C12H24O2PtS4,86000.0,4.0655015487564325,Cytotoxic activity was determined in vitro in KB cell line culture at pH 6.8,KB,,,523.642,43,0,0,0,0,0,1,0
CHEMBL73466,C12H24O2PtS4,86000.0,4.0655015487564325,Cytotoxic activity was determined in vitro in KB cell line culture at pH 7.4,KB,,,523.642,43,0,0,0,0,0,1,0
CHEMBL312519,C20H40O2PtS4,24000.0,4.62,Cytotoxic activity was determined in vitro in MCF-7 cell line culture at pH 6.8,MCF7,,,635.858,67,0,0,0,0,0,1,0
CHEMBL312519,C20H40O2PtS4,30000.0,4.52,Cytotoxic activity was determined in vitro in MCF-7 cell line culture at pH 7.4,MCF7,,,635.858,67,0,0,0,0,0,1,0
CHEMBL312519,C20H40O2PtS4,76000.0,4.119186407719209,Cytotoxic activity was determined in vitro in Calu-6 cell line culture at pH 6.8,Calu-6,,,635.858,67,0,0,0,0,0,1,0
CHEMBL312519,C20H40O2PtS4,76000.0,4.119186407719209,Cytotoxic activity was determined in vitro in Calu-6 cell line culture at pH 7.4,Calu-6,,,635.858,67,0,0,0,0,0,1,0
CHEMBL312519,C20H40O2PtS4,38000.0,4.42021640338319,Cytotoxic activity was determined in vitro in LXF-289 cell line culture at pH 6.8,LXF-289 cell line,,,635.858,67,0,0,0,0,0,1,0
CHEMBL312519,C20H40O2PtS4,53000.0,4.275724130399211,Cytotoxic activity was determined in vitro in LXF-289 cell line culture at pH 7.4,LXF-289 cell line,,,635.858,67,0,0,0,0,0,1,0
CHEMBL312519,C20H40O2PtS4,76000.0,4.119186407719209,Cytotoxic activity was determined in vitro in SK-MEL-25 cell line culture at pH 6.8,SK-MEL-25,,,635.858,67,0,0,0,0,0,1,0
CHEMBL312519,C20H40O2PtS4,76000.0,4.119186407719209,Cytotoxic activity was determined in vitro in SK-MEL-25 cell line culture at pH 7.4,SK-MEL-25,,,635.858,67,0,0,0,0,0,1,0
CHEMBL312519,C20H40O2PtS4,76000.0,4.119186407719209,Cytotoxic activity was determined in vitro in SK-OV-3 cell line culture at pH 6.8,SK-OV-3,,,635.858,67,0,0,0,0,0,1,0
CHEMBL312519,C20H40O2PtS4,76000.0,4.119186407719209,Cytotoxic activity was determined in vitro in SK-OV-3 cell line culture at pH 7.4,SK-OV-3,,,635.858,67,0,0,0,0,0,1,0
CHEMBL312519,C20H40O2PtS4,76000.0,4.119186407719209,Cytotoxic activity was determined in vitro in KB cell line culture at pH 6.8,KB,,,635.858,67,0,0,0,0,0,1,0
CHEMBL312519,C20H40O2PtS4,76000.0,4.119186407719209,Cytotoxic activity was determined in vitro in KB cell line culture at pH 7.4,KB,,,635.858,67,0,0,0,0,0,1,0
CHEMBL309353,C14H24O2PtS4,5000.0,5.3,Cytotoxic activity was determined in vitro in MCF-7 cell line culture at pH 6.8,MCF7,,,547.664,45,0,0,0,0,0,1,0
CHEMBL309353,C14H24O2PtS4,9000.0,5.05,Cytotoxic activity was determined in vitro in MCF-7 cell line culture at pH 7.4,MCF7,,,547.664,45,0,0,0,0,0,1,0
CHEMBL309353,C14H24O2PtS4,3000.0,5.52,Cytotoxic activity was determined in vitro in Calu-6 cell line culture at pH 6.8,Calu-6,,,547.664,45,0,0,0,0,0,1,0
CHEMBL309353,C14H24O2PtS4,8000.0,5.1,Cytotoxic activity was determined in vitro in Calu-6 cell line culture at pH 7.4,Calu-6,,,547.664,45,0,0,0,0,0,1,0
CHEMBL309353,C14H24O2PtS4,6000.0,5.22,Cytotoxic activity was determined in vitro in LXF-289 cell line culture at pH 6.8,LXF-289 cell line,,,547.664,45,0,0,0,0,0,1,0
CHEMBL309353,C14H24O2PtS4,12000.0,4.92,Cytotoxic activity was determined in vitro in LXF-289 cell line culture at pH 7.4,LXF-289 cell line,,,547.664,45,0,0,0,0,0,1,0
CHEMBL309353,C14H24O2PtS4,3000.0,5.52,Cytotoxic activity was determined in vitro in SK-MEL-25 cell line culture at pH 6.8,SK-MEL-25,,,547.664,45,0,0,0,0,0,1,0
CHEMBL309353,C14H24O2PtS4,8000.0,5.1,Cytotoxic activity was determined in vitro in SK-MEL-25 cell line culture at pH 7.4,SK-MEL-25,,,547.664,45,0,0,0,0,0,1,0
CHEMBL309353,C14H24O2PtS4,9000.0,5.05,Cytotoxic activity was determined in vitro in SK-OV-3 cell line culture at pH 6.8,SK-OV-3,,,547.664,45,0,0,0,0,0,1,0
CHEMBL309353,C14H24O2PtS4,12000.0,4.92,Cytotoxic activity was determined in vitro in SK-OV-3 cell line culture at pH 7.4,SK-OV-3,,,547.664,45,0,0,0,0,0,1,0
CHEMBL309353,C14H24O2PtS4,6000.0,5.22,Cytotoxic activity was determined in vitro in KB cell line culture at pH 6.8,KB,,,547.664,45,0,0,0,0,0,1,0
CHEMBL309353,C14H24O2PtS4,9000.0,5.05,Cytotoxic activity was determined in vitro in KB cell line culture at pH 7.4,KB,,,547.664,45,0,0,0,0,0,1,0
CHEMBL310027,C24H36O2PtS4,32000.0,4.5,Cytotoxic activity was determined in vitro in MCF-7 cell line culture at pH 6.8,MCF7,,,679.87,67,0,0,0,0,0,1,0
CHEMBL310027,C24H36O2PtS4,38000.0,4.42021640338319,Cytotoxic activity was determined in vitro in MCF-7 cell line culture at pH 7.4,MCF7,,,679.87,67,0,0,0,0,0,1,0
CHEMBL310027,C24H36O2PtS4,8000.0,5.1,Cytotoxic activity was determined in vitro in Calu-6 cell line culture at pH 6.8,Calu-6,,,679.87,67,0,0,0,0,0,1,0
CHEMBL310027,C24H36O2PtS4,18000.0,4.75,Cytotoxic activity was determined in vitro in Calu-6 cell line culture at pH 7.4,Calu-6,,,679.87,67,0,0,0,0,0,1,0
CHEMBL310027,C24H36O2PtS4,38000.0,4.42021640338319,Cytotoxic activity was determined in vitro in LXF-289 cell line culture at pH 6.8,LXF-289 cell line,,,679.87,67,0,0,0,0,0,1,0
CHEMBL310027,C24H36O2PtS4,38000.0,4.42021640338319,Cytotoxic activity was determined in vitro in LXF-289 cell line culture at pH 7.4,LXF-289 cell line,,,679.87,67,0,0,0,0,0,1,0
CHEMBL310027,C24H36O2PtS4,38000.0,4.42021640338319,Cytotoxic activity was determined in vitro in SK-MEL-25 cell line culture at pH 6.8,SK-MEL-25,,,679.87,67,0,0,0,0,0,1,0
CHEMBL310027,C24H36O2PtS4,38000.0,4.42021640338319,Cytotoxic activity was determined in vitro in SK-MEL-25 cell line culture at pH 7.4,SK-MEL-25,,,679.87,67,0,0,0,0,0,1,0
CHEMBL310027,C24H36O2PtS4,38000.0,4.42021640338319,Cytotoxic activity was determined in vitro in SK-OV-3 cell line culture at pH 6.8,SK-OV-3,,,679.87,67,0,0,0,0,0,1,0
CHEMBL310027,C24H36O2PtS4,38000.0,4.42021640338319,Cytotoxic activity was determined in vitro in SK-OV-3 cell line culture at pH 7.4,SK-OV-3,,,679.87,67,0,0,0,0,0,1,0
CHEMBL310027,C24H36O2PtS4,77000.0,4.113509274827518,Cytotoxic activity was determined in vitro in KB cell line culture at pH 6.8,KB,,,679.87,67,0,0,0,0,0,1,0
CHEMBL310027,C24H36O2PtS4,77000.0,4.113509274827518,Cytotoxic activity was determined in vitro in KB cell line culture at pH 7.4,KB,,,679.87,67,0,0,0,0,0,1,0
CHEMBL75221,C18H36O2PtS4,31000.0,4.51,Cytotoxic activity was determined in vitro in MCF-7 cell line culture at pH 6.8,MCF7,,,607.804,61,0,0,0,0,0,1,0
CHEMBL75221,C18H36O2PtS4,31000.0,4.51,Cytotoxic activity was determined in vitro in MCF-7 cell line culture at pH 7.4,MCF7,,,607.804,61,0,0,0,0,0,1,0
CHEMBL75221,C18H36O2PtS4,23000.0,4.64,Cytotoxic activity was determined in vitro in Calu-6 cell line culture at pH 6.8,Calu-6,,,607.804,61,0,0,0,0,0,1,0
CHEMBL75221,C18H36O2PtS4,56000.0,4.25,Cytotoxic activity was determined in vitro in Calu-6 cell line culture at pH 7.4,Calu-6,,,607.804,61,0,0,0,0,0,1,0
CHEMBL75221,C18H36O2PtS4,30000.0,4.52,Cytotoxic activity was determined in vitro in LXF-289 cell line culture at pH 6.8,LXF-289 cell line,,,607.804,61,0,0,0,0,0,1,0
CHEMBL75221,C18H36O2PtS4,83000.0,4.08,Cytotoxic activity was determined in vitro in LXF-289 cell line culture at pH 7.4,LXF-289 cell line,,,607.804,61,0,0,0,0,0,1,0
CHEMBL75221,C18H36O2PtS4,56000.0,4.25,Cytotoxic activity was determined in vitro in SK-MEL-25 cell line culture at pH 6.8,SK-MEL-25,,,607.804,61,0,0,0,0,0,1,0
CHEMBL75221,C18H36O2PtS4,83000.0,4.080921907623926,Cytotoxic activity was determined in vitro in SK-MEL-25 cell line culture at pH 7.4,SK-MEL-25,,,607.804,61,0,0,0,0,0,1,0
CHEMBL75221,C18H36O2PtS4,83000.0,4.080921907623926,Cytotoxic activity was determined in vitro in SK-OV-3 cell line culture at pH 6.8,SK-OV-3,,,607.804,61,0,0,0,0,0,1,0
CHEMBL75221,C18H36O2PtS4,83000.0,4.080921907623926,Cytotoxic activity was determined in vitro in SK-OV-3 cell line culture at pH 7.4,SK-OV-3,,,607.804,61,0,0,0,0,0,1,0
CHEMBL75221,C18H36O2PtS4,83000.0,4.080921907623926,Cytotoxic activity was determined in vitro in KB cell line culture at pH 6.8,KB,,,607.804,61,0,0,0,0,0,1,0
CHEMBL75221,C18H36O2PtS4,83000.0,4.080921907623926,Cytotoxic activity was determined in vitro in KB cell line culture at pH 7.4,KB,,,607.804,61,0,0,0,0,0,1,0
CHEMBL75705,C12H24O2PtS4,5000.0,5.3,Cytotoxic activity was determined in vitro in MCF-7 cell line culture at pH 6.8,MCF7,,,523.642,43,0,0,0,0,0,1,0
CHEMBL75705,C12H24O2PtS4,6000.0,5.22,Cytotoxic activity was determined in vitro in MCF-7 cell line culture at pH 7.4,MCF7,,,523.642,43,0,0,0,0,0,1,0
CHEMBL75705,C12H24O2PtS4,3000.0,5.52,Cytotoxic activity was determined in vitro in Calu-6 cell line culture at pH 6.8,Calu-6,,,523.642,43,0,0,0,0,0,1,0
CHEMBL75705,C12H24O2PtS4,5000.0,5.3,Cytotoxic activity was determined in vitro in Calu-6 cell line culture at pH 7.4,Calu-6,,,523.642,43,0,0,0,0,0,1,0
CHEMBL75705,C12H24O2PtS4,8000.0,5.1,Cytotoxic activity was determined in vitro in LXF-289 cell line culture at pH 6.8,LXF-289 cell line,,,523.642,43,0,0,0,0,0,1,0
CHEMBL75705,C12H24O2PtS4,10000.0,5.0,Cytotoxic activity was determined in vitro in LXF-289 cell line culture at pH 7.4,LXF-289 cell line,,,523.642,43,0,0,0,0,0,1,0
CHEMBL75705,C12H24O2PtS4,5000.0,5.3,Cytotoxic activity was determined in vitro in SK-MEL-25 cell line culture at pH 6.8,SK-MEL-25,,,523.642,43,0,0,0,0,0,1,0
CHEMBL75705,C12H24O2PtS4,9000.0,5.05,Cytotoxic activity was determined in vitro in SK-MEL-25 cell line culture at pH 7.4,SK-MEL-25,,,523.642,43,0,0,0,0,0,1,0
CHEMBL75705,C12H24O2PtS4,8000.0,5.1,Cytotoxic activity was determined in vitro in SK-OV-3 cell line culture at pH 6.8,SK-OV-3,,,523.642,43,0,0,0,0,0,1,0
CHEMBL75705,C12H24O2PtS4,5000.0,5.3,Cytotoxic activity was determined in vitro in SK-OV-3 cell line culture at pH 7.4,SK-OV-3,,,523.642,43,0,0,0,0,0,1,0
CHEMBL75705,C12H24O2PtS4,4000.0,5.4,Cytotoxic activity was determined in vitro in KB cell line culture at pH 6.8,KB,,,523.642,43,0,0,0,0,0,1,0
CHEMBL75705,C12H24O2PtS4,5000.0,5.3,Cytotoxic activity was determined in vitro in KB cell line culture at pH 7.4,KB,,,523.642,43,0,0,0,0,0,1,0
CHEMBL72313,C10H20O2PtS4,27000.0,4.57,Cytotoxic activity was determined in vitro in MCF-7 cell line culture at pH 6.8,MCF7,,,495.588,37,0,0,0,0,0,1,0
CHEMBL72313,C10H20O2PtS4,23000.0,4.64,Cytotoxic activity was determined in vitro in MCF-7 cell line culture at pH 7.4,MCF7,,,495.588,37,0,0,0,0,0,1,0
CHEMBL72313,C10H20O2PtS4,9000.0,5.05,Cytotoxic activity was determined in vitro in Calu-6 cell line culture at pH 6.8,Calu-6,,,495.588,37,0,0,0,0,0,1,0
CHEMBL72313,C10H20O2PtS4,10000.0,5.0,Cytotoxic activity was determined in vitro in Calu-6 cell line culture at pH 7.4,Calu-6,,,495.588,37,0,0,0,0,0,1,0
CHEMBL72313,C10H20O2PtS4,19000.0,4.72,Cytotoxic activity was determined in vitro in LXF-289 cell line culture at pH 6.8,LXF-289 cell line,,,495.588,37,0,0,0,0,0,1,0
CHEMBL72313,C10H20O2PtS4,37000.0,4.43,Cytotoxic activity was determined in vitro in LXF-289 cell line culture at pH 7.4,LXF-289 cell line,,,495.588,37,0,0,0,0,0,1,0
CHEMBL72313,C10H20O2PtS4,15000.0,4.82,Cytotoxic activity was determined in vitro in SK-MEL-25 cell line culture at pH 6.8,SK-MEL-25,,,495.588,37,0,0,0,0,0,1,0
CHEMBL72313,C10H20O2PtS4,21000.0,4.68,Cytotoxic activity was determined in vitro in SK-MEL-25 cell line culture at pH 7.4,SK-MEL-25,,,495.588,37,0,0,0,0,0,1,0
CHEMBL72313,C10H20O2PtS4,32000.0,4.5,Cytotoxic activity was determined in vitro in SK-OV-3 cell line culture at pH 6.8,SK-OV-3,,,495.588,37,0,0,0,0,0,1,0
CHEMBL72313,C10H20O2PtS4,61000.0,4.21,Cytotoxic activity was determined in vitro in SK-OV-3 cell line culture at pH 7.4,SK-OV-3,,,495.588,37,0,0,0,0,0,1,0
CHEMBL72313,C10H20O2PtS4,30000.0,4.52,Cytotoxic activity was determined in vitro in KB cell line culture at pH 6.8,KB,,,495.588,37,0,0,0,0,0,1,0
CHEMBL72313,C10H20O2PtS4,47000.0,4.33,Cytotoxic activity was determined in vitro in KB cell line culture at pH 7.4,KB,,,495.588,37,0,0,0,0,0,1,0
CHEMBL2146200,C6H18Cl2N2Pt,30000.0,4.52,Cytotoxicity against human promyelocytic leukemia cell line HL-60 (obtained by MTT assay).,HL-60,,,384.20400000000006,29,0,0,0,0,0,1,0
CHEMBL2146200,C6H18Cl2N2Pt,9000.0,5.05,Cytotoxicity against human acute T-cell leukemia cell line JURKAT (obtained by MTT assay).,Jurkat,,,384.20400000000006,29,0,0,0,0,0,1,0
CHEMBL2146200,C6H18Cl2N2Pt,65000.0,4.19,Cytotoxicity against human cervix epithelial carcinoma cell line HeLa (obtained by MTT assay).,HeLa,,,384.20400000000006,29,0,0,0,0,0,1,0
CHEMBL72317,C10H16O2PtS4,95000.0,4.02,Cytotoxic activity was determined in vitro in MCF-7 cell line culture at pH 6.8,MCF7,,,491.556,33,0,0,0,0,0,1,0
CHEMBL72317,C10H16O2PtS4,90000.0,4.05,Cytotoxic activity was determined in vitro in MCF-7 cell line culture at pH 7.4,MCF7,,,491.556,33,0,0,0,0,0,1,0
CHEMBL72317,C10H16O2PtS4,17000.0,4.77,Cytotoxic activity was determined in vitro in Calu-6 cell line culture at pH 6.8,Calu-6,,,491.556,33,0,0,0,0,0,1,0
CHEMBL72317,C10H16O2PtS4,33000.0,4.48,Cytotoxic activity was determined in vitro in Calu-6 cell line culture at pH 7.4,Calu-6,,,491.556,33,0,0,0,0,0,1,0
CHEMBL72317,C10H16O2PtS4,102000.0,3.9913998282380825,Cytotoxic activity was determined in vitro in LXF-289 cell line culture at pH 6.8,LXF-289 cell line,,,491.556,33,0,0,0,0,0,1,0
CHEMBL72317,C10H16O2PtS4,102000.0,3.9913998282380825,Cytotoxic activity was determined in vitro in LXF-289 cell line culture at pH 7.4,LXF-289 cell line,,,491.556,33,0,0,0,0,0,1,0
CHEMBL72317,C10H16O2PtS4,64000.0,4.19,Cytotoxic activity was determined in vitro in SK-MEL-25 cell line culture at pH 6.8,SK-MEL-25,,,491.556,33,0,0,0,0,0,1,0
CHEMBL72317,C10H16O2PtS4,85000.0,4.07,Cytotoxic activity was determined in vitro in SK-MEL-25 cell line culture at pH 7.4,SK-MEL-25,,,491.556,33,0,0,0,0,0,1,0
CHEMBL72317,C10H16O2PtS4,95000.0,4.02,Cytotoxic activity was determined in vitro in SK-OV-3 cell line culture at pH 6.8,SK-OV-3,,,491.556,33,0,0,0,0,0,1,0
CHEMBL72317,C10H16O2PtS4,67000.0,4.17,Cytotoxic activity was determined in vitro in SK-OV-3 cell line culture at pH 7.4,SK-OV-3,,,491.556,33,0,0,0,0,0,1,0
CHEMBL72317,C10H16O2PtS4,33000.0,4.48,Cytotoxic activity was determined in vitro in KB cell line culture at pH 6.8,KB,,,491.556,33,0,0,0,0,0,1,0
CHEMBL72317,C10H16O2PtS4,72000.0,4.14,Cytotoxic activity was determined in vitro in KB cell line culture at pH 7.4,KB,,,491.556,33,0,0,0,0,0,1,0
CHEMBL419256,C8H16O2PtS4,3000.0,5.52,Cytotoxic activity was determined in vitro in MCF-7 cell line culture at pH 6.8,MCF7,,,467.534,31,0,0,0,0,0,1,0
CHEMBL419256,C8H16O2PtS4,7000.0,5.16,Cytotoxic activity was determined in vitro in MCF-7 cell line culture at pH 7.4,MCF7,,,467.534,31,0,0,0,0,0,1,0
CHEMBL419256,C8H16O2PtS4,6000.0,5.22,Cytotoxic activity was determined in vitro in Calu-6 cell line culture at pH 6.8,Calu-6,,,467.534,31,0,0,0,0,0,1,0
CHEMBL419256,C8H16O2PtS4,10000.0,5.0,Cytotoxic activity was determined in vitro in Calu-6 cell line culture at pH 7.4,Calu-6,,,467.534,31,0,0,0,0,0,1,0
CHEMBL419256,C8H16O2PtS4,10000.0,5.0,Cytotoxic activity was determined in vitro in LXF-289 cell line culture at pH 6.8,LXF-289 cell line,,,467.534,31,0,0,0,0,0,1,0
CHEMBL419256,C8H16O2PtS4,30000.0,4.52,Cytotoxic activity was determined in vitro in LXF-289 cell line culture at pH 7.4,LXF-289 cell line,,,467.534,31,0,0,0,0,0,1,0
CHEMBL419256,C8H16O2PtS4,6000.0,5.22,Cytotoxic activity was determined in vitro in SK-MEL-25 cell line culture at pH 6.8,SK-MEL-25,,,467.534,31,0,0,0,0,0,1,0
CHEMBL419256,C8H16O2PtS4,12000.0,4.92,Cytotoxic activity was determined in vitro in SK-MEL-25 cell line culture at pH 7.4,SK-MEL-25,,,467.534,31,0,0,0,0,0,1,0
CHEMBL419256,C8H16O2PtS4,14000.0,4.85,Cytotoxic activity was determined in vitro in SK-OV-3 cell line culture at pH 6.8,SK-OV-3,,,467.534,31,0,0,0,0,0,1,0
CHEMBL419256,C8H16O2PtS4,33000.0,4.48,Cytotoxic activity was determined in vitro in SK-OV-3 cell line culture at pH 7.4,SK-OV-3,,,467.534,31,0,0,0,0,0,1,0
CHEMBL419256,C8H16O2PtS4,6000.0,5.22,Cytotoxic activity was determined in vitro in KB cell line culture at pH 6.8,KB,,,467.534,31,0,0,0,0,0,1,0
CHEMBL419256,C8H16O2PtS4,10000.0,5.0,Cytotoxic activity was determined in vitro in KB cell line culture at pH 7.4,KB,,,467.534,31,0,0,0,0,0,1,0
CHEMBL72640,C12H20O2PtS4,5000.0,5.3,Cytotoxic activity was determined in vitro in MCF-7 cell line culture at pH 6.8,MCF7,,,519.61,39,0,0,0,0,0,1,0
CHEMBL72640,C12H20O2PtS4,10000.0,5.0,Cytotoxic activity was determined in vitro in MCF-7 cell line culture at pH 7.4,MCF7,,,519.61,39,0,0,0,0,0,1,0
CHEMBL72640,C12H20O2PtS4,3000.0,5.52,Cytotoxic activity was determined in vitro in Calu-6 cell line culture at pH 6.8,Calu-6,,,519.61,39,0,0,0,0,0,1,0
CHEMBL72640,C12H20O2PtS4,5000.0,5.3,Cytotoxic activity was determined in vitro in Calu-6 cell line culture at pH 7.4,Calu-6,,,519.61,39,0,0,0,0,0,1,0
CHEMBL72640,C12H20O2PtS4,37000.0,4.43,Cytotoxic activity was determined in vitro in LXF-289 cell line culture at pH 6.8,LXF-289 cell line,,,519.61,39,0,0,0,0,0,1,0
CHEMBL72640,C12H20O2PtS4,38000.0,4.42,Cytotoxic activity was determined in vitro in LXF-289 cell line culture at pH 7.4,LXF-289 cell line,,,519.61,39,0,0,0,0,0,1,0
CHEMBL72640,C12H20O2PtS4,5000.0,5.3,Cytotoxic activity was determined in vitro in SK-MEL-25 cell line culture at pH 6.8,SK-MEL-25,,,519.61,39,0,0,0,0,0,1,0
CHEMBL72640,C12H20O2PtS4,9000.0,5.05,Cytotoxic activity was determined in vitro in SK-MEL-25 cell line culture at pH 7.4,SK-MEL-25,,,519.61,39,0,0,0,0,0,1,0
CHEMBL72640,C12H20O2PtS4,17000.0,4.77,Cytotoxic activity was determined in vitro in SK-OV-3 cell line culture at pH 6.8,SK-OV-3,,,519.61,39,0,0,0,0,0,1,0
CHEMBL72640,C12H20O2PtS4,26000.0,4.58,Cytotoxic activity was determined in vitro in SK-OV-3 cell line culture at pH 7.4,SK-OV-3,,,519.61,39,0,0,0,0,0,1,0
CHEMBL72640,C12H20O2PtS4,14000.0,4.85,Cytotoxic activity was determined in vitro in KB cell line culture at pH 6.8,KB,,,519.61,39,0,0,0,0,0,1,0
CHEMBL72640,C12H20O2PtS4,24000.0,4.62,Cytotoxic activity was determined in vitro in KB cell line culture at pH 7.4,KB,,,519.61,39,0,0,0,0,0,1,0
CHEMBL447841,C12H24O2PtS4,23000.0,4.64,Cytotoxic activity was determined in vitro in MCF-7 cell line culture at pH 6.8,MCF7,,,523.642,43,0,0,0,0,0,1,0
CHEMBL447841,C12H24O2PtS4,40000.0,4.4,Cytotoxic activity was determined in vitro in MCF-7 cell line culture at pH 7.4,MCF7,,,523.642,43,0,0,0,0,0,1,0
CHEMBL447841,C12H24O2PtS4,6000.0,5.22,Cytotoxic activity was determined in vitro in Calu-6 cell line culture at pH 6.8,Calu-6,,,523.642,43,0,0,0,0,0,1,0
CHEMBL447841,C12H24O2PtS4,21000.0,4.68,Cytotoxic activity was determined in vitro in Calu-6 cell line culture at pH 7.4,Calu-6,,,523.642,43,0,0,0,0,0,1,0
CHEMBL447841,C12H24O2PtS4,23000.0,4.64,Cytotoxic activity was determined in vitro in LXF-289 cell line culture at pH 6.8,LXF-289 cell line,,,523.642,43,0,0,0,0,0,1,0
CHEMBL447841,C12H24O2PtS4,71000.0,4.15,Cytotoxic activity was determined in vitro in LXF-289 cell line culture at pH 7.4,LXF-289 cell line,,,523.642,43,0,0,0,0,0,1,0
CHEMBL447841,C12H24O2PtS4,20000.0,4.7,Cytotoxic activity was determined in vitro in SK-MEL-25 cell line culture at pH 6.8,SK-MEL-25,,,523.642,43,0,0,0,0,0,1,0
CHEMBL447841,C12H24O2PtS4,35000.0,4.46,Cytotoxic activity was determined in vitro in SK-MEL-25 cell line culture at pH 7.4,SK-MEL-25,,,523.642,43,0,0,0,0,0,1,0
CHEMBL447841,C12H24O2PtS4,24000.0,4.62,Cytotoxic activity was determined in vitro in SK-OV-3 cell line culture at pH 6.8,SK-OV-3,,,523.642,43,0,0,0,0,0,1,0
CHEMBL447841,C12H24O2PtS4,21000.0,4.68,Cytotoxic activity was determined in vitro in SK-OV-3 cell line culture at pH 7.4,SK-OV-3,,,523.642,43,0,0,0,0,0,1,0
CHEMBL447841,C12H24O2PtS4,35000.0,4.46,Cytotoxic activity was determined in vitro in KB cell line culture at pH 6.8,KB,,,523.642,43,0,0,0,0,0,1,0
CHEMBL447841,C12H24O2PtS4,19000.0,4.72,Cytotoxic activity was determined in vitro in KB cell line culture at pH 7.4,KB,,,523.642,43,0,0,0,0,0,1,0
CHEMBL72641,C10H16O2PtS4,11000.0,4.96,Cytotoxic activity was determined in vitro in MCF-7 cell line culture at pH 6.8,MCF7,,,491.556,33,0,0,0,0,0,1,0
CHEMBL72641,C10H16O2PtS4,21000.0,4.68,Cytotoxic activity was determined in vitro in MCF-7 cell line culture at pH 7.4,MCF7,,,491.556,33,0,0,0,0,0,1,0
CHEMBL72641,C10H16O2PtS4,3000.0,5.52,Cytotoxic activity was determined in vitro in Calu-6 cell line culture at pH 6.8,Calu-6,,,491.556,33,0,0,0,0,0,1,0
CHEMBL72641,C10H16O2PtS4,7000.0,5.16,Cytotoxic activity was determined in vitro in Calu-6 cell line culture at pH 7.4,Calu-6,,,491.556,33,0,0,0,0,0,1,0
CHEMBL72641,C10H16O2PtS4,37000.0,4.43,Cytotoxic activity was determined in vitro in LXF-289 cell line culture at pH 6.8,LXF-289 cell line,,,491.556,33,0,0,0,0,0,1,0
CHEMBL72641,C10H16O2PtS4,44000.0,4.36,Cytotoxic activity was determined in vitro in LXF-289 cell line culture at pH 7.4,LXF-289 cell line,,,491.556,33,0,0,0,0,0,1,0
CHEMBL72641,C10H16O2PtS4,7000.0,5.16,Cytotoxic activity was determined in vitro in SK-MEL-25 cell line culture at pH 6.8,SK-MEL-25,,,491.556,33,0,0,0,0,0,1,0
CHEMBL72641,C10H16O2PtS4,12000.0,4.92,Cytotoxic activity was determined in vitro in SK-MEL-25 cell line culture at pH 7.4,SK-MEL-25,,,491.556,33,0,0,0,0,0,1,0
CHEMBL72641,C10H16O2PtS4,17000.0,4.77,Cytotoxic activity was determined in vitro in SK-OV-3 cell line culture at pH 6.8,SK-OV-3,,,491.556,33,0,0,0,0,0,1,0
CHEMBL72641,C10H16O2PtS4,19000.0,4.72,Cytotoxic activity was determined in vitro in SK-OV-3 cell line culture at pH 7.4,SK-OV-3,,,491.556,33,0,0,0,0,0,1,0
CHEMBL72641,C10H16O2PtS4,6000.0,5.22,Cytotoxic activity was determined in vitro in KB cell line culture at pH 6.8,KB,,,491.556,33,0,0,0,0,0,1,0
CHEMBL72641,C10H16O2PtS4,20000.0,4.7,Cytotoxic activity was determined in vitro in KB cell line culture at pH 7.4,KB,,,491.556,33,0,0,0,0,0,1,0
CHEMBL73585,C12H24O2PtS4,10000.0,5.0,Cytotoxic activity was determined in vitro in MCF-7 cell line culture at pH 6.8,MCF7,,,523.642,43,0,0,0,0,0,1,0
CHEMBL73585,C12H24O2PtS4,34000.0,4.47,Cytotoxic activity was determined in vitro in MCF-7 cell line culture at pH 7.4,MCF7,,,523.642,43,0,0,0,0,0,1,0
CHEMBL73585,C12H24O2PtS4,9000.0,5.05,Cytotoxic activity was determined in vitro in Calu-6 cell line culture at pH 6.8,Calu-6,,,523.642,43,0,0,0,0,0,1,0
CHEMBL73585,C12H24O2PtS4,15000.0,4.82,Cytotoxic activity was determined in vitro in Calu-6 cell line culture at pH 7.4,Calu-6,,,523.642,43,0,0,0,0,0,1,0
CHEMBL73585,C12H24O2PtS4,38000.0,4.42,Cytotoxic activity was determined in vitro in LXF-289 cell line culture at pH 6.8,LXF-289 cell line,,,523.642,43,0,0,0,0,0,1,0
CHEMBL73585,C12H24O2PtS4,62000.0,4.21,Cytotoxic activity was determined in vitro in LXF-289 cell line culture at pH 7.4,LXF-289 cell line,,,523.642,43,0,0,0,0,0,1,0
CHEMBL73585,C12H24O2PtS4,19000.0,4.72,Cytotoxic activity was determined in vitro in SK-MEL-25 cell line culture at pH 6.8,SK-MEL-25,,,523.642,43,0,0,0,0,0,1,0
CHEMBL73585,C12H24O2PtS4,32000.0,4.5,Cytotoxic activity was determined in vitro in SK-MEL-25 cell line culture at pH 7.4,SK-MEL-25,,,523.642,43,0,0,0,0,0,1,0
CHEMBL73585,C12H24O2PtS4,31000.0,4.51,Cytotoxic activity was determined in vitro in SK-OV-3 cell line culture at pH 6.8,SK-OV-3,,,523.642,43,0,0,0,0,0,1,0
CHEMBL73585,C12H24O2PtS4,66000.0,4.18,Cytotoxic activity was determined in vitro in SK-OV-3 cell line culture at pH 7.4,SK-OV-3,,,523.642,43,0,0,0,0,0,1,0
CHEMBL73585,C12H24O2PtS4,16000.0,4.8,Cytotoxic activity was determined in vitro in KB cell line culture at pH 6.8,KB,,,523.642,43,0,0,0,0,0,1,0
CHEMBL73585,C12H24O2PtS4,25000.0,4.6,Cytotoxic activity was determined in vitro in KB cell line culture at pH 7.4,KB,,,523.642,43,0,0,0,0,0,1,0
CHEMBL72816,C24H32O2PtS4,50000.0,4.301029995663981,Cytotoxic activity was determined in vitro in MCF-7 cell line culture at pH 6.8,MCF7,,,675.838,63,0,0,0,0,0,1,0
CHEMBL72816,C24H32O2PtS4,50000.0,4.301029995663981,Cytotoxic activity was determined in vitro in MCF-7 cell line culture at pH 7.4,MCF7,,,675.838,63,0,0,0,0,0,1,0
CHEMBL72816,C24H32O2PtS4,10000.0,5.0,Cytotoxic activity was determined in vitro in Calu-6 cell line culture at pH 6.8,Calu-6,,,675.838,63,0,0,0,0,0,1,0
CHEMBL72816,C24H32O2PtS4,17000.0,4.77,Cytotoxic activity was determined in vitro in Calu-6 cell line culture at pH 7.4,Calu-6,,,675.838,63,0,0,0,0,0,1,0
CHEMBL72816,C24H32O2PtS4,50000.0,4.301029995663981,Cytotoxic activity was determined in vitro in LXF-289 cell line culture at pH 6.8,LXF-289 cell line,,,675.838,63,0,0,0,0,0,1,0
CHEMBL72816,C24H32O2PtS4,50000.0,4.301029995663981,Cytotoxic activity was determined in vitro in LXF-289 cell line culture at pH 7.4,LXF-289 cell line,,,675.838,63,0,0,0,0,0,1,0
CHEMBL72816,C24H32O2PtS4,50000.0,4.301029995663981,Cytotoxic activity was determined in vitro in SK-MEL-25 cell line culture at pH 6.8,SK-MEL-25,,,675.838,63,0,0,0,0,0,1,0
CHEMBL72816,C24H32O2PtS4,50000.0,4.301029995663981,Cytotoxic activity was determined in vitro in SK-MEL-25 cell line culture at pH 7.4,SK-MEL-25,,,675.838,63,0,0,0,0,0,1,0
CHEMBL72816,C24H32O2PtS4,50000.0,4.301029995663981,Cytotoxic activity was determined in vitro in SK-OV-3 cell line culture at pH 6.8,SK-OV-3,,,675.838,63,0,0,0,0,0,1,0
CHEMBL72816,C24H32O2PtS4,50000.0,4.301029995663981,Cytotoxic activity was determined in vitro in SK-OV-3 cell line culture at pH 7.4,SK-OV-3,,,675.838,63,0,0,0,0,0,1,0
CHEMBL72816,C24H32O2PtS4,50000.0,4.301029995663981,Cytotoxic activity was determined in vitro in KB cell line culture at pH 6.8,KB,,,675.838,63,0,0,0,0,0,1,0
CHEMBL72816,C24H32O2PtS4,50000.0,4.301029995663981,Cytotoxic activity was determined in vitro in KB cell line culture at pH 7.4,KB,,,675.838,63,0,0,0,0,0,1,0
CHEMBL2146194,C7H20Cl2N2Pt,18000.0,4.75,Cytotoxicity against human promyelocytic leukemia cell line HL-60 (obtained by MTT assay).,HL-60,,,398.231,32,0,0,0,0,0,1,0
CHEMBL2146194,C7H20Cl2N2Pt,7000.0,5.16,Cytotoxicity against human acute T-cell leukemia cell line JURKAT (obtained by MTT assay).,Jurkat,,,398.231,32,0,0,0,0,0,1,0
CHEMBL2146194,C7H20Cl2N2Pt,35000.0,4.46,Cytotoxicity against human cervix epithelial carcinoma cell line HeLa (obtained by MTT assay).,HeLa,,,398.231,32,0,0,0,0,0,1,0
CHEMBL72647,C12H24O2PtS4,19000.0,4.72,Cytotoxic activity was determined in vitro in MCF-7 cell line culture at pH 6.8,MCF7,,,523.642,43,0,0,0,0,0,1,0
CHEMBL72647,C12H24O2PtS4,27000.0,4.57,Cytotoxic activity was determined in vitro in MCF-7 cell line culture at pH 7.4,MCF7,,,523.642,43,0,0,0,0,0,1,0
CHEMBL72647,C12H24O2PtS4,9000.0,5.05,Cytotoxic activity was determined in vitro in Calu-6 cell line culture at pH 6.8,Calu-6,,,523.642,43,0,0,0,0,0,1,0
CHEMBL72647,C12H24O2PtS4,19000.0,4.72,Cytotoxic activity was determined in vitro in Calu-6 cell line culture at pH 7.4,Calu-6,,,523.642,43,0,0,0,0,0,1,0
CHEMBL72647,C12H24O2PtS4,19000.0,4.72,Cytotoxic activity was determined in vitro in LXF-289 cell line culture at pH 6.8,LXF-289 cell line,,,523.642,43,0,0,0,0,0,1,0
CHEMBL72647,C12H24O2PtS4,44000.0,4.36,Cytotoxic activity was determined in vitro in LXF-289 cell line culture at pH 7.4,LXF-289 cell line,,,523.642,43,0,0,0,0,0,1,0
CHEMBL72647,C12H24O2PtS4,17000.0,4.77,Cytotoxic activity was determined in vitro in SK-MEL-25 cell line culture at pH 6.8,SK-MEL-25,,,523.642,43,0,0,0,0,0,1,0
CHEMBL72647,C12H24O2PtS4,32000.0,4.5,Cytotoxic activity was determined in vitro in SK-MEL-25 cell line culture at pH 7.4,SK-MEL-25,,,523.642,43,0,0,0,0,0,1,0
CHEMBL72647,C12H24O2PtS4,23000.0,4.64,Cytotoxic activity was determined in vitro in SK-OV-3 cell line culture at pH 6.8,SK-OV-3,,,523.642,43,0,0,0,0,0,1,0
CHEMBL72647,C12H24O2PtS4,35000.0,4.46,Cytotoxic activity was determined in vitro in SK-OV-3 cell line culture at pH 7.4,SK-OV-3,,,523.642,43,0,0,0,0,0,1,0
CHEMBL72647,C12H24O2PtS4,31000.0,4.51,Cytotoxic activity was determined in vitro in KB cell line culture at pH 6.8,KB,,,523.642,43,0,0,0,0,0,1,0
CHEMBL72647,C12H24O2PtS4,39000.0,4.41,Cytotoxic activity was determined in vitro in KB cell line culture at pH 7.4,KB,,,523.642,43,0,0,0,0,0,1,0
CHEMBL413296,C14H28O2PtS4,7000.0,5.16,Cytotoxic activity was determined in vitro in MCF-7 cell line culture at pH 6.8,MCF7,,,551.696,49,0,0,0,0,0,1,0
CHEMBL413296,C14H28O2PtS4,9000.0,5.05,Cytotoxic activity was determined in vitro in MCF-7 cell line culture at pH 7.4,MCF7,,,551.696,49,0,0,0,0,0,1,0
CHEMBL413296,C14H28O2PtS4,9000.0,5.05,Cytotoxic activity was determined in vitro in Calu-6 cell line culture at pH 6.8,Calu-6,,,551.696,49,0,0,0,0,0,1,0
CHEMBL413296,C14H28O2PtS4,9000.0,5.05,Cytotoxic activity was determined in vitro in Calu-6 cell line culture at pH 7.4,Calu-6,,,551.696,49,0,0,0,0,0,1,0
CHEMBL413296,C14H28O2PtS4,15000.0,4.82,Cytotoxic activity was determined in vitro in LXF-289 cell line culture at pH 6.8,LXF-289 cell line,,,551.696,49,0,0,0,0,0,1,0
CHEMBL413296,C14H28O2PtS4,18000.0,4.75,Cytotoxic activity was determined in vitro in LXF-289 cell line culture at pH 7.4,LXF-289 cell line,,,551.696,49,0,0,0,0,0,1,0
CHEMBL413296,C14H28O2PtS4,10000.0,5.0,Cytotoxic activity was determined in vitro in SK-MEL-25 cell line culture at pH 6.8,SK-MEL-25,,,551.696,49,0,0,0,0,0,1,0
CHEMBL413296,C14H28O2PtS4,11000.0,4.96,Cytotoxic activity was determined in vitro in SK-MEL-25 cell line culture at pH 7.4,SK-MEL-25,,,551.696,49,0,0,0,0,0,1,0
CHEMBL413296,C14H28O2PtS4,18000.0,4.75,Cytotoxic activity was determined in vitro in SK-OV-3 cell line culture at pH 6.8,SK-OV-3,,,551.696,49,0,0,0,0,0,1,0
CHEMBL413296,C14H28O2PtS4,34000.0,4.47,Cytotoxic activity was determined in vitro in SK-OV-3 cell line culture at pH 7.4,SK-OV-3,,,551.696,49,0,0,0,0,0,1,0
CHEMBL413296,C14H28O2PtS4,5000.0,5.3,Cytotoxic activity was determined in vitro in KB cell line culture at pH 6.8,KB,,,551.696,49,0,0,0,0,0,1,0
CHEMBL413296,C14H28O2PtS4,7000.0,5.16,Cytotoxic activity was determined in vitro in KB cell line culture at pH 7.4,KB,,,551.696,49,0,0,0,0,0,1,0
CHEMBL72018,C8H16O2PtS4,4000.0,5.4,Cytotoxic activity was determined in vitro in MCF-7 cell line culture at pH 6.8,MCF7,,,467.534,31,0,0,0,0,0,1,0
CHEMBL72018,C8H16O2PtS4,9000.0,5.05,Cytotoxic activity was determined in vitro in MCF-7 cell line culture at pH 7.4,MCF7,,,467.534,31,0,0,0,0,0,1,0
CHEMBL72018,C8H16O2PtS4,7000.0,5.16,Cytotoxic activity was determined in vitro in Calu-6 cell line culture at pH 6.8,Calu-6,,,467.534,31,0,0,0,0,0,1,0
CHEMBL72018,C8H16O2PtS4,21000.0,4.68,Cytotoxic activity was determined in vitro in Calu-6 cell line culture at pH 7.4,Calu-6,,,467.534,31,0,0,0,0,0,1,0
CHEMBL72018,C8H16O2PtS4,37000.0,4.43,Cytotoxic activity was determined in vitro in LXF-289 cell line culture at pH 6.8,LXF-289 cell line,,,467.534,31,0,0,0,0,0,1,0
CHEMBL72018,C8H16O2PtS4,49000.0,4.31,Cytotoxic activity was determined in vitro in LXF-289 cell line culture at pH 7.4,LXF-289 cell line,,,467.534,31,0,0,0,0,0,1,0
CHEMBL72018,C8H16O2PtS4,10000.0,5.0,Cytotoxic activity was determined in vitro in SK-MEL-25 cell line culture at pH 6.8,SK-MEL-25,,,467.534,31,0,0,0,0,0,1,0
CHEMBL72018,C8H16O2PtS4,21000.0,4.68,Cytotoxic activity was determined in vitro in SK-MEL-25 cell line culture at pH 7.4,SK-MEL-25,,,467.534,31,0,0,0,0,0,1,0
CHEMBL72018,C8H16O2PtS4,45000.0,4.35,Cytotoxic activity was determined in vitro in SK-OV-3 cell line culture at pH 6.8,SK-OV-3,,,467.534,31,0,0,0,0,0,1,0
CHEMBL72018,C8H16O2PtS4,50000.0,4.3,Cytotoxic activity was determined in vitro in SK-OV-3 cell line culture at pH 7.4,SK-OV-3,,,467.534,31,0,0,0,0,0,1,0
CHEMBL72018,C8H16O2PtS4,12000.0,4.92,Cytotoxic activity was determined in vitro in KB cell line culture at pH 6.8,KB,,,467.534,31,0,0,0,0,0,1,0
CHEMBL72018,C8H16O2PtS4,38000.0,4.42,Cytotoxic activity was determined in vitro in KB cell line culture at pH 7.4,KB,,,467.534,31,0,0,0,0,0,1,0
CHEMBL308963,C10H20O2PtS4,7000.0,5.16,Cytotoxic activity was determined in vitro in MCF-7 cell line culture at pH 6.8,MCF7,,,495.588,37,0,0,0,0,0,1,0
CHEMBL308963,C10H20O2PtS4,25000.0,4.6,Cytotoxic activity was determined in vitro in MCF-7 cell line culture at pH 7.4,MCF7,,,495.588,37,0,0,0,0,0,1,0
CHEMBL308963,C10H20O2PtS4,7000.0,5.16,Cytotoxic activity was determined in vitro in Calu-6 cell line culture at pH 6.8,Calu-6,,,495.588,37,0,0,0,0,0,1,0
CHEMBL308963,C10H20O2PtS4,19000.0,4.72,Cytotoxic activity was determined in vitro in Calu-6 cell line culture at pH 7.4,Calu-6,,,495.588,37,0,0,0,0,0,1,0
CHEMBL308963,C10H20O2PtS4,24000.0,4.62,Cytotoxic activity was determined in vitro in LXF-289 cell line culture at pH 6.8,LXF-289 cell line,,,495.588,37,0,0,0,0,0,1,0
CHEMBL308963,C10H20O2PtS4,39000.0,4.41,Cytotoxic activity was determined in vitro in LXF-289 cell line culture at pH 7.4,LXF-289 cell line,,,495.588,37,0,0,0,0,0,1,0
CHEMBL308963,C10H20O2PtS4,10000.0,5.0,Cytotoxic activity was determined in vitro in SK-MEL-25 cell line culture at pH 6.8,SK-MEL-25,,,495.588,37,0,0,0,0,0,1,0
CHEMBL308963,C10H20O2PtS4,22000.0,4.66,Cytotoxic activity was determined in vitro in SK-MEL-25 cell line culture at pH 7.4,SK-MEL-25,,,495.588,37,0,0,0,0,0,1,0
CHEMBL308963,C10H20O2PtS4,33000.0,4.48,Cytotoxic activity was determined in vitro in SK-OV-3 cell line culture at pH 6.8,SK-OV-3,,,495.588,37,0,0,0,0,0,1,0
CHEMBL308963,C10H20O2PtS4,90000.0,4.05,Cytotoxic activity was determined in vitro in SK-OV-3 cell line culture at pH 7.4,SK-OV-3,,,495.588,37,0,0,0,0,0,1,0
CHEMBL308963,C10H20O2PtS4,16000.0,4.8,Cytotoxic activity was determined in vitro in KB cell line culture at pH 6.8,KB,,,495.588,37,0,0,0,0,0,1,0
CHEMBL308963,C10H20O2PtS4,32000.0,4.5,Cytotoxic activity was determined in vitro in KB cell line culture at pH 7.4,KB,,,495.588,37,0,0,0,0,0,1,0
CHEMBL72867,C6H12O2PtS4,12000.0,4.92,Cytotoxic activity was determined in vitro in MCF-7 cell line culture at pH 6.8,MCF7,,,439.48,25,0,0,0,0,0,1,0
CHEMBL72867,C6H12O2PtS4,47000.0,4.33,Cytotoxic activity was determined in vitro in MCF-7 cell line culture at pH 7.4,MCF7,,,439.48,25,0,0,0,0,0,1,0
CHEMBL72867,C6H12O2PtS4,21000.0,4.68,Cytotoxic activity was determined in vitro in Calu-6 cell line culture at pH 6.8,Calu-6,,,439.48,25,0,0,0,0,0,1,0
CHEMBL72867,C6H12O2PtS4,24000.0,4.62,Cytotoxic activity was determined in vitro in Calu-6 cell line culture at pH 7.4,Calu-6,,,439.48,25,0,0,0,0,0,1,0
CHEMBL72867,C6H12O2PtS4,45000.0,4.35,Cytotoxic activity was determined in vitro in LXF-289 cell line culture at pH 6.8,LXF-289 cell line,,,439.48,25,0,0,0,0,0,1,0
CHEMBL72867,C6H12O2PtS4,91000.0,4.04,Cytotoxic activity was determined in vitro in LXF-289 cell line culture at pH 7.4,LXF-289 cell line,,,439.48,25,0,0,0,0,0,1,0
CHEMBL72867,C6H12O2PtS4,21000.0,4.68,Cytotoxic activity was determined in vitro in SK-MEL-25 cell line culture at pH 6.8,SK-MEL-25,,,439.48,25,0,0,0,0,0,1,0
CHEMBL72867,C6H12O2PtS4,56000.0,4.25,Cytotoxic activity was determined in vitro in SK-MEL-25 cell line culture at pH 7.4,SK-MEL-25,,,439.48,25,0,0,0,0,0,1,0
CHEMBL72867,C6H12O2PtS4,86000.0,4.07,Cytotoxic activity was determined in vitro in SK-OV-3 cell line culture at pH 6.8,SK-OV-3,,,439.48,25,0,0,0,0,0,1,0
CHEMBL72867,C6H12O2PtS4,98000.0,4.01,Cytotoxic activity was determined in vitro in SK-OV-3 cell line culture at pH 7.4,SK-OV-3,,,439.48,25,0,0,0,0,0,1,0
CHEMBL72867,C6H12O2PtS4,18000.0,4.75,Cytotoxic activity was determined in vitro in KB cell line culture at pH 6.8,KB,,,439.48,25,0,0,0,0,0,1,0
CHEMBL72867,C6H12O2PtS4,58000.0,4.24,Cytotoxic activity was determined in vitro in KB cell line culture at pH 7.4,KB,,,439.48,25,0,0,0,0,0,1,0
CHEMBL2146193,C6H18Cl2N2Pt,20000.0,4.7,Cytotoxicity against human promyelocytic leukemia cell line HL-60 (obtained by MTT assay).,HL-60,,,384.20400000000006,29,0,0,0,0,0,1,0
CHEMBL2146193,C6H18Cl2N2Pt,5000.0,5.3,Cytotoxicity against human acute T-cell leukemia cell line JURKAT (obtained by MTT assay).,Jurkat,,,384.20400000000006,29,0,0,0,0,0,1,0
CHEMBL2146193,C6H18Cl2N2Pt,43000.0,4.37,Cytotoxicity against human cervix epithelial carcinoma cell line HeLa (obtained by MTT assay).,HeLa,,,384.20400000000006,29,0,0,0,0,0,1,0
CHEMBL608257,C10H10F6IOsP,196000.0,3.707743928643524,Antiproliferative effect against human U937 histiocytic lymphoma cells,U-937,,,592.282,29,0,0,0,1,0,0,0
CHEMBL608257,C10H10F6IOsP,75000.0,4.12,Antiproliferative effect against human HL60 promyelocytic leukemia cells,HL-60,,,592.282,29,0,0,0,1,0,0,0
CHEMBL608257,C10H10F6IOsP,79000.0,4.1,Antiproliferative effect against human Daudi Burkitt lymphoma cells,Daudi,,,592.282,29,0,0,0,1,0,0,0
CHEMBL608257,C10H10F6IOsP,200000.0,3.6989700043360183,Antiproliferative effect against human COLO 320 colon adenocarcinoma cells,COLO 320,,,592.282,29,0,0,0,1,0,0,0
CHEMBL611195,C10H10BF4Os,148000.0,3.8297382846050425,Antiproliferative effect against human U937 histiocytic lymphoma cells,U-937,,,407.222,26,0,0,0,1,0,0,0
CHEMBL611195,C10H10BF4Os,90000.0,4.05,Antiproliferative effect against human HL60 promyelocytic leukemia cells,HL-60,,,407.222,26,0,0,0,1,0,0,0
CHEMBL611195,C10H10BF4Os,53000.0,4.28,Antiproliferative effect against human Daudi Burkitt lymphoma cells,Daudi,,,407.222,26,0,0,0,1,0,0,0
CHEMBL611195,C10H10BF4Os,180000.0,3.744727494896694,Antiproliferative effect against human COLO 320 colon adenocarcinoma cells,COLO 320,,,407.222,26,0,0,0,1,0,0,0
CHEMBL611193,C10H10ClF6OsP,14800.0,4.83,Antiproliferative effect against human U937 histiocytic lymphoma cells,U-937,,,500.83199999999994,29,0,0,0,1,0,0,0
CHEMBL611193,C10H10ClF6OsP,11200.0,4.95,Antiproliferative effect against human HL60 promyelocytic leukemia cells,HL-60,,,500.83199999999994,29,0,0,0,1,0,0,0
CHEMBL611193,C10H10ClF6OsP,7900.0,5.1,Antiproliferative effect against human Daudi Burkitt lymphoma cells,Daudi,,,500.83199999999994,29,0,0,0,1,0,0,0
CHEMBL611193,C10H10ClF6OsP,14600.0,4.84,Antiproliferative effect against human COLO 320 colon adenocarcinoma cells,COLO 320,,,500.83199999999994,29,0,0,0,1,0,0,0
CHEMBL611191,C10H10BrF6OsP,60000.0,4.22,Antiproliferative effect against human U937 histiocytic lymphoma cells,U-937,,,545.2860000000001,29,0,0,0,1,0,0,0
CHEMBL611191,C10H10BrF6OsP,52000.0,4.28,Antiproliferative effect against human HL60 promyelocytic leukemia cells,HL-60,,,545.2860000000001,29,0,0,0,1,0,0,0
CHEMBL611191,C10H10BrF6OsP,24000.0,4.62,Antiproliferative effect against human Daudi Burkitt lymphoma cells,Daudi,,,545.2860000000001,29,0,0,0,1,0,0,0
CHEMBL611191,C10H10BrF6OsP,48000.0,4.32,Antiproliferative effect against human COLO 320 colon adenocarcinoma cells,COLO 320,,,545.2860000000001,29,0,0,0,1,0,0,0
CHEMBL611194,C10H10ClF6PRu,52000.0,4.28,Antiproliferative effect against human HL60 promyelocytic leukemia cells,HL-60,,,411.672,29,0,0,0,0,0,0,1
CHEMBL611194,C10H10ClF6PRu,70000.0,4.16,Antiproliferative effect against human Daudi Burkitt lymphoma cells,Daudi,,,411.672,29,0,0,0,0,0,0,1
CHEMBL611194,C10H10ClF6PRu,111000.0,3.9546770212133424,Antiproliferative effect against human COLO 320 colon adenocarcinoma cells,COLO 320,,,411.672,29,0,0,0,0,0,0,1
CHEMBL611192,C10H10F6FeP,62000.0,4.21,Antiproliferative effect against human U937 histiocytic lymphoma cells,U-937,,,330.997,28,0,0,1,0,0,0,0
CHEMBL611192,C10H10F6FeP,22000.0,4.66,Antiproliferative effect against human HL60 promyelocytic leukemia cells,HL-60,,,330.997,28,0,0,1,0,0,0,0
CHEMBL611192,C10H10F6FeP,20000.0,4.7,Antiproliferative effect against human Daudi Burkitt lymphoma cells,Daudi,,,330.997,28,0,0,1,0,0,0,0
CHEMBL611192,C10H10F6FeP,62000.0,4.21,Antiproliferative effect against human COLO 320 colon adenocarcinoma cells,COLO 320,,,330.997,28,0,0,1,0,0,0,0
CHEMBL6688,C21H17B2BrF8N4Pt+4,5400.0,5.27,In vitro inhibition of human ovarian cell line (CH1),CH1,,,773.9830000000001,54,4,0,0,0,0,1,0
CHEMBL6688,C21H17B2BrF8N4Pt+4,5500.0,5.26,"In vitro inhibition of human ovarian cell line, resistant to cisplatin (CH1cisR).",CH1,,,773.9830000000001,54,4,0,0,0,0,1,0
CHEMBL6688,C21H17B2BrF8N4Pt+4,1500.0,5.82,"In vitro inhibition of human ovarian cell line, resistant to doxorubicin (CH1doxR).",CH1,,,773.9830000000001,54,4,0,0,0,0,1,0
CHEMBL6688,C21H17B2BrF8N4Pt+4,44000.0,4.36,In vitro inhibition of human ovarian cell line A2780,A2780,,,773.9830000000001,54,4,0,0,0,0,1,0
CHEMBL6688,C21H17B2BrF8N4Pt+4,50000.0,4.3,"In vitro inhibition of human ovarian cell line, resistant to cisplatin (A2780cisR).",A2780,,,773.9830000000001,54,4,0,0,0,0,1,0
CHEMBL6688,C21H17B2BrF8N4Pt+4,50000.0,4.3,In vitro inhibition of human ovarian cell line SKOV-3.,SK-OV-3,,,773.9830000000001,54,4,0,0,0,0,1,0
CHEMBL405707,C42H32N12O12Pt2+8,2050.0,5.69,In vitro inhibition of human ovarian cell line (CH1),CH1,,,1286.95,100,8,0,0,0,0,1,0
CHEMBL405707,C42H32N12O12Pt2+8,2150.0,5.67,"In vitro inhibition of human ovarian cell line, resistant to cisplatin (CH1cisR).",CH1,,,1286.95,100,8,0,0,0,0,1,0
CHEMBL405707,C42H32N12O12Pt2+8,710.0,6.15,"In vitro inhibition of human ovarian cell line, resistant to doxorubicin (CH1doxR).",CH1,,,1286.95,100,8,0,0,0,0,1,0
CHEMBL405707,C42H32N12O12Pt2+8,25000.0,4.6020599913279625,In vitro inhibition of human ovarian cell line A2780,A2780,,,1286.95,100,8,0,0,0,0,1,0
CHEMBL405707,C42H32N12O12Pt2+8,11000.0,4.96,"In vitro inhibition of human ovarian cell line, resistant to cisplatin (A2780cisR).",A2780,,,1286.95,100,8,0,0,0,0,1,0
CHEMBL405707,C42H32N12O12Pt2+8,3500.0,5.46,In vitro inhibition of human ovarian cell line SKOV-3.,SK-OV-3,,,1286.95,100,8,0,0,0,0,1,0
CHEMBL407341,C44H28Cl2N12O12Pt2+8,1300.0,5.89,In vitro inhibition of human ovarian cell line (CH1),CH1,,,1377.84,100,8,0,0,0,0,1,0
CHEMBL407341,C44H28Cl2N12O12Pt2+8,1750.0,5.76,"In vitro inhibition of human ovarian cell line, resistant to cisplatin (CH1cisR).",CH1,,,1377.84,100,8,0,0,0,0,1,0
CHEMBL407341,C44H28Cl2N12O12Pt2+8,620.0,6.21,In vitro inhibition of human ovarian cell line A2780,A2780,,,1377.84,100,8,0,0,0,0,1,0
CHEMBL407341,C44H28Cl2N12O12Pt2+8,680.0,6.17,"In vitro inhibition of human ovarian cell line, resistant to cisplatin (A2780cisR).",A2780,,,1377.84,100,8,0,0,0,0,1,0
CHEMBL407341,C44H28Cl2N12O12Pt2+8,1400.0,5.85,In vitro inhibition of human ovarian cell line SKOV-3.,SK-OV-3,,,1377.84,100,8,0,0,0,0,1,0
CHEMBL6757,C21H18B2F8N4Pt+4,14000.0,4.85,In vitro inhibition of human ovarian cell line (CH1),CH1,,,695.0870000000001,54,4,0,0,0,0,1,0
CHEMBL6757,C21H18B2F8N4Pt+4,11000.0,4.96,"In vitro inhibition of human ovarian cell line, resistant to cisplatin (CH1cisR).",CH1,,,695.0870000000001,54,4,0,0,0,0,1,0
CHEMBL6757,C21H18B2F8N4Pt+4,4400.0,5.36,"In vitro inhibition of human ovarian cell line, resistant to doxorubicin (CH1doxR).",CH1,,,695.0870000000001,54,4,0,0,0,0,1,0
CHEMBL6757,C21H18B2F8N4Pt+4,17000.0,4.77,In vitro inhibition of human ovarian cell line A2780,A2780,,,695.0870000000001,54,4,0,0,0,0,1,0
CHEMBL6757,C21H18B2F8N4Pt+4,100000.0,4.0,"In vitro inhibition of human ovarian cell line, resistant to cisplatin (A2780cisR).",A2780,,,695.0870000000001,54,4,0,0,0,0,1,0
CHEMBL6757,C21H18B2F8N4Pt+4,20000.0,4.7,In vitro inhibition of human ovarian cell line SKOV-3.,SK-OV-3,,,695.0870000000001,54,4,0,0,0,0,1,0
CHEMBL6397,C21H18B2F8N4OPt+4,14000.0,4.85,In vitro inhibition of human ovarian cell line (CH1),CH1,,,711.0860000000001,55,4,0,0,0,0,1,0
CHEMBL6397,C21H18B2F8N4OPt+4,12500.0,4.9,"In vitro inhibition of human ovarian cell line, resistant to cisplatin (CH1cisR).",CH1,,,711.0860000000001,55,4,0,0,0,0,1,0
CHEMBL6397,C21H18B2F8N4OPt+4,5000.0,5.3,"In vitro inhibition of human ovarian cell line, resistant to doxorubicin (CH1doxR).",CH1,,,711.0860000000001,55,4,0,0,0,0,1,0
CHEMBL6397,C21H18B2F8N4OPt+4,40000.0,4.4,In vitro inhibition of human ovarian cell line A2780,A2780,,,711.0860000000001,55,4,0,0,0,0,1,0
CHEMBL6397,C21H18B2F8N4OPt+4,92000.0,4.04,"In vitro inhibition of human ovarian cell line, resistant to cisplatin (A2780cisR).",A2780,,,711.0860000000001,55,4,0,0,0,0,1,0
CHEMBL6397,C21H18B2F8N4OPt+4,17000.0,4.77,In vitro inhibition of human ovarian cell line SKOV-3.,SK-OV-3,,,711.0860000000001,55,4,0,0,0,0,1,0
CHEMBL611723,C15H16B2F8N3OPt+,12000.0,4.92,In vitro inhibition of human ovarian cell line (CH1),CH1,,,622.9970000000001,46,1,0,0,0,0,1,0
CHEMBL611723,C15H16B2F8N3OPt+,18000.0,4.75,"In vitro inhibition of human ovarian cell line, resistant to cisplatin (CH1cisR).",CH1,,,622.9970000000001,46,1,0,0,0,0,1,0
CHEMBL611723,C15H16B2F8N3OPt+,14000.0,4.85,"In vitro inhibition of human ovarian cell line, resistant to doxorubicin (CH1doxR).",CH1,,,622.9970000000001,46,1,0,0,0,0,1,0
CHEMBL611723,C15H16B2F8N3OPt+,8800.0,5.06,In vitro inhibition of human ovarian cell line A2780,A2780,,,622.9970000000001,46,1,0,0,0,0,1,0
CHEMBL611723,C15H16B2F8N3OPt+,7000.0,5.16,"In vitro inhibition of human ovarian cell line, resistant to cisplatin (A2780cisR).",A2780,,,622.9970000000001,46,1,0,0,0,0,1,0
CHEMBL611723,C15H16B2F8N3OPt+,9200.0,5.04,In vitro inhibition of human ovarian cell line SKOV-3.,SK-OV-3,,,622.9970000000001,46,1,0,0,0,0,1,0
CHEMBL414155,C50H50B4F16N12O2Pt2+8,48000.0,4.32,In vitro inhibition of human ovarian cell line (CH1),CH1,,,1588.4,136,8,0,0,0,0,1,0
CHEMBL414155,C50H50B4F16N12O2Pt2+8,46000.0,4.34,"In vitro inhibition of human ovarian cell line, resistant to cisplatin (CH1cisR).",CH1,,,1588.4,136,8,0,0,0,0,1,0
CHEMBL414155,C50H50B4F16N12O2Pt2+8,58000.0,4.24,"In vitro inhibition of human ovarian cell line, resistant to doxorubicin (CH1doxR).",CH1,,,1588.4,136,8,0,0,0,0,1,0
CHEMBL414155,C50H50B4F16N12O2Pt2+8,17000.0,4.77,In vitro inhibition of human ovarian cell line A2780,A2780,,,1588.4,136,8,0,0,0,0,1,0
CHEMBL414155,C50H50B4F16N12O2Pt2+8,10500.0,4.98,"In vitro inhibition of human ovarian cell line, resistant to cisplatin (A2780cisR).",A2780,,,1588.4,136,8,0,0,0,0,1,0
CHEMBL414155,C50H50B4F16N12O2Pt2+8,100000.0,4.0,In vitro inhibition of human ovarian cell line SKOV-3.,SK-OV-3,,,1588.4,136,8,0,0,0,0,1,0
CHEMBL415807,C50H40Cl2N18O18Pt3+10,550.0,6.26,In vitro inhibition of human ovarian cell line (CH1),CH1,,,1837.118,131,10,0,0,0,0,1,0
CHEMBL415807,C50H40Cl2N18O18Pt3+10,810.0,6.09,"In vitro inhibition of human ovarian cell line, resistant to cisplatin (CH1cisR).",CH1,,,1837.118,131,10,0,0,0,0,1,0
CHEMBL415807,C50H40Cl2N18O18Pt3+10,420.0,6.38,"In vitro inhibition of human ovarian cell line, resistant to doxorubicin (CH1doxR).",CH1,,,1837.118,131,10,0,0,0,0,1,0
CHEMBL415807,C50H40Cl2N18O18Pt3+10,13500.0,4.87,In vitro inhibition of human ovarian cell line A2780,A2780,,,1837.118,131,10,0,0,0,0,1,0
CHEMBL415807,C50H40Cl2N18O18Pt3+10,20500.0,4.69,"In vitro inhibition of human ovarian cell line, resistant to cisplatin (A2780cisR).",A2780,,,1837.118,131,10,0,0,0,0,1,0
CHEMBL415807,C50H40Cl2N18O18Pt3+10,1700.0,5.77,In vitro inhibition of human ovarian cell line SKOV-3.,SK-OV-3,,,1837.118,131,10,0,0,0,0,1,0
CHEMBL1351,C6H12N2O4Pt,6200.0,5.21,In vitro inhibition of human ovarian cell line (CH1),CH1,,,371.252,25,0,0,0,0,0,1,0
CHEMBL1351,C6H12N2O4Pt,14000.0,4.85,"In vitro inhibition of human ovarian cell line, resistant to cisplatin (CH1cisR).",CH1,,,371.252,25,0,0,0,0,0,1,0
CHEMBL1351,C6H12N2O4Pt,6000.0,5.22,"In vitro inhibition of human ovarian cell line, resistant to doxorubicin (CH1doxR).",CH1,,,371.252,25,0,0,0,0,0,1,0
CHEMBL1351,C6H12N2O4Pt,35000.0,4.46,In vitro inhibition of human ovarian cell line A2780,A2780,,,371.252,25,0,0,0,0,0,1,0
CHEMBL1351,C6H12N2O4Pt,100000.0,4.0,"In vitro inhibition of human ovarian cell line, resistant to cisplatin (A2780cisR).",A2780,,,371.252,25,0,0,0,0,0,1,0
CHEMBL1351,C6H12N2O4Pt,100000.0,4.0,In vitro inhibition of human ovarian cell line SKOV-3.,SK-OV-3,,,371.252,25,0,0,0,0,0,1,0
CHEMBL269099,C21H17B2ClF8N4Pt+4,6350.0,5.2,In vitro inhibition of human ovarian cell line (CH1),CH1,,,729.5290000000001,54,4,0,0,0,0,1,0
CHEMBL269099,C21H17B2ClF8N4Pt+4,6400.0,5.19,"In vitro inhibition of human ovarian cell line, resistant to cisplatin (CH1cisR).",CH1,,,729.5290000000001,54,4,0,0,0,0,1,0
CHEMBL269099,C21H17B2ClF8N4Pt+4,425.0,6.37,"In vitro inhibition of human ovarian cell line, resistant to doxorubicin (CH1doxR).",CH1,,,729.5290000000001,54,4,0,0,0,0,1,0
CHEMBL269099,C21H17B2ClF8N4Pt+4,14500.0,4.84,In vitro inhibition of human ovarian cell line A2780,A2780,,,729.5290000000001,54,4,0,0,0,0,1,0
CHEMBL269099,C21H17B2ClF8N4Pt+4,14500.0,4.84,"In vitro inhibition of human ovarian cell line, resistant to cisplatin (A2780cisR).",A2780,,,729.5290000000001,54,4,0,0,0,0,1,0
CHEMBL269099,C21H17B2ClF8N4Pt+4,5600.0,5.25,In vitro inhibition of human ovarian cell line SKOV-3.,SK-OV-3,,,729.5290000000001,54,4,0,0,0,0,1,0
CHEMBL415294,C20H16B2F8N4Pt+4,17500.0,4.76,In vitro inhibition of human ovarian cell line (CH1),CH1,,,681.0600000000001,51,4,0,0,0,0,1,0
CHEMBL415294,C20H16B2F8N4Pt+4,18000.0,4.75,"In vitro inhibition of human ovarian cell line, resistant to cisplatin (CH1cisR).",CH1,,,681.0600000000001,51,4,0,0,0,0,1,0
CHEMBL415294,C20H16B2F8N4Pt+4,5700.0,5.24,"In vitro inhibition of human ovarian cell line, resistant to doxorubicin (CH1doxR).",CH1,,,681.0600000000001,51,4,0,0,0,0,1,0
CHEMBL415294,C20H16B2F8N4Pt+4,40000.0,4.4,In vitro inhibition of human ovarian cell line A2780,A2780,,,681.0600000000001,51,4,0,0,0,0,1,0
CHEMBL415294,C20H16B2F8N4Pt+4,100000.0,4.0,"In vitro inhibition of human ovarian cell line, resistant to cisplatin (A2780cisR).",A2780,,,681.0600000000001,51,4,0,0,0,0,1,0
CHEMBL415294,C20H16B2F8N4Pt+4,24000.0,4.62,In vitro inhibition of human ovarian cell line SKOV-3.,SK-OV-3,,,681.0600000000001,51,4,0,0,0,0,1,0
CHEMBL6811,C28H24B2F8N4Pt+4,7200.0,5.14,In vitro inhibition of human ovarian cell line (CH1),CH1,,,785.2120000000001,67,4,0,0,0,0,1,0
CHEMBL6811,C28H24B2F8N4Pt+4,8900.0,5.05,"In vitro inhibition of human ovarian cell line, resistant to cisplatin (CH1cisR).",CH1,,,785.2120000000001,67,4,0,0,0,0,1,0
CHEMBL6811,C28H24B2F8N4Pt+4,1500.0,5.82,"In vitro inhibition of human ovarian cell line, resistant to doxorubicin (CH1doxR).",CH1,,,785.2120000000001,67,4,0,0,0,0,1,0
CHEMBL6811,C28H24B2F8N4Pt+4,27000.0,4.57,In vitro inhibition of human ovarian cell line A2780,A2780,,,785.2120000000001,67,4,0,0,0,0,1,0
CHEMBL6811,C28H24B2F8N4Pt+4,25000.0,4.6,"In vitro inhibition of human ovarian cell line, resistant to cisplatin (A2780cisR).",A2780,,,785.2120000000001,67,4,0,0,0,0,1,0
CHEMBL6811,C28H24B2F8N4Pt+4,900.0,6.05,In vitro inhibition of human ovarian cell line SKOV-3.,SK-OV-3,,,785.2120000000001,67,4,0,0,0,0,1,0
CHEMBL6763,C20H15B2BrF8N4Pt+4,2100.0,5.68,In vitro inhibition of human ovarian cell line (CH1),CH1,,,759.956,51,4,0,0,0,0,1,0
CHEMBL6763,C20H15B2BrF8N4Pt+4,2100.0,5.68,"In vitro inhibition of human ovarian cell line, resistant to cisplatin (CH1cisR).",CH1,,,759.956,51,4,0,0,0,0,1,0
CHEMBL6763,C20H15B2BrF8N4Pt+4,850.0,6.07,"In vitro inhibition of human ovarian cell line, resistant to doxorubicin (CH1doxR).",CH1,,,759.956,51,4,0,0,0,0,1,0
CHEMBL6763,C20H15B2BrF8N4Pt+4,5800.0,5.24,In vitro inhibition of human ovarian cell line A2780,A2780,,,759.956,51,4,0,0,0,0,1,0
CHEMBL6763,C20H15B2BrF8N4Pt+4,6700.0,5.17,"In vitro inhibition of human ovarian cell line, resistant to cisplatin (A2780cisR).",A2780,,,759.956,51,4,0,0,0,0,1,0
CHEMBL6763,C20H15B2BrF8N4Pt+4,9200.0,5.04,In vitro inhibition of human ovarian cell line SKOV-3.,SK-OV-3,,,759.956,51,4,0,0,0,0,1,0
CHEMBL264844,C56H36Cl2N12O12Pt2+8,2500.0,5.6,In vitro inhibition of human ovarian cell line (CH1),CH1,,,1530.036,120,8,0,0,0,0,1,0
CHEMBL264844,C56H36Cl2N12O12Pt2+8,3100.0,5.51,"In vitro inhibition of human ovarian cell line, resistant to cisplatin (CH1cisR).",CH1,,,1530.036,120,8,0,0,0,0,1,0
CHEMBL264844,C56H36Cl2N12O12Pt2+8,8600.0,5.07,In vitro inhibition of human ovarian cell line A2780,A2780,,,1530.036,120,8,0,0,0,0,1,0
CHEMBL264844,C56H36Cl2N12O12Pt2+8,12500.0,4.9,"In vitro inhibition of human ovarian cell line, resistant to cisplatin (A2780cisR).",A2780,,,1530.036,120,8,0,0,0,0,1,0
CHEMBL264844,C56H36Cl2N12O12Pt2+8,2200.0,5.66,In vitro inhibition of human ovarian cell line SKOV-3.,SK-OV-3,,,1530.036,120,8,0,0,0,0,1,0
CHEMBL268353,C18H14B2F8N4PtS+4,17000.0,4.77,In vitro inhibition of human ovarian cell line (CH1),CH1,,,687.0820000000001,48,4,0,0,0,0,1,0
CHEMBL268353,C18H14B2F8N4PtS+4,17000.0,4.77,"In vitro inhibition of human ovarian cell line, resistant to cisplatin (CH1cisR).",CH1,,,687.0820000000001,48,4,0,0,0,0,1,0
CHEMBL268353,C18H14B2F8N4PtS+4,6300.0,5.2,"In vitro inhibition of human ovarian cell line, resistant to doxorubicin (CH1doxR).",CH1,,,687.0820000000001,48,4,0,0,0,0,1,0
CHEMBL268353,C18H14B2F8N4PtS+4,18600.0,4.73,In vitro inhibition of human ovarian cell line A2780,A2780,,,687.0820000000001,48,4,0,0,0,0,1,0
CHEMBL268353,C18H14B2F8N4PtS+4,100000.0,4.0,"In vitro inhibition of human ovarian cell line, resistant to cisplatin (A2780cisR).",A2780,,,687.0820000000001,48,4,0,0,0,0,1,0
CHEMBL268353,C18H14B2F8N4PtS+4,100000.0,4.0,In vitro inhibition of human ovarian cell line SKOV-3.,SK-OV-3,,,687.0820000000001,48,4,0,0,0,0,1,0
CHEMBL321706,C17H14B2F8N4Pt+4,18000.0,4.75,In vitro inhibition of human ovarian cell line (CH1),CH1,,,643.0110000000001,46,4,0,0,0,0,1,0
CHEMBL321706,C17H14B2F8N4Pt+4,18500.0,4.73,"In vitro inhibition of human ovarian cell line, resistant to cisplatin (CH1cisR).",CH1,,,643.0110000000001,46,4,0,0,0,0,1,0
CHEMBL321706,C17H14B2F8N4Pt+4,13000.0,4.89,"In vitro inhibition of human ovarian cell line, resistant to doxorubicin (CH1doxR).",CH1,,,643.0110000000001,46,4,0,0,0,0,1,0
CHEMBL321706,C17H14B2F8N4Pt+4,50000.0,4.3,In vitro inhibition of human ovarian cell line A2780,A2780,,,643.0110000000001,46,4,0,0,0,0,1,0
CHEMBL321706,C17H14B2F8N4Pt+4,100000.0,4.0,"In vitro inhibition of human ovarian cell line, resistant to cisplatin (A2780cisR).",A2780,,,643.0110000000001,46,4,0,0,0,0,1,0
CHEMBL321706,C17H14B2F8N4Pt+4,100000.0,4.0,In vitro inhibition of human ovarian cell line SKOV-3.,SK-OV-3,,,643.0110000000001,46,4,0,0,0,0,1,0
CHEMBL266168,C23H21B2F8N5Pt+4,16000.0,4.8,In vitro inhibition of human ovarian cell line (CH1),CH1,,,736.14,60,4,0,0,0,0,1,0
CHEMBL266168,C23H21B2F8N5Pt+4,13500.0,4.87,"In vitro inhibition of human ovarian cell line, resistant to cisplatin (CH1cisR).",CH1,,,736.14,60,4,0,0,0,0,1,0
CHEMBL266168,C23H21B2F8N5Pt+4,5300.0,5.28,"In vitro inhibition of human ovarian cell line, resistant to doxorubicin (CH1doxR).",CH1,,,736.14,60,4,0,0,0,0,1,0
CHEMBL266168,C23H21B2F8N5Pt+4,39000.0,4.41,In vitro inhibition of human ovarian cell line A2780,A2780,,,736.14,60,4,0,0,0,0,1,0
CHEMBL266168,C23H21B2F8N5Pt+4,89000.0,4.05,"In vitro inhibition of human ovarian cell line, resistant to cisplatin (A2780cisR).",A2780,,,736.14,60,4,0,0,0,0,1,0
CHEMBL266168,C23H21B2F8N5Pt+4,80000.0,4.1,In vitro inhibition of human ovarian cell line SKOV-3.,SK-OV-3,,,736.14,60,4,0,0,0,0,1,0
CHEMBL6477,C21H19B2F8N5Pt+4,15100.0,4.82,In vitro inhibition of human ovarian cell line (CH1),CH1,,,710.102,56,4,0,0,0,0,1,0
CHEMBL6477,C21H19B2F8N5Pt+4,16500.0,4.78,"In vitro inhibition of human ovarian cell line, resistant to cisplatin (CH1cisR).",CH1,,,710.102,56,4,0,0,0,0,1,0
CHEMBL6477,C21H19B2F8N5Pt+4,17000.0,4.77,"In vitro inhibition of human ovarian cell line, resistant to doxorubicin (CH1doxR).",CH1,,,710.102,56,4,0,0,0,0,1,0
CHEMBL6477,C21H19B2F8N5Pt+4,25000.0,4.6,In vitro inhibition of human ovarian cell line A2780,A2780,,,710.102,56,4,0,0,0,0,1,0
CHEMBL6477,C21H19B2F8N5Pt+4,21000.0,4.68,"In vitro inhibition of human ovarian cell line, resistant to cisplatin (A2780cisR).",A2780,,,710.102,56,4,0,0,0,0,1,0
CHEMBL6477,C21H19B2F8N5Pt+4,25000.0,4.6,In vitro inhibition of human ovarian cell line SKOV-3.,SK-OV-3,,,710.102,56,4,0,0,0,0,1,0
CHEMBL267704,C20H15B2F9N4Pt+4,15500.0,4.81,In vitro inhibition of human ovarian cell line (CH1),CH1,,,699.0500000000001,51,4,0,0,0,0,1,0
CHEMBL267704,C20H15B2F9N4Pt+4,14000.0,4.85,"In vitro inhibition of human ovarian cell line, resistant to cisplatin (CH1cisR).",CH1,,,699.0500000000001,51,4,0,0,0,0,1,0
CHEMBL267704,C20H15B2F9N4Pt+4,5400.0,5.27,"In vitro inhibition of human ovarian cell line, resistant to doxorubicin (CH1doxR).",CH1,,,699.0500000000001,51,4,0,0,0,0,1,0
CHEMBL267704,C20H15B2F9N4Pt+4,21500.0,4.67,In vitro inhibition of human ovarian cell line A2780,A2780,,,699.0500000000001,51,4,0,0,0,0,1,0
CHEMBL267704,C20H15B2F9N4Pt+4,100000.0,4.0,"In vitro inhibition of human ovarian cell line, resistant to cisplatin (A2780cisR).",A2780,,,699.0500000000001,51,4,0,0,0,0,1,0
CHEMBL267704,C20H15B2F9N4Pt+4,100000.0,4.0,In vitro inhibition of human ovarian cell line SKOV-3.,SK-OV-3,,,699.0500000000001,51,4,0,0,0,0,1,0
CHEMBL269100,C22H20B2F8N4OPt+4,15500.0,4.81,In vitro inhibition of human ovarian cell line (CH1),CH1,,,725.113,58,4,0,0,0,0,1,0
CHEMBL269100,C22H20B2F8N4OPt+4,16000.0,4.8,"In vitro inhibition of human ovarian cell line, resistant to cisplatin (CH1cisR).",CH1,,,725.113,58,4,0,0,0,0,1,0
CHEMBL269100,C22H20B2F8N4OPt+4,5100.0,5.29,"In vitro inhibition of human ovarian cell line, resistant to doxorubicin (CH1doxR).",CH1,,,725.113,58,4,0,0,0,0,1,0
CHEMBL269100,C22H20B2F8N4OPt+4,25500.0,4.59,In vitro inhibition of human ovarian cell line A2780,A2780,,,725.113,58,4,0,0,0,0,1,0
CHEMBL269100,C22H20B2F8N4OPt+4,94000.0,4.03,"In vitro inhibition of human ovarian cell line, resistant to cisplatin (A2780cisR).",A2780,,,725.113,58,4,0,0,0,0,1,0
CHEMBL269100,C22H20B2F8N4OPt+4,45000.0,4.35,In vitro inhibition of human ovarian cell line SKOV-3.,SK-OV-3,,,725.113,58,4,0,0,0,0,1,0
CHEMBL6961,C22H22B2F8N6Pt+4,4600.0,5.34,In vitro inhibition of human ovarian cell line (CH1),CH1,,,739.144,61,4,0,0,0,0,1,0
CHEMBL6961,C22H22B2F8N6Pt+4,3700.0,5.43,"In vitro inhibition of human ovarian cell line, resistant to cisplatin (CH1cisR).",CH1,,,739.144,61,4,0,0,0,0,1,0
CHEMBL6961,C22H22B2F8N6Pt+4,4200.0,5.38,"In vitro inhibition of human ovarian cell line, resistant to doxorubicin (CH1doxR).",CH1,,,739.144,61,4,0,0,0,0,1,0
CHEMBL6961,C22H22B2F8N6Pt+4,7700.0,5.11,In vitro inhibition of human ovarian cell line A2780,A2780,,,739.144,61,4,0,0,0,0,1,0
CHEMBL6961,C22H22B2F8N6Pt+4,20000.0,4.7,"In vitro inhibition of human ovarian cell line, resistant to cisplatin (A2780cisR).",A2780,,,739.144,61,4,0,0,0,0,1,0
CHEMBL6961,C22H22B2F8N6Pt+4,19000.0,4.72,In vitro inhibition of human ovarian cell line SKOV-3.,SK-OV-3,,,739.144,61,4,0,0,0,0,1,0
CHEMBL262033,C44H30N12O12Pt2+8,730.0,6.14,In vitro inhibition of human ovarian cell line (CH1),CH1,,,1308.956,100,8,0,0,0,0,1,0
CHEMBL262033,C44H30N12O12Pt2+8,730.0,6.14,"In vitro inhibition of human ovarian cell line, resistant to cisplatin (CH1cisR).",CH1,,,1308.956,100,8,0,0,0,0,1,0
CHEMBL262033,C44H30N12O12Pt2+8,440.0,6.36,"In vitro inhibition of human ovarian cell line, resistant to doxorubicin (CH1doxR).",CH1,,,1308.956,100,8,0,0,0,0,1,0
CHEMBL262033,C44H30N12O12Pt2+8,2000.0,5.7,In vitro inhibition of human ovarian cell line A2780,A2780,,,1308.956,100,8,0,0,0,0,1,0
CHEMBL262033,C44H30N12O12Pt2+8,1800.0,5.75,"In vitro inhibition of human ovarian cell line, resistant to cisplatin (A2780cisR).",A2780,,,1308.956,100,8,0,0,0,0,1,0
CHEMBL262033,C44H30N12O12Pt2+8,1700.0,5.77,In vitro inhibition of human ovarian cell line SKOV-3.,SK-OV-3,,,1308.956,100,8,0,0,0,0,1,0
CHEMBL6614,C22H21B2F8N5Pt+4,6100.0,5.21,In vitro inhibition of human ovarian cell line (CH1),CH1,,,724.129,59,4,0,0,0,0,1,0
CHEMBL6614,C22H21B2F8N5Pt+4,7500.0,5.12,"In vitro inhibition of human ovarian cell line, resistant to cisplatin (CH1cisR).",CH1,,,724.129,59,4,0,0,0,0,1,0
CHEMBL6614,C22H21B2F8N5Pt+4,3950.0,5.4,"In vitro inhibition of human ovarian cell line, resistant to doxorubicin (CH1doxR).",CH1,,,724.129,59,4,0,0,0,0,1,0
CHEMBL6614,C22H21B2F8N5Pt+4,16000.0,4.8,In vitro inhibition of human ovarian cell line A2780,A2780,,,724.129,59,4,0,0,0,0,1,0
CHEMBL6614,C22H21B2F8N5Pt+4,21500.0,4.67,"In vitro inhibition of human ovarian cell line, resistant to cisplatin (A2780cisR).",A2780,,,724.129,59,4,0,0,0,0,1,0
CHEMBL6614,C22H21B2F8N5Pt+4,13000.0,4.89,In vitro inhibition of human ovarian cell line SKOV-3.,SK-OV-3,,,724.129,59,4,0,0,0,0,1,0
CHEMBL267638,C21H20B2F8N6Pt+4,65000.0,4.19,In vitro inhibition of human ovarian cell line (CH1),CH1,,,725.1170000000001,58,4,0,0,0,0,1,0
CHEMBL267638,C21H20B2F8N6Pt+4,100000.0,4.0,"In vitro inhibition of human ovarian cell line, resistant to cisplatin (CH1cisR).",CH1,,,725.1170000000001,58,4,0,0,0,0,1,0
CHEMBL267638,C21H20B2F8N6Pt+4,14500.0,4.84,"In vitro inhibition of human ovarian cell line, resistant to doxorubicin (CH1doxR).",CH1,,,725.1170000000001,58,4,0,0,0,0,1,0
CHEMBL267638,C21H20B2F8N6Pt+4,18000.0,4.75,In vitro inhibition of human ovarian cell line A2780,A2780,,,725.1170000000001,58,4,0,0,0,0,1,0
CHEMBL267638,C21H20B2F8N6Pt+4,62000.0,4.21,"In vitro inhibition of human ovarian cell line, resistant to cisplatin (A2780cisR).",A2780,,,725.1170000000001,58,4,0,0,0,0,1,0
CHEMBL267638,C21H20B2F8N6Pt+4,100000.0,4.0,In vitro inhibition of human ovarian cell line SKOV-3.,SK-OV-3,,,725.1170000000001,58,4,0,0,0,0,1,0
CHEMBL217630,C48H46B4F16N12O2Pt2+8,48000.0,4.32,In vitro inhibition of human ovarian cell line (CH1),CH1,,,1560.3460000000002,130,8,0,0,0,0,1,0
CHEMBL217630,C48H46B4F16N12O2Pt2+8,42000.0,4.38,"In vitro inhibition of human ovarian cell line, resistant to cisplatin (CH1cisR).",CH1,,,1560.3460000000002,130,8,0,0,0,0,1,0
CHEMBL217630,C48H46B4F16N12O2Pt2+8,40000.0,4.4,"In vitro inhibition of human ovarian cell line, resistant to doxorubicin (CH1doxR).",CH1,,,1560.3460000000002,130,8,0,0,0,0,1,0
CHEMBL217630,C48H46B4F16N12O2Pt2+8,19000.0,4.72,In vitro inhibition of human ovarian cell line A2780,A2780,,,1560.3460000000002,130,8,0,0,0,0,1,0
CHEMBL217630,C48H46B4F16N12O2Pt2+8,40000.0,4.4,"In vitro inhibition of human ovarian cell line, resistant to cisplatin (A2780cisR).",A2780,,,1560.3460000000002,130,8,0,0,0,0,1,0
CHEMBL217630,C48H46B4F16N12O2Pt2+8,98000.0,4.01,In vitro inhibition of human ovarian cell line SKOV-3.,SK-OV-3,,,1560.3460000000002,130,8,0,0,0,0,1,0
CHEMBL266733,C22H18B2F8N4OPt+4,2200.0,5.66,In vitro inhibition of human ovarian cell line (CH1),CH1,,,723.0970000000001,56,4,0,0,0,0,1,0
CHEMBL266733,C22H18B2F8N4OPt+4,2300.0,5.64,"In vitro inhibition of human ovarian cell line, resistant to cisplatin (CH1cisR).",CH1,,,723.0970000000001,56,4,0,0,0,0,1,0
CHEMBL266733,C22H18B2F8N4OPt+4,1180.0,5.93,"In vitro inhibition of human ovarian cell line, resistant to doxorubicin (CH1doxR).",CH1,,,723.0970000000001,56,4,0,0,0,0,1,0
CHEMBL266733,C22H18B2F8N4OPt+4,5900.0,5.23,In vitro inhibition of human ovarian cell line A2780,A2780,,,723.0970000000001,56,4,0,0,0,0,1,0
CHEMBL266733,C22H18B2F8N4OPt+4,7500.0,5.12,"In vitro inhibition of human ovarian cell line, resistant to cisplatin (A2780cisR).",A2780,,,723.0970000000001,56,4,0,0,0,0,1,0
CHEMBL266733,C22H18B2F8N4OPt+4,11100.0,4.96,In vitro inhibition of human ovarian cell line SKOV-3.,SK-OV-3,,,723.0970000000001,56,4,0,0,0,0,1,0
CHEMBL410609,C50H32Cl2N12O12Pt2+8,2150.0,5.67,In vitro inhibition of human ovarian cell line (CH1),CH1,,,1453.938,110,8,0,0,0,0,1,0
CHEMBL410609,C50H32Cl2N12O12Pt2+8,2150.0,5.67,"In vitro inhibition of human ovarian cell line, resistant to cisplatin (CH1cisR).",CH1,,,1453.938,110,8,0,0,0,0,1,0
CHEMBL410609,C50H32Cl2N12O12Pt2+8,4750.0,5.32,In vitro inhibition of human ovarian cell line A2780,A2780,,,1453.938,110,8,0,0,0,0,1,0
CHEMBL410609,C50H32Cl2N12O12Pt2+8,6600.0,5.18,"In vitro inhibition of human ovarian cell line, resistant to cisplatin (A2780cisR).",A2780,,,1453.938,110,8,0,0,0,0,1,0
CHEMBL410609,C50H32Cl2N12O12Pt2+8,1800.0,5.75,In vitro inhibition of human ovarian cell line SKOV-3.,SK-OV-3,,,1453.938,110,8,0,0,0,0,1,0
CHEMBL6513,C20H15B2F9N4Pt+4,17000.0,4.77,In vitro inhibition of human ovarian cell line (CH1),CH1,,,699.0500000000001,51,4,0,0,0,0,1,0
CHEMBL6513,C20H15B2F9N4Pt+4,17000.0,4.77,"In vitro inhibition of human ovarian cell line, resistant to cisplatin (CH1cisR).",CH1,,,699.0500000000001,51,4,0,0,0,0,1,0
CHEMBL6513,C20H15B2F9N4Pt+4,6100.0,5.21,"In vitro inhibition of human ovarian cell line, resistant to doxorubicin (CH1doxR).",CH1,,,699.0500000000001,51,4,0,0,0,0,1,0
CHEMBL6513,C20H15B2F9N4Pt+4,19500.0,4.71,In vitro inhibition of human ovarian cell line A2780,A2780,,,699.0500000000001,51,4,0,0,0,0,1,0
CHEMBL6513,C20H15B2F9N4Pt+4,100000.0,4.0,"In vitro inhibition of human ovarian cell line, resistant to cisplatin (A2780cisR).",A2780,,,699.0500000000001,51,4,0,0,0,0,1,0
CHEMBL6513,C20H15B2F9N4Pt+4,100000.0,4.0,In vitro inhibition of human ovarian cell line SKOV-3.,SK-OV-3,,,699.0500000000001,51,4,0,0,0,0,1,0
CHEMBL6739,C25H27B2F8N5O2Pt+4,19500.0,4.71,In vitro inhibition of human ovarian cell line (CH1),CH1,,,798.2080000000001,70,4,0,0,0,0,1,0
CHEMBL6739,C25H27B2F8N5O2Pt+4,22000.0,4.66,"In vitro inhibition of human ovarian cell line, resistant to cisplatin (CH1cisR).",CH1,,,798.2080000000001,70,4,0,0,0,0,1,0
CHEMBL6739,C25H27B2F8N5O2Pt+4,31500.0,4.5,In vitro inhibition of human ovarian cell line A2780,A2780,,,798.2080000000001,70,4,0,0,0,0,1,0
CHEMBL6739,C25H27B2F8N5O2Pt+4,56000.0,4.25,"In vitro inhibition of human ovarian cell line, resistant to cisplatin (A2780cisR).",A2780,,,798.2080000000001,70,4,0,0,0,0,1,0
CHEMBL6739,C25H27B2F8N5O2Pt+4,1800.0,5.75,In vitro inhibition of human ovarian cell line SKOV-3.,SK-OV-3,,,798.2080000000001,70,4,0,0,0,0,1,0
CHEMBL265995,C40H30N12O12Pt2+8,1550.0,5.81,In vitro inhibition of human ovarian cell line (CH1),CH1,,,1260.912,96,8,0,0,0,0,1,0
CHEMBL265995,C40H30N12O12Pt2+8,2050.0,5.69,"In vitro inhibition of human ovarian cell line, resistant to cisplatin (CH1cisR).",CH1,,,1260.912,96,8,0,0,0,0,1,0
CHEMBL265995,C40H30N12O12Pt2+8,560.0,6.25,"In vitro inhibition of human ovarian cell line, resistant to doxorubicin (CH1doxR).",CH1,,,1260.912,96,8,0,0,0,0,1,0
CHEMBL265995,C40H30N12O12Pt2+8,25000.0,4.6020599913279625,In vitro inhibition of human ovarian cell line A2780,A2780,,,1260.912,96,8,0,0,0,0,1,0
CHEMBL265995,C40H30N12O12Pt2+8,9600.0,5.02,"In vitro inhibition of human ovarian cell line, resistant to cisplatin (A2780cisR).",A2780,,,1260.912,96,8,0,0,0,0,1,0
CHEMBL265995,C40H30N12O12Pt2+8,3100.0,5.51,In vitro inhibition of human ovarian cell line SKOV-3.,SK-OV-3,,,1260.912,96,8,0,0,0,0,1,0
CHEMBL324865,C18H14B2F8N5Pt+3,16500.0,4.78,In vitro inhibition of human ovarian cell line (CH1),CH1,,,669.029,48,3,0,0,0,0,1,0
CHEMBL324865,C18H14B2F8N5Pt+3,15500.0,4.81,"In vitro inhibition of human ovarian cell line, resistant to cisplatin (CH1cisR).",CH1,,,669.029,48,3,0,0,0,0,1,0
CHEMBL324865,C18H14B2F8N5Pt+3,6100.0,5.21,"In vitro inhibition of human ovarian cell line, resistant to doxorubicin (CH1doxR).",CH1,,,669.029,48,3,0,0,0,0,1,0
CHEMBL324865,C18H14B2F8N5Pt+3,17000.0,4.77,In vitro inhibition of human ovarian cell line A2780,A2780,,,669.029,48,3,0,0,0,0,1,0
CHEMBL324865,C18H14B2F8N5Pt+3,100000.0,4.0,"In vitro inhibition of human ovarian cell line, resistant to cisplatin (A2780cisR).",A2780,,,669.029,48,3,0,0,0,0,1,0
CHEMBL324865,C18H14B2F8N5Pt+3,100000.0,4.0,In vitro inhibition of human ovarian cell line SKOV-3.,SK-OV-3,,,669.029,48,3,0,0,0,0,1,0
CHEMBL266471,C27H21B2BrF8N4Pt+4,5000.0,5.3,In vitro inhibition of human ovarian cell line (CH1),CH1,,,850.081,64,4,0,0,0,0,1,0
CHEMBL266471,C27H21B2BrF8N4Pt+4,5800.0,5.24,"In vitro inhibition of human ovarian cell line, resistant to cisplatin (CH1cisR).",CH1,,,850.081,64,4,0,0,0,0,1,0
CHEMBL266471,C27H21B2BrF8N4Pt+4,1050.0,5.98,"In vitro inhibition of human ovarian cell line, resistant to doxorubicin (CH1doxR).",CH1,,,850.081,64,4,0,0,0,0,1,0
CHEMBL266471,C27H21B2BrF8N4Pt+4,39000.0,4.41,In vitro inhibition of human ovarian cell line A2780,A2780,,,850.081,64,4,0,0,0,0,1,0
CHEMBL266471,C27H21B2BrF8N4Pt+4,29500.0,4.53,"In vitro inhibition of human ovarian cell line, resistant to cisplatin (A2780cisR).",A2780,,,850.081,64,4,0,0,0,0,1,0
CHEMBL266471,C27H21B2BrF8N4Pt+4,100000.0,4.0,In vitro inhibition of human ovarian cell line SKOV-3.,SK-OV-3,,,850.081,64,4,0,0,0,0,1,0
CHEMBL441330,C24H25B2F8N5OPt+4,100000.0,4.0,In vitro inhibition of human ovarian cell line (CH1),CH1,,,768.182,66,4,0,0,0,0,1,0
CHEMBL441330,C24H25B2F8N5OPt+4,100000.0,4.0,"In vitro inhibition of human ovarian cell line, resistant to cisplatin (CH1cisR).",CH1,,,768.182,66,4,0,0,0,0,1,0
CHEMBL441330,C24H25B2F8N5OPt+4,17500.0,4.76,"In vitro inhibition of human ovarian cell line, resistant to doxorubicin (CH1doxR).",CH1,,,768.182,66,4,0,0,0,0,1,0
CHEMBL441330,C24H25B2F8N5OPt+4,40000.0,4.4,In vitro inhibition of human ovarian cell line A2780,A2780,,,768.182,66,4,0,0,0,0,1,0
CHEMBL441330,C24H25B2F8N5OPt+4,100000.0,4.0,"In vitro inhibition of human ovarian cell line, resistant to cisplatin (A2780cisR).",A2780,,,768.182,66,4,0,0,0,0,1,0
CHEMBL441330,C24H25B2F8N5OPt+4,100000.0,4.0,In vitro inhibition of human ovarian cell line SKOV-3.,SK-OV-3,,,768.182,66,4,0,0,0,0,1,0
CHEMBL213916,C50H42N18O18Pt3+10,1400.0,5.85,In vitro inhibition of human ovarian cell line (CH1),CH1,,,1768.234,131,10,0,0,0,0,1,0
CHEMBL213916,C50H42N18O18Pt3+10,1800.0,5.75,"In vitro inhibition of human ovarian cell line, resistant to cisplatin (CH1cisR).",CH1,,,1768.234,131,10,0,0,0,0,1,0
CHEMBL213916,C50H42N18O18Pt3+10,460.0,6.34,"In vitro inhibition of human ovarian cell line, resistant to doxorubicin (CH1doxR).",CH1,,,1768.234,131,10,0,0,0,0,1,0
CHEMBL213916,C50H42N18O18Pt3+10,2400.0,5.62,In vitro inhibition of human ovarian cell line A2780,A2780,,,1768.234,131,10,0,0,0,0,1,0
CHEMBL213916,C50H42N18O18Pt3+10,1400.0,5.85,"In vitro inhibition of human ovarian cell line, resistant to cisplatin (A2780cisR).",A2780,,,1768.234,131,10,0,0,0,0,1,0
CHEMBL213916,C50H42N18O18Pt3+10,5100.0,5.29,In vitro inhibition of human ovarian cell line SKOV-3.,SK-OV-3,,,1768.234,131,10,0,0,0,0,1,0
CHEMBL385413,C40H28Cl2N12O12Pt2+8,590.0,6.23,In vitro inhibition of human ovarian cell line (CH1),CH1,,,1329.796,96,8,0,0,0,0,1,0
CHEMBL385413,C40H28Cl2N12O12Pt2+8,870.0,6.06,"In vitro inhibition of human ovarian cell line, resistant to cisplatin (CH1cisR).",CH1,,,1329.796,96,8,0,0,0,0,1,0
CHEMBL385413,C40H28Cl2N12O12Pt2+8,690.0,6.16,"In vitro inhibition of human ovarian cell line, resistant to doxorubicin (CH1doxR).",CH1,,,1329.796,96,8,0,0,0,0,1,0
CHEMBL385413,C40H28Cl2N12O12Pt2+8,25000.0,4.6020599913279625,In vitro inhibition of human ovarian cell line A2780,A2780,,,1329.796,96,8,0,0,0,0,1,0
CHEMBL385413,C40H28Cl2N12O12Pt2+8,18500.0,4.73,"In vitro inhibition of human ovarian cell line, resistant to cisplatin (A2780cisR).",A2780,,,1329.796,96,8,0,0,0,0,1,0
CHEMBL385413,C40H28Cl2N12O12Pt2+8,1300.0,5.89,In vitro inhibition of human ovarian cell line SKOV-3.,SK-OV-3,,,1329.796,96,8,0,0,0,0,1,0
CHEMBL217343,C42H32B4F16N8Pt2+8,1350.0,5.87,In vitro inhibition of human ovarian cell line (CH1),CH1,,,1386.142,104,8,0,0,0,0,1,0
CHEMBL217343,C42H32B4F16N8Pt2+8,630.0,6.2,"In vitro inhibition of human ovarian cell line, resistant to cisplatin (CH1cisR).",CH1,,,1386.142,104,8,0,0,0,0,1,0
CHEMBL217343,C42H32B4F16N8Pt2+8,5100.0,5.29,"In vitro inhibition of human ovarian cell line, resistant to doxorubicin (CH1doxR).",CH1,,,1386.142,104,8,0,0,0,0,1,0
CHEMBL217343,C42H32B4F16N8Pt2+8,1600.0,5.8,In vitro inhibition of human ovarian cell line A2780,A2780,,,1386.142,104,8,0,0,0,0,1,0
CHEMBL217343,C42H32B4F16N8Pt2+8,2400.0,5.62,"In vitro inhibition of human ovarian cell line, resistant to cisplatin (A2780cisR).",A2780,,,1386.142,104,8,0,0,0,0,1,0
CHEMBL217343,C42H32B4F16N8Pt2+8,1300.0,5.89,In vitro inhibition of human ovarian cell line SKOV-3.,SK-OV-3,,,1386.142,104,8,0,0,0,0,1,0
CHEMBL2146185,C15H11B2ClF8N3Pt-,6600.0,5.18,In vitro inhibition of human ovarian cell line (CH1),CH1,,,637.408,41,-1,0,0,0,0,1,0
CHEMBL2146185,C15H11B2ClF8N3Pt-,6400.0,5.19,"In vitro inhibition of human ovarian cell line, resistant to cisplatin (CH1cisR).",CH1,,,637.408,41,-1,0,0,0,0,1,0
CHEMBL2146185,C15H11B2ClF8N3Pt-,3750.0,5.43,"In vitro inhibition of human ovarian cell line, resistant to doxorubicin (CH1doxR).",CH1,,,637.408,41,-1,0,0,0,0,1,0
CHEMBL2146185,C15H11B2ClF8N3Pt-,49000.0,4.31,In vitro inhibition of human ovarian cell line A2780,A2780,,,637.408,41,-1,0,0,0,0,1,0
CHEMBL2146185,C15H11B2ClF8N3Pt-,41000.0,4.39,"In vitro inhibition of human ovarian cell line, resistant to cisplatin (A2780cisR).",A2780,,,637.408,41,-1,0,0,0,0,1,0
CHEMBL2146185,C15H11B2ClF8N3Pt-,19500.0,4.71,In vitro inhibition of human ovarian cell line SKOV-3.,SK-OV-3,,,637.408,41,-1,0,0,0,0,1,0
CHEMBL6963,C15H13B2F8N4Pt+3,5200.0,5.28,In vitro inhibition of human ovarian cell line (CH1),CH1,,,617.9810000000001,43,3,0,0,0,0,1,0
CHEMBL6963,C15H13B2F8N4Pt+3,4500.0,5.35,"In vitro inhibition of human ovarian cell line, resistant to cisplatin (CH1cisR).",CH1,,,617.9810000000001,43,3,0,0,0,0,1,0
CHEMBL6963,C15H13B2F8N4Pt+3,3750.0,5.43,"In vitro inhibition of human ovarian cell line, resistant to doxorubicin (CH1doxR).",CH1,,,617.9810000000001,43,3,0,0,0,0,1,0
CHEMBL6963,C15H13B2F8N4Pt+3,11500.0,4.94,In vitro inhibition of human ovarian cell line A2780,A2780,,,617.9810000000001,43,3,0,0,0,0,1,0
CHEMBL6963,C15H13B2F8N4Pt+3,23500.0,4.63,"In vitro inhibition of human ovarian cell line, resistant to cisplatin (A2780cisR).",A2780,,,617.9810000000001,43,3,0,0,0,0,1,0
CHEMBL6963,C15H13B2F8N4Pt+3,15000.0,4.82,In vitro inhibition of human ovarian cell line SKOV-3.,SK-OV-3,,,617.9810000000001,43,3,0,0,0,0,1,0
CHEMBL155307,C10H12BF4Fe,330000.0,3.4814860601221125,In vitro cytotoxicity of compound against MCF-7 cell line at a concentration of 50 uM,MCF7,,,274.85299999999995,28,0,0,1,0,0,0,0
CHEMBL155307,C10H12BF4Fe,308000.0,3.5114492834995557,Concentration required to reduce to 50% the number of MCF-7 cells with respect to untreated control after exposure to compound for 2 h,MCF7,,,274.85299999999995,28,0,0,1,0,0,0,0
CHEMBL155307,C10H12BF4Fe,238000.0,3.623423042943488,Concentration required to reduce to 50% the number of MCF-7 cells with respect to untreated control after exposure to compound for 12 h,MCF7,,,274.85299999999995,28,0,0,1,0,0,0,0
CHEMBL155307,C10H12BF4Fe,256000.0,3.5917600346881504,Concentration required to reduce to 50% the number of MCF-7 cells with respect to untreated control after exposure to compound for 24 h,MCF7,,,274.85299999999995,28,0,0,1,0,0,0,0
CHEMBL155307,C10H12BF4Fe,249000.0,3.603800652904264,Concentration required to reduce to 50% the number of MCF-7 cells with respect to untreated control after exposure to compound for 48 h,MCF7,,,274.85299999999995,28,0,0,1,0,0,0,0
CHEMBL157431,C20H32BF4Fe,37000.0,4.43,In vitro cytotoxicity of compound against MCF-7 cell line at a concentration of 50 uM,MCF7,,,415.1230000000001,58,0,0,1,0,0,0,0
CHEMBL157431,C20H32BF4Fe,86000.0,4.07,Concentration required to reduce to 50% the number of MCF-7 cells with respect to untreated control after exposure to compound for 2 h,MCF7,,,415.1230000000001,58,0,0,1,0,0,0,0
CHEMBL157431,C20H32BF4Fe,74000.0,4.13,Concentration required to reduce to 50% the number of MCF-7 cells with respect to untreated control after exposure to compound for 12 h,MCF7,,,415.1230000000001,58,0,0,1,0,0,0,0
CHEMBL157431,C20H32BF4Fe,58000.0,4.24,Concentration required to reduce to 50% the number of MCF-7 cells with respect to untreated control after exposure to compound for 24 h,MCF7,,,415.1230000000001,58,0,0,1,0,0,0,0
CHEMBL157431,C20H32BF4Fe,35000.0,4.46,Concentration required to reduce to 50% the number of MCF-7 cells with respect to untreated control after exposure to compound for 48 h,MCF7,,,415.1230000000001,58,0,0,1,0,0,0,0
CHEMBL1351,C6H12N2O4Pt,2900.0,5.54,Compound was evaluated for in vitro cytotoxic activity against human HL-60 leukemia cell line,HL-60,,,371.252,25,0,0,0,0,0,1,0
CHEMBL345369,C10H11B2F4FeO2,310000.0,3.5086383061657274,In vitro cytotoxicity of compound against MCF-7 cell line at a concentration of 50 uM,MCF7,,,316.65299999999996,30,0,0,1,0,0,0,0
CHEMBL346342,C12H14BF4Fe,320000.0,3.494850021680094,In vitro cytotoxicity of compound against MCF-7 cell line at a concentration of 50 uM,MCF7,,,300.89099999999996,32,0,0,1,0,0,0,0
CHEMBL347365,C11H10BF4FeO2,340000.0,3.4685210829577446,In vitro cytotoxicity of compound against MCF-7 cell line at a concentration of 50 uM,MCF7,,,316.84599999999995,29,0,0,1,0,0,0,0
CHEMBL427115,C8H14F6IN2PRu,20000.0,4.7,Concentration required to inhibit 50% growth of A2780 human ovarian cancer cells.,A2780,,,511.146,33,0,0,0,0,0,0,1
CHEMBL1351,C6H12N2O4Pt,6000.0,5.22,Concentration required to inhibit 50% growth of A2780 human ovarian cancer cells.,A2780,,,371.252,25,0,0,0,0,0,1,0
CHEMBL2068505,C14H20ClF6N2PRu,150000.0,3.823908740944318,Concentration required to inhibit 50% growth of A2780 human ovarian cancer cells,A2780,,,497.81,45,0,0,0,0,0,0,1
CHEMBL174841,C14H18ClF6N2PRu,6000.0,5.22,Concentration required to inhibit 50% growth of A2780 human ovarian cancer cells.,A2780,,,495.794,43,0,0,0,0,0,0,1
CHEMBL368464,C16H22ClF6N2PRu,6000.0,5.22,Concentration required to inhibit 50% growth of A2780 human ovarian cancer cells.,A2780,,,523.848,49,0,0,0,0,0,0,1
CHEMBL2068516,C14H20BrF6N2PRu,150000.0,3.823908740944318,Concentration required to inhibit 50% growth of A2780 human ovarian cancer cells.,A2780,,,542.2639999999999,45,0,0,0,0,0,0,1
CHEMBL174577,C12H22ClF6N2PRu,9000.0,5.05,Concentration required to inhibit 50% growth of A2780 human ovarian cancer cells.,A2780,,,475.804,45,0,0,0,0,0,0,1
CHEMBL611728,C10H13ClF6N2O2PRu,55000.0,4.26,Concentration required to inhibit 50% growth of A2780 human ovarian cancer cells.,A2780,,,474.708,36,0,0,0,0,0,0,1
CHEMBL175093,C8H14ClF6N2PRu,17000.0,4.77,Concentration required to inhibit 50% growth of A2780 human ovarian cancer cells.,A2780,,,419.696,33,0,0,0,0,0,0,1
CHEMBL174682,C12H22F6IN2PRu,8000.0,5.1,Concentration required to inhibit 50% growth of A2780 human ovarian cancer cells.,A2780,,,567.254,45,0,0,0,0,0,0,1
CHEMBL368291,C16H20Cl2N2ORu,150000.0,3.823908740944318,Concentration required to inhibit 50% growth of A2780 human ovarian cancer cells.,A2780,,,428.319,42,0,0,0,0,0,0,1
CHEMBL1351,C6H12N2O4Pt,8200.0,5.09,Cytotoxicity against human ovarian carcinoma A2780 cell line,A2780,,,371.252,25,0,0,0,0,0,1,0
CHEMBL1351,C6H12N2O4Pt,41600.0,4.38,Cytotoxicity against human ovarian carcinoma A2780cisR cell line,A2780,,,371.252,25,0,0,0,0,0,1,0
CHEMBL1743585,C18H32N4O8Pt,200000000.0,0.6989700043360187,Compound was evaluated against human Ovarian carcinoma cell line A2780,A2780,,,627.554,63,0,0,0,0,0,1,0
CHEMBL1743585,C18H32N4O8Pt,200000000.0,0.6989700043360187,Compound was evaluated against human Ovarian carcinoma cell line A2780cisR,A2780,,,627.554,63,0,0,0,0,0,1,0
CHEMBL1743585,C18H32N4O8Pt,200000000.0,0.6989700043360187,Compound was evaluated against human Ovarian carcinoma cell line CH1,CH1,,,627.554,63,0,0,0,0,0,1,0
CHEMBL1743585,C18H32N4O8Pt,200000000.0,0.6989700043360187,Compound was evaluated against human Ovarian carcinoma cell line CH1cisR,CH1,,,627.554,63,0,0,0,0,0,1,0
CHEMBL1743586,C14H28N4O6Pt,200000000.0,0.6989700043360187,Compound was evaluated against human Ovarian carcinoma cell line A2780,A2780,,,543.48,53,0,0,0,0,0,1,0
CHEMBL1743586,C14H28N4O6Pt,200000000.0,0.6989700043360187,Compound was evaluated against human Ovarian carcinoma cell line A2780cisR,A2780,,,543.48,53,0,0,0,0,0,1,0
CHEMBL1743586,C14H28N4O6Pt,200000000.0,0.6989700043360187,Compound was evaluated against human Ovarian carcinoma cell line CH1,CH1,,,543.48,53,0,0,0,0,0,1,0
CHEMBL1743586,C14H28N4O6Pt,200000000.0,0.6989700043360187,Compound was evaluated against human Ovarian carcinoma cell line CH1cisR,CH1,,,543.48,53,0,0,0,0,0,1,0
CHEMBL49677,C24H18Cl2N4Ru+2,850.0,6.07,Cytotoxicity against human ovarian carcinoma A2780 cell line,A2780,,,534.406,49,2,0,0,0,0,0,1
CHEMBL49677,C24H18Cl2N4Ru+2,980.0,6.01,Cytotoxicity against human ovarian carcinoma A2780cisR cell line,A2780,,,534.406,49,2,0,0,0,0,0,1
CHEMBL300621,C24H19N6O4Ru+3,6300.0,5.2,Cytotoxicity against human ovarian carcinoma A2780 cell line,A2780,,,556.5239999999999,54,3,0,0,0,0,0,1
CHEMBL300621,C24H19N6O4Ru+3,6300.0,5.2,Cytotoxicity against human ovarian carcinoma A2780cisR cell line,A2780,,,556.5239999999999,54,3,0,0,0,0,0,1
CHEMBL49789,C25H21N6O4Ru+3,7900.0,5.1,Cytotoxicity against human ovarian carcinoma A2780 cell line,A2780,,,570.5509999999999,57,3,0,0,0,0,0,1
CHEMBL49789,C25H21N6O4Ru+3,6200.0,5.21,Cytotoxicity against human ovarian carcinoma A2780cisR cell line,A2780,,,570.5509999999999,57,3,0,0,0,0,0,1
CHEMBL298410,C23H20Cl5N6Ru+3,1600.0,5.8,Cytotoxicity against human ovarian carcinoma A2780 cell line,A2780,,,658.7750000000001,55,3,0,0,0,0,0,1
CHEMBL298410,C23H20Cl5N6Ru+3,7300.0,5.14,Cytotoxicity against human ovarian carcinoma A2780cisR cell line,A2780,,,658.7750000000001,55,3,0,0,0,0,0,1
CHEMBL1794812,C16H26N4O8Pt+2,200000000.0,0.6989700043360187,Compound was evaluated against human Ovarian carcinoma cell line A2780,A2780,,,597.484,55,2,0,0,0,0,1,0
CHEMBL1794812,C16H26N4O8Pt+2,200000000.0,0.6989700043360187,Compound was evaluated against human Ovarian carcinoma cell line A2780cisR,A2780,,,597.484,55,2,0,0,0,0,1,0
CHEMBL1794812,C16H26N4O8Pt+2,200000000.0,0.6989700043360187,Compound was evaluated against human Ovarian carcinoma cell line CH1,CH1,,,597.484,55,2,0,0,0,0,1,0
CHEMBL1794812,C16H26N4O8Pt+2,200000000.0,0.6989700043360187,Compound was evaluated against human Ovarian carcinoma cell line CH1cisR,CH1,,,597.484,55,2,0,0,0,0,1,0
CHEMBL1794811,C14H22N4O8Pt+2,200000000.0,0.6989700043360187,Compound was evaluated against human Ovarian carcinoma cell line A2780,A2780,,,569.43,49,2,0,0,0,0,1,0
CHEMBL1794811,C14H22N4O8Pt+2,200000000.0,0.6989700043360187,Compound was evaluated against human Ovarian carcinoma cell line A2780cisR,A2780,,,569.43,49,2,0,0,0,0,1,0
CHEMBL1794811,C14H22N4O8Pt+2,200000000.0,0.6989700043360187,Compound was evaluated against human Ovarian carcinoma cell line CH1,CH1,,,569.43,49,2,0,0,0,0,1,0
CHEMBL1794811,C14H22N4O8Pt+2,200000000.0,0.6989700043360187,Compound was evaluated against human Ovarian carcinoma cell line CH1cisR,CH1,,,569.43,49,2,0,0,0,0,1,0
CHEMBL1743600,C14H26N4O4Pt,200000000.0,0.6989700043360187,Compound was evaluated against human Ovarian carcinoma cell line A2780,A2780,,,509.466,49,0,0,0,0,0,1,0
CHEMBL1743600,C14H26N4O4Pt,200000000.0,0.6989700043360187,Compound was evaluated against human Ovarian carcinoma cell line A2780cisR,A2780,,,509.466,49,0,0,0,0,0,1,0
CHEMBL1743600,C14H26N4O4Pt,200000000.0,0.6989700043360187,Compound was evaluated against human Ovarian carcinoma cell line CH1,CH1,,,509.466,49,0,0,0,0,0,1,0
CHEMBL1743600,C14H26N4O4Pt,200000000.0,0.6989700043360187,Compound was evaluated against human Ovarian carcinoma cell line CH1cisR,CH1,,,509.466,49,0,0,0,0,0,1,0
CHEMBL1743591,C16H28N4O8Pt,200000000.0,0.6989700043360187,Compound was evaluated against human Ovarian carcinoma cell line A2780,A2780,,,599.5,57,0,0,0,0,0,1,0
CHEMBL1743591,C16H28N4O8Pt,200000000.0,0.6989700043360187,Compound was evaluated against human Ovarian carcinoma cell line A2780cisR,A2780,,,599.5,57,0,0,0,0,0,1,0
CHEMBL1743591,C16H28N4O8Pt,200000000.0,0.6989700043360187,Compound was evaluated against human Ovarian carcinoma cell line CH1,CH1,,,599.5,57,0,0,0,0,0,1,0
CHEMBL1743591,C16H28N4O8Pt,200000000.0,0.6989700043360187,Compound was evaluated against human Ovarian carcinoma cell line CH1cisR,CH1,,,599.5,57,0,0,0,0,0,1,0
CHEMBL295047,C23H20Cl3N8O6Ru-,9700.0,5.01,Cytotoxicity against human ovarian carcinoma A2780 cell line,A2780,,,711.883,61,-1,0,0,0,0,0,1
CHEMBL295047,C23H20Cl3N8O6Ru-,12100.0,4.92,Cytotoxicity against human ovarian carcinoma A2780cisR cell line,A2780,,,711.883,61,-1,0,0,0,0,0,1
CHEMBL1743583,C12H24N4O6Pt,200000000.0,0.6989700043360187,Compound was evaluated against human Ovarian carcinoma cell line A2780,A2780,,,515.426,47,0,0,0,0,0,1,0
CHEMBL1743583,C12H24N4O6Pt,200000000.0,0.6989700043360187,Compound was evaluated against human Ovarian carcinoma cell line A2780cisR,A2780,,,515.426,47,0,0,0,0,0,1,0
CHEMBL1743583,C12H24N4O6Pt,200000000.0,0.6989700043360187,Compound was evaluated against human Ovarian carcinoma cell line CH1,CH1,,,515.426,47,0,0,0,0,0,1,0
CHEMBL1743583,C12H24N4O6Pt,200000000.0,0.6989700043360187,Compound was evaluated against human Ovarian carcinoma cell line CH1cisR,CH1,,,515.426,47,0,0,0,0,0,1,0
CHEMBL49397,C24H18N6O6Ru-2,8500.0,5.07,Cytotoxicity against human ovarian carcinoma A2780 cell line,A2780,,,587.5140000000001,55,-2,0,0,0,0,0,1
CHEMBL49397,C24H18N6O6Ru-2,6300.0,5.2,Cytotoxicity against human ovarian carcinoma A2780cisR cell line,A2780,,,587.5140000000001,55,-2,0,0,0,0,0,1
CHEMBL1743593,C12H22N4O4Pt,200000000.0,0.6989700043360187,Compound was evaluated against human Ovarian carcinoma cell line A2780,A2780,,,481.412,43,0,0,0,0,0,1,0
CHEMBL1743593,C12H22N4O4Pt,200000000.0,0.6989700043360187,Compound was evaluated against human Ovarian carcinoma cell line A2780cisR,A2780,,,481.412,43,0,0,0,0,0,1,0
CHEMBL1743593,C12H22N4O4Pt,200000000.0,0.6989700043360187,Compound was evaluated against human Ovarian carcinoma cell line CH1,CH1,,,481.412,43,0,0,0,0,0,1,0
CHEMBL1743593,C12H22N4O4Pt,200000000.0,0.6989700043360187,Compound was evaluated against human Ovarian carcinoma cell line CH1cisR,CH1,,,481.412,43,0,0,0,0,0,1,0
CHEMBL2068258,C10H16N2O4Pt,320000.0,3.494850021680094,Compound was evaluated against human Ovarian carcinoma cell line A2780,A2780,,,423.328,33,0,0,0,0,0,1,0
CHEMBL2068258,C10H16N2O4Pt,740000.0,3.130768280269024,Compound was evaluated against human Ovarian carcinoma cell line A2780cisR,A2780,,,423.328,33,0,0,0,0,0,1,0
CHEMBL2068258,C10H16N2O4Pt,3300000.0,2.4814860601221125,Compound was evaluated against human Ovarian carcinoma cell line CH1,CH1,,,423.328,33,0,0,0,0,0,1,0
CHEMBL2068258,C10H16N2O4Pt,6000000.0,2.221848749616356,Compound was evaluated against human Ovarian carcinoma cell line CH1cisR,CH1,,,423.328,33,0,0,0,0,0,1,0
CHEMBL1743584,C14H24N4O8Pt,200000000.0,0.6989700043360187,Compound was evaluated against human Ovarian carcinoma cell line A2780,A2780,,,571.446,51,0,0,0,0,0,1,0
CHEMBL1743584,C14H24N4O8Pt,200000000.0,0.6989700043360187,Compound was evaluated against human Ovarian carcinoma cell line A2780cisR,A2780,,,571.446,51,0,0,0,0,0,1,0
CHEMBL1743584,C14H24N4O8Pt,200000000.0,0.6989700043360187,Compound was evaluated against human Ovarian carcinoma cell line CH1,CH1,,,571.446,51,0,0,0,0,0,1,0
CHEMBL1743584,C14H24N4O8Pt,200000000.0,0.6989700043360187,Compound was evaluated against human Ovarian carcinoma cell line CH1cisR,CH1,,,571.446,51,0,0,0,0,0,1,0
CHEMBL1743594,C16H28N4O8Pt,200000000.0,0.6989700043360187,Compound was evaluated against human Ovarian carcinoma cell line A2780,A2780,,,599.5,57,0,0,0,0,0,1,0
CHEMBL1743594,C16H28N4O8Pt,200000000.0,0.6989700043360187,Compound was evaluated against human Ovarian carcinoma cell line A2780cisR,A2780,,,599.5,57,0,0,0,0,0,1,0
CHEMBL1743594,C16H28N4O8Pt,200000000.0,0.6989700043360187,Compound was evaluated against human Ovarian carcinoma cell line CH1,CH1,,,599.5,57,0,0,0,0,0,1,0
CHEMBL1743594,C16H28N4O8Pt,200000000.0,0.6989700043360187,Compound was evaluated against human Ovarian carcinoma cell line CH1cisR,CH1,,,599.5,57,0,0,0,0,0,1,0
CHEMBL1351,C6H12N2O4Pt,18000000.0,1.744727494896694,Compound was evaluated against human Ovarian carcinoma cell line A2780,A2780,,,371.252,25,0,0,0,0,0,1,0
CHEMBL1351,C6H12N2O4Pt,178000000.0,0.749579997691106,Compound was evaluated against human Ovarian carcinoma cell line A2780cisR,A2780,,,371.252,25,0,0,0,0,0,1,0
CHEMBL1351,C6H12N2O4Pt,52000000.0,1.2839966563652008,Compound was evaluated against human Ovarian carcinoma cell line CH1,CH1,,,371.252,25,0,0,0,0,0,1,0
CHEMBL1351,C6H12N2O4Pt,185000000.0,0.7328282715969862,Compound was evaluated against human Ovarian carcinoma cell line CH1cisR,CH1,,,371.252,25,0,0,0,0,0,1,0
CHEMBL48208,C28H25N6O4Ru+3,7200.0,5.14,Cytotoxicity against human ovarian carcinoma A2780 cell line,A2780,,,610.616,64,3,0,0,0,0,0,1
CHEMBL48208,C28H25N6O4Ru+3,4900.0,5.31,Cytotoxicity against human ovarian carcinoma A2780cisR cell line,A2780,,,610.616,64,3,0,0,0,0,0,1
CHEMBL2068442,C9H14N2O4Pt,300000.0,3.5228787452803374,Compound was evaluated against human Ovarian carcinoma cell line A2780,A2780,,,409.301,30,0,0,0,0,0,1,0
CHEMBL2068442,C9H14N2O4Pt,1000000.0,3.0,Compound was evaluated against human Ovarian carcinoma cell line A2780cisR,A2780,,,409.301,30,0,0,0,0,0,1,0
CHEMBL2068442,C9H14N2O4Pt,4500000.0,2.346787486224656,Compound was evaluated against human Ovarian carcinoma cell line CH1,CH1,,,409.301,30,0,0,0,0,0,1,0
CHEMBL2068442,C9H14N2O4Pt,8000000.0,2.096910013008056,Compound was evaluated against human Ovarian carcinoma cell line CH1cisR,CH1,,,409.301,30,0,0,0,0,0,1,0
CHEMBL358664,C9H12AuCl2N+,124000.0,3.906578314837765,Compound was tested for in vitro growth inhibition of primary panel tumor cell lines SW620,SW-620,,,402.07199999999995,25,1,1,0,0,0,0,0
CHEMBL358664,C9H12AuCl2N+,119000.0,3.9244530386074694,Compound was tested for in vitro growth inhibition of primary panel tumor cell line SW1116,SW 1116,,,402.07199999999995,25,1,1,0,0,0,0,0
CHEMBL358664,C9H12AuCl2N+,27000.0,4.57,Compound was tested for in vitro growth inhibition of primary panel tumor cell line ZR-75-1,ZR-75-1,,,402.07199999999995,25,1,1,0,0,0,0,0
CHEMBL358664,C9H12AuCl2N+,55000.0,4.26,Compound was tested for in vitro growth inhibition of primary panel tumor cell line HT-29/219,HT-29,,,402.07199999999995,25,1,1,0,0,0,0,0
CHEMBL358664,C9H12AuCl2N+,30000.0,4.52,Compound was tested for in vitro growth inhibition of primary panel tumor cell line HT1376,HT-1376,,,402.07199999999995,25,1,1,0,0,0,0,0
CHEMBL358664,C9H12AuCl2N+,45000.0,4.35,Compound was tested for in vitro growth inhibition of primary panel tumor cell lines SK-OV-3,SK-OV-3,,,402.07199999999995,25,1,1,0,0,0,0,0
CHEMBL358664,C9H12AuCl2N+,57000.0,4.24,Compound was tested for in vitro growth inhibition of Ovarian carcinoma cell line panel HX62,HX62 cell line,,,402.07199999999995,25,1,1,0,0,0,0,0
CHEMBL358664,C9H12AuCl2N+,109000.0,3.962573502059376,Compound was tested for in vitro growth inhibition of Ovarian carcinoma cell line panelSK-OV-3,SK-OV-3,,,402.07199999999995,25,1,1,0,0,0,0,0
CHEMBL358664,C9H12AuCl2N+,13000.0,4.89,Compound was tested for in vitro growth inhibition of Ovarian carcinoma cell line panel CH1,CH1,,,402.07199999999995,25,1,1,0,0,0,0,0
CHEMBL358664,C9H12AuCl2N+,22000.0,4.66,Compound was tested for in vitro growth inhibition of Ovarian carcinoma cell line panel CH1-R,CH1,,,402.07199999999995,25,1,1,0,0,0,0,0
CHEMBL358664,C9H12AuCl2N+,8200.0,5.09,Compound was tested for in vitro growth inhibition of Ovarian carcinoma cell line panel A2780,A2780,,,402.07199999999995,25,1,1,0,0,0,0,0
CHEMBL358664,C9H12AuCl2N+,47000.0,4.33,Compound was tested for in vitro growth inhibition of Ovarian carcinoma cell line panel A2780-R,A2780,,,402.07199999999995,25,1,1,0,0,0,0,0
CHEMBL149255,C11H12AuNO4+,205000.0,3.688246138944246,Compound was tested for in vitro growth inhibition of primary panel tumor cell line SW620,SW-620,,,419.19,29,1,1,0,0,0,0,0
CHEMBL149255,C11H12AuNO4+,215000.0,3.6675615400843946,Compound was tested for in vitro growth inhibition of primary panel tumor cell line SW1116,SW 1116,,,419.19,29,1,1,0,0,0,0,0
CHEMBL149255,C11H12AuNO4+,41000.0,4.39,Compound was tested for in vitro growth inhibition of primary panel tumor cell line ZR-75-1,ZR-75-1,,,419.19,29,1,1,0,0,0,0,0
CHEMBL149255,C11H12AuNO4+,19000.0,4.72,Compound was tested for in vitro growth inhibition of primary panel tumor cell line HT-29/219,HT-29,,,419.19,29,1,1,0,0,0,0,0
CHEMBL149255,C11H12AuNO4+,10000.0,5.0,Compound was tested for in vitro growth inhibition of primary panel tumor cell line HT1376,HT-1376,,,419.19,29,1,1,0,0,0,0,0
CHEMBL149255,C11H12AuNO4+,10000.0,5.0,Compound was tested for in vitro growth inhibition of primary panel tumor cell lines SK-OV-3,SK-OV-3,,,419.19,29,1,1,0,0,0,0,0
CHEMBL149255,C11H12AuNO4+,30000.0,4.52,Compound was tested for in vitro growth inhibition of Ovarian carcinoma cell line panel HX62,HX62 cell line,,,419.19,29,1,1,0,0,0,0,0
CHEMBL149255,C11H12AuNO4+,42000.0,4.38,Compound was tested for in vitro growth inhibition of Ovarian carcinoma cell line panel SK-OV-3,SK-OV-3,,,419.19,29,1,1,0,0,0,0,0
CHEMBL149255,C11H12AuNO4+,11000.0,4.96,Compound was tested for in vitro growth inhibition of Ovarian carcinoma cell line panel CH1,CH1,,,419.19,29,1,1,0,0,0,0,0
CHEMBL149255,C11H12AuNO4+,13000.0,4.89,Compound was tested for in vitro growth inhibition of Ovarian carcinoma cell line panel CH1-R,CH1,,,419.19,29,1,1,0,0,0,0,0
CHEMBL149255,C11H12AuNO4+,3700.0,5.43,Compound was tested for in vitro growth inhibition of Ovarian carcinoma cell line panel A2780,A2780,,,419.19,29,1,1,0,0,0,0,0
CHEMBL149255,C11H12AuNO4+,35000.0,4.46,Compound was tested for in vitro growth inhibition of Ovarian carcinoma cell line panel A2780-R,A2780,,,419.19,29,1,1,0,0,0,0,0
CHEMBL1351,C6H12N2O4Pt,188030.0,3.7257728539542296,Growth inhibitory activity against COLO-320-DM human colon cancer cell line,COLO 320DM,,,371.252,25,0,0,0,0,0,1,0
CHEMBL1351,C6H12N2O4Pt,500560.0,3.3005438580305353,Growth inhibitory activity against SK-Hep1 human liver cancer cell line,SK-HEP1,,,371.252,25,0,0,0,0,0,1,0
CHEMBL1351,C6H12N2O4Pt,1082660.0,2.9655079083858635,Growth inhibitory activity against MDA-MB-231 human breast cancer cell line,MDA-MB-231,,,371.252,25,0,0,0,0,0,1,0
CHEMBL1351,C6H12N2O4Pt,60260.0,4.22,Growth inhibitory activity against NCI-H460 human lung cancer cell line,NCI-H460,,,371.252,25,0,0,0,0,0,1,0
CHEMBL1351,C6H12N2O4Pt,148730.0,3.8276014220606953,Growth inhibitory activity against SK-OV-3 human ovarian cancer cell line,SK-OV-3,,,371.252,25,0,0,0,0,0,1,0
CHEMBL1351,C6H12N2O4Pt,2750.0,5.56,Growth inhibitory activity against NTERA-S-cl-D1 human testicular cancer cell line,NTERA-2-cl-D1,,,371.252,25,0,0,0,0,0,1,0
CHEMBL1351,C6H12N2O4Pt,17780.0,4.75,Cytotoxicity against NCI-H460-sensitive Human Nonsmall Cell Lung Cancer cell line assessed by MTT assay after 96 hr of compound exposure,NCI-H460,,,371.252,25,0,0,0,0,0,1,0
CHEMBL1351,C6H12N2O4Pt,54600.0,4.26,Cytotoxicity against NCI-H460-resistant Human Nonsmall Cell Lung Cancer cell line assessed by MTT assay after 96 hr of compound exposure (resistance level),NCI-H460,,,371.252,25,0,0,0,0,0,1,0
CHEMBL117991,C19H24ClN3O3PtS+2,430.0,6.37,Cytotoxicity activity against Bel-7402 cell line,Bel-7402,,,605.009,52,2,0,0,0,0,1,0
CHEMBL117991,C19H24ClN3O3PtS+2,380.0,6.42,Cytotoxicity activity against HCT116 cell line,HCT-116,,,605.009,52,2,0,0,0,0,1,0
CHEMBL117991,C19H24ClN3O3PtS+2,430.0,6.37,Cytotoxicity activity against SPC-A4 cell line,SPC-A4,,,605.009,52,2,0,0,0,0,1,0
CHEMBL117991,C19H24ClN3O3PtS+2,610.0,6.21,Cytotoxicity activity against MOLT-4 cell line,MOLT-4,,,605.009,52,2,0,0,0,0,1,0
CHEMBL111089,C6H20Cl3N5Pt2,31000.0,4.51,Cytotoxic activity in a panel of Human ovarian tumor SKOV-3 cell line after 96h of drug exposure,SK-OV-3,,,658.771,36,0,0,0,0,0,1,0
CHEMBL111089,C6H20Cl3N5Pt2,24000.0,4.62,Cytotoxic activity in a panel of Human ovarian tumor HX/62 cell line after 96h of drug exposure,HX62 cell line,,,658.771,36,0,0,0,0,0,1,0
CHEMBL111089,C6H20Cl3N5Pt2,280.0,6.55,Cytotoxic activity in a panel of Human ovarian tumor A2780 cell line after 96h of drug exposure,A2780,,,658.771,36,0,0,0,0,0,1,0
CHEMBL111089,C6H20Cl3N5Pt2,890.0,6.05,Cytotoxic activity in a panel of Human ovarian tumor A2780/CDDP cell line after 96h of drug exposure,A2780,,,658.771,36,0,0,0,0,0,1,0
CHEMBL111089,C6H20Cl3N5Pt2,300.0,6.52,Cytotoxic activity in a panel of Human ovarian tumor CH1 cell line after 96h of drug exposure,CH1,,,658.771,36,0,0,0,0,0,1,0
CHEMBL111089,C6H20Cl3N5Pt2,970.0,6.01,Cytotoxic activity in a panel of Human ovarian tumor CH1/CDDP cell line after 96h of drug exposure,CH1,,,658.771,36,0,0,0,0,0,1,0
CHEMBL111089,C6H20Cl3N5Pt2,2500.0,5.6,Cytotoxic activity in a panel of Human ovarian tumor 41M cell line after 96h of drug exposure,41M,,,658.771,36,0,0,0,0,0,1,0
CHEMBL111089,C6H20Cl3N5Pt2,670.0,6.17,Cytotoxic activity in a panel of Human ovarian tumor 41M/CDDP cell line after 96h of drug exposure,41M,,,658.771,36,0,0,0,0,0,1,0
CHEMBL111089,C6H20Cl3N5Pt2,17700.0,4.75,Cytotoxic activity in a panel of Human ovarian tumor SKOV-3 cell line after 96h of drug exposure,SK-OV-3,,,658.771,36,0,0,0,0,0,1,0
CHEMBL111089,C6H20Cl3N5Pt2,12500.0,4.9,Cytotoxic activity in a panel of Human ovarian tumor HX/62 cell line after 96h of drug exposure,HX62 cell line,,,658.771,36,0,0,0,0,0,1,0
CHEMBL111089,C6H20Cl3N5Pt2,66.0,7.18,Cytotoxic activity in a panel of Human ovarian tumor A2780 cell line after 96h of drug exposure,A2780,,,658.771,36,0,0,0,0,0,1,0
CHEMBL111089,C6H20Cl3N5Pt2,340.0,6.47,Cytotoxic activity in a panel of Human ovarian tumor A2780/CDDP cell line after 96h of drug exposure,A2780,,,658.771,36,0,0,0,0,0,1,0
CHEMBL111089,C6H20Cl3N5Pt2,220.0,6.66,Cytotoxic activity in a panel of Human ovarian tumor CH1 cell line after 96h of drug exposure,CH1,,,658.771,36,0,0,0,0,0,1,0
CHEMBL111089,C6H20Cl3N5Pt2,980.0,6.01,Cytotoxic activity in a panel of Human ovarian tumor CH1/CDDP cell line after 96h of drug exposure,CH1,,,658.771,36,0,0,0,0,0,1,0
CHEMBL111089,C6H20Cl3N5Pt2,2400.0,5.62,Cytotoxic activity in a panel of Human ovarian tumor 41M cell line after 96h of drug exposure,41M,,,658.771,36,0,0,0,0,0,1,0
CHEMBL111089,C6H20Cl3N5Pt2,1300.0,5.89,Cytotoxic activity in a panel of Human ovarian tumor 41M/CDDP cell line after 96h of drug exposure,41M,,,658.771,36,0,0,0,0,0,1,0
CHEMBL150105,C13H18AuNO4+,281000.0,3.55129368009492,Compound was tested for in vitro growth inhibition of primary panel tumor cell lines SW620,SW-620,,,449.26,37,1,1,0,0,0,0,0
CHEMBL150105,C13H18AuNO4+,238000.0,3.623423042943488,Compound was tested for in vitro growth inhibition of primary panel tumor cell line SW1116,SW 1116,,,449.26,37,1,1,0,0,0,0,0
CHEMBL150105,C13H18AuNO4+,45000.0,4.35,Compound was tested for in vitro growth inhibition of primary panel tumor cell line ZR-75-1,ZR-75-1,,,449.26,37,1,1,0,0,0,0,0
CHEMBL150105,C13H18AuNO4+,67000.0,4.17,Compound was tested for in vitro growth inhibition of primary panel tumor cell line HT-29/219,HT-29,,,449.26,37,1,1,0,0,0,0,0
CHEMBL150105,C13H18AuNO4+,13000.0,4.89,Compound was tested for in vitro growth inhibition of primary panel tumor cell line HT1376,HT-1376,,,449.26,37,1,1,0,0,0,0,0
CHEMBL150105,C13H18AuNO4+,13000.0,4.89,Compound was tested for in vitro growth inhibition of primary panel tumor cell lines SK-OV-3,SK-OV-3,,,449.26,37,1,1,0,0,0,0,0
CHEMBL150105,C13H18AuNO4+,34000.0,4.47,Compound was tested for in vitro growth inhibition of Ovarian carcinoma cell line panel HX62,HX62 cell line,,,449.26,37,1,1,0,0,0,0,0
CHEMBL150105,C13H18AuNO4+,107000.0,3.9706162223147903,Compound was tested for in vitro growth inhibition of Ovarian carcinoma cell line panel SK-OV-3,SK-OV-3,,,449.26,37,1,1,0,0,0,0,0
CHEMBL150105,C13H18AuNO4+,11000.0,4.96,Compound was tested for in vitro growth inhibition of Ovarian carcinoma cell line panel CH1,CH1,,,449.26,37,1,1,0,0,0,0,0
CHEMBL150105,C13H18AuNO4+,12000.0,4.92,Compound was tested for in vitro growth inhibition of Ovarian carcinoma cell line panel CH1-R,CH1,,,449.26,37,1,1,0,0,0,0,0
CHEMBL150105,C13H18AuNO4+,3500.0,5.46,Compound was tested for in vitro growth inhibition of Ovarian carcinoma cell line panel A2780,A2780,,,449.26,37,1,1,0,0,0,0,0
CHEMBL150105,C13H18AuNO4+,35000.0,4.46,Compound was tested for in vitro growth inhibition of Ovarian carcinoma cell line panel A2780-R,A2780,,,449.26,37,1,1,0,0,0,0,0
CHEMBL347085,C12H14AuNO4+,67000.0,4.17,Compound was tested for in vitro growth inhibition of primary panel tumor cell line SW620,SW-620,,,433.217,32,1,1,0,0,0,0,0
CHEMBL347085,C12H14AuNO4+,80000.0,4.1,Compound was tested for in vitro growth inhibition of primary panel tumor cell line SW1116,SW 1116,,,433.217,32,1,1,0,0,0,0,0
CHEMBL347085,C12H14AuNO4+,36000.0,4.44,Compound was tested for in vitro growth inhibition of primary panel tumor cell line ZR-75-1,ZR-75-1,,,433.217,32,1,1,0,0,0,0,0
CHEMBL347085,C12H14AuNO4+,36000.0,4.44,Compound was tested for in vitro growth inhibition of primary panel tumor cell line HT-29/219,HT-29,,,433.217,32,1,1,0,0,0,0,0
CHEMBL347085,C12H14AuNO4+,11000.0,4.96,Compound was tested for in vitro growth inhibition of primary panel tumor cell line HT1376,HT-1376,,,433.217,32,1,1,0,0,0,0,0
CHEMBL347085,C12H14AuNO4+,11000.0,4.96,Compound was tested for in vitro growth inhibition of primary panel tumor cell lines SK-OV-3,SK-OV-3,,,433.217,32,1,1,0,0,0,0,0
CHEMBL347085,C12H14AuNO4+,27000.0,4.57,Compound was tested for in vitro growth inhibition of Ovarian carcinoma cell line panel HX62,HX62 cell line,,,433.217,32,1,1,0,0,0,0,0
CHEMBL347085,C12H14AuNO4+,30000.0,4.52,Compound was tested for in vitro growth inhibition of Ovarian carcinoma cell line panel SK-OV-3,SK-OV-3,,,433.217,32,1,1,0,0,0,0,0
CHEMBL347085,C12H14AuNO4+,2700.0,5.57,Compound was tested for in vitro growth inhibition of Ovarian carcinoma cell line panel CH1,CH1,,,433.217,32,1,1,0,0,0,0,0
CHEMBL347085,C12H14AuNO4+,3300.0,5.48,Compound was tested for in vitro growth inhibition of Ovarian carcinoma cell line panel CH1-R,CH1,,,433.217,32,1,1,0,0,0,0,0
CHEMBL347085,C12H14AuNO4+,2700.0,5.57,Compound was tested for in vitro growth inhibition of Ovarian carcinoma cell line panel A2780,A2780,,,433.217,32,1,1,0,0,0,0,0
CHEMBL347085,C12H14AuNO4+,16000.0,4.8,Compound was tested for in vitro growth inhibition of Ovarian carcinoma cell line panel A2780-R,A2780,,,433.217,32,1,1,0,0,0,0,0
CHEMBL2068551,C8H12N2O5Pt,37250.0,4.43,Growth inhibitory activity against COLO-320-DM human colon cancer cell line,COLO 320DM,,,411.273,28,0,0,0,0,0,1,0
CHEMBL2068551,C8H12N2O5Pt,20590.0,4.69,Growth inhibitory activity against SK-Hep1 human liver cancer cell line,SK-HEP1,,,411.273,28,0,0,0,0,0,1,0
CHEMBL2068551,C8H12N2O5Pt,63800.0,4.2,Growth inhibitory activity against MDA-MB-231 human breast cancer cell line,MDA-MB-231,,,411.273,28,0,0,0,0,0,1,0
CHEMBL2068551,C8H12N2O5Pt,21140.0,4.67,Growth inhibitory activity against NCI-H460 human lung cancer cell line,NCI-H460,,,411.273,28,0,0,0,0,0,1,0
CHEMBL2068551,C8H12N2O5Pt,40750.0,4.39,Growth inhibitory activity against SK-OV-3 human ovarian cancer cell line,SK-OV-3,,,411.273,28,0,0,0,0,0,1,0
CHEMBL2068551,C8H12N2O5Pt,360.0,6.44,Growth inhibitory activity against NTERA-S-cl-D1 human testicular cancer cell line,NTERA-2-cl-D1,,,411.273,28,0,0,0,0,0,1,0
CHEMBL2068551,C8H12N2O5Pt,2880.0,5.54,Cytotoxicity against NCI-H460-sensitive Human Nonsmall Cell Lung Cancer cell line assessed by MTT assay after 96 hr of compound exposure,NCI-H460,,,411.273,28,0,0,0,0,0,1,0
CHEMBL2068551,C8H12N2O5Pt,10520.0,4.98,Cytotoxicity against NCI-H460-resistant Human Nonsmall Cell Lung Cancer cell line assessed by MTT assay after 96 hr of compound exposure (resistance level),NCI-H460,,,411.273,28,0,0,0,0,0,1,0
CHEMBL146966,C11H12AuN3S2+,51000.0,4.29,Compound was tested for in vitro growth inhibition of primary panel tumor cell line SW620,SW-620,,,447.328,29,1,1,0,0,0,0,0
CHEMBL146966,C11H12AuN3S2+,47000.0,4.33,Compound was tested for in vitro growth inhibition of primary panel tumor cell line SW1116,SW 1116,,,447.328,29,1,1,0,0,0,0,0
CHEMBL146966,C11H12AuN3S2+,34000.0,4.47,Compound was tested for in vitro growth inhibition of primary panel tumor cell line ZR-75-1,ZR-75-1,,,447.328,29,1,1,0,0,0,0,0
CHEMBL146966,C11H12AuN3S2+,25000.0,4.6,Compound was tested for in vitro growth inhibition of primary panel tumor cell line HT-29/219,HT-29,,,447.328,29,1,1,0,0,0,0,0
CHEMBL146966,C11H12AuN3S2+,6700.0,5.17,Compound was tested for in vitro growth inhibition of primary panel tumor cell line HT1376,HT-1376,,,447.328,29,1,1,0,0,0,0,0
CHEMBL146966,C11H12AuN3S2+,20000.0,4.7,Compound was tested for in vitro growth inhibition of primary panel tumor cell line SK-OV-3,SK-OV-3,,,447.328,29,1,1,0,0,0,0,0
CHEMBL146966,C11H12AuN3S2+,31000.0,4.51,Compound was tested for in vitro growth inhibition of Ovarian carcinoma cell line panel HX62,HX62 cell line,,,447.328,29,1,1,0,0,0,0,0
CHEMBL146966,C11H12AuN3S2+,39000.0,4.41,Compound was tested for in vitro growth inhibition of Ovarian carcinoma cell line panel SK-OV-3,SK-OV-3,,,447.328,29,1,1,0,0,0,0,0
CHEMBL146966,C11H12AuN3S2+,10000.0,5.0,Compound was tested for in vitro growth inhibition of Ovarian carcinoma cell line panel CH1,CH1,,,447.328,29,1,1,0,0,0,0,0
CHEMBL146966,C11H12AuN3S2+,11000.0,4.96,Compound was tested for in vitro growth inhibition of Ovarian carcinoma cell line panel CH1-R,CH1,,,447.328,29,1,1,0,0,0,0,0
CHEMBL146966,C11H12AuN3S2+,2000.0,5.7,Compound was tested for in vitro growth inhibition of Ovarian carcinoma cell line panel A2780,A2780,,,447.328,29,1,1,0,0,0,0,0
CHEMBL146966,C11H12AuN3S2+,26000.0,4.58,Compound was tested for in vitro growth inhibition of Ovarian carcinoma cell line panel A2780-R,A2780,,,447.328,29,1,1,0,0,0,0,0
CHEMBL108133,C6H22Cl2N6Pt2+2,15300.0,4.82,Cytotoxic activity in a panel of Human ovarian tumor SKOV-3 cell line after 96h of drug exposure,SK-OV-3,,,639.344,38,2,0,0,0,0,1,0
CHEMBL108133,C6H22Cl2N6Pt2+2,11000.0,4.96,Cytotoxic activity in a panel of Human ovarian tumor HX/62 cell line after 96h of drug exposure,HX62 cell line,,,639.344,38,2,0,0,0,0,1,0
CHEMBL108133,C6H22Cl2N6Pt2+2,66.0,7.18,Cytotoxic activity in a panel of Human ovarian tumor A2780 cell line after 96h of drug exposure,A2780,,,639.344,38,2,0,0,0,0,1,0
CHEMBL108133,C6H22Cl2N6Pt2+2,1200.0,5.92,Cytotoxic activity in a panel of Human ovarian tumor A2780/CDDP cell line after 96h of drug exposure,A2780,,,639.344,38,2,0,0,0,0,1,0
CHEMBL108133,C6H22Cl2N6Pt2+2,56.0,7.25,Cytotoxic activity in a panel of Human ovarian tumor CH1 cell line after 96h of drug exposure,CH1,,,639.344,38,2,0,0,0,0,1,0
CHEMBL108133,C6H22Cl2N6Pt2+2,190.0,6.72,Cytotoxic activity in a panel of Human ovarian tumor CH1/CDDP cell line after 96h of drug exposure,CH1,,,639.344,38,2,0,0,0,0,1,0
CHEMBL108133,C6H22Cl2N6Pt2+2,1900.0,5.72,Cytotoxic activity in a panel of Human ovarian tumor 41M cell line after 96h of drug exposure,41M,,,639.344,38,2,0,0,0,0,1,0
CHEMBL108133,C6H22Cl2N6Pt2+2,410.0,6.39,Cytotoxic activity in a panel of Human ovarian tumor 41M/CDDP cell line after 96h of drug exposure,41M,,,639.344,38,2,0,0,0,0,1,0
CHEMBL2068447,C14H24N2O5Pt,84680.0,4.07,Growth inhibitory activity against COLO-320-DM human colon cancer cell line,COLO 320DM,,,495.43500000000006,46,0,0,0,0,0,1,0
CHEMBL2068447,C14H24N2O5Pt,17180.0,4.76,Growth inhibitory activity against SK-Hep1 human liver cancer cell line,SK-HEP1,,,495.43500000000006,46,0,0,0,0,0,1,0
CHEMBL2068447,C14H24N2O5Pt,94450.0,4.03,Growth inhibitory activity against MDA-MB-231 human breast cancer cell line,MDA-MB-231,,,495.43500000000006,46,0,0,0,0,0,1,0
CHEMBL2068447,C14H24N2O5Pt,26460.0,4.58,Growth inhibitory activity against NCI-H460 human lung cancer cell line,NCI-H460,,,495.43500000000006,46,0,0,0,0,0,1,0
CHEMBL2068447,C14H24N2O5Pt,77650.0,4.11,Growth inhibitory activity against SK-OV-3 human ovarian cancer cell line,SK-OV-3,,,495.43500000000006,46,0,0,0,0,0,1,0
CHEMBL2068447,C14H24N2O5Pt,1440.0,5.84,Growth inhibitory activity against NTERA-S-cl-D1 human testicular cancer cell line,NTERA-2-cl-D1,,,495.43500000000006,46,0,0,0,0,0,1,0
CHEMBL2068447,C14H24N2O5Pt,11760.0,4.93,Cytotoxicity against NCI-H460-sensitive Human Nonsmall Cell Lung Cancer cell line assessed by MTT assay after 96 hr of compound exposure,NCI-H460,,,495.43500000000006,46,0,0,0,0,0,1,0
CHEMBL2068447,C14H24N2O5Pt,20410.0,4.69,Cytotoxicity against NCI-H460-resistant Human Nonsmall Cell Lung Cancer cell line assessed by MTT assay after 96 hr of compound exposure (resistance level),NCI-H460,,,495.43500000000006,46,0,0,0,0,0,1,0
CHEMBL2068563,C10H16N2O5Pt,48920.0,4.31,Growth inhibitory activity against COLO-320-DM human colon cancer cell line,COLO 320DM,,,439.327,34,0,0,0,0,0,1,0
CHEMBL2068563,C10H16N2O5Pt,15440.0,4.81,Growth inhibitory activity against SK-Hep1 human liver cancer cell line,SK-HEP1,,,439.327,34,0,0,0,0,0,1,0
CHEMBL2068563,C10H16N2O5Pt,49430.0,4.31,Growth inhibitory activity against MDA-MB-231 human breast cancer cell line,MDA-MB-231,,,439.327,34,0,0,0,0,0,1,0
CHEMBL2068563,C10H16N2O5Pt,3440.0,5.46,Growth inhibitory activity against NCI-H460 human lung cancer cell line,NCI-H460,,,439.327,34,0,0,0,0,0,1,0
CHEMBL2068563,C10H16N2O5Pt,37190.0,4.43,Growth inhibitory activity against SK-OV-3 human ovarian cancer cell line,SK-OV-3,,,439.327,34,0,0,0,0,0,1,0
CHEMBL2068563,C10H16N2O5Pt,840.0,6.08,Growth inhibitory activity against NTERA-S-cl-D1 human testicular cancer cell line,NTERA-2-cl-D1,,,439.327,34,0,0,0,0,0,1,0
CHEMBL2068563,C10H16N2O5Pt,12590.0,4.9,Cytotoxicity against NCI-H460-sensitive Human Nonsmall Cell Lung Cancer cell line assessed by MTT assay after 96 hr of compound exposure,NCI-H460,,,439.327,34,0,0,0,0,0,1,0
CHEMBL2068563,C10H16N2O5Pt,23290.0,4.63,Cytotoxicity against NCI-H460-resistant Human Nonsmall Cell Lung Cancer cell line assessed by MTT assay after 96 hr of compound exposure (resistance level),NCI-H460,,,439.327,34,0,0,0,0,0,1,0
CHEMBL108133,C6H22Cl2N6Pt2+2,87000.0,4.06,Cytotoxic activity in a panel of Human ovarian tumor SKOV-3 cell line after 96h of drug exposure,SK-OV-3,,,639.344,38,2,0,0,0,0,1,0
CHEMBL108133,C6H22Cl2N6Pt2+2,14000.0,4.85,Cytotoxic activity in a panel of Human ovarian tumor HX/62 cell line after 96h of drug exposure,HX62 cell line,,,639.344,38,2,0,0,0,0,1,0
CHEMBL108133,C6H22Cl2N6Pt2+2,250.0,6.6,Cytotoxic activity in a panel of Human ovarian tumor A2780 cell line after 96h of drug exposure,A2780,,,639.344,38,2,0,0,0,0,1,0
CHEMBL108133,C6H22Cl2N6Pt2+2,4900.0,5.31,Cytotoxic activity in a panel of Human ovarian tumor A2780/CDDP cell line after 96h of drug exposure,A2780,,,639.344,38,2,0,0,0,0,1,0
CHEMBL108133,C6H22Cl2N6Pt2+2,1600.0,5.8,Cytotoxic activity in a panel of Human ovarian tumor CH1 cell line after 96h of drug exposure,CH1,,,639.344,38,2,0,0,0,0,1,0
CHEMBL108133,C6H22Cl2N6Pt2+2,3200.0,5.5,Cytotoxic activity in a panel of Human ovarian tumor CH1/CDDP cell line after 96h of drug exposure,CH1,,,639.344,38,2,0,0,0,0,1,0
CHEMBL108133,C6H22Cl2N6Pt2+2,7400.0,5.13,Cytotoxic activity in a panel of Human ovarian tumor 41M cell line after 96h of drug exposure,41M,,,639.344,38,2,0,0,0,0,1,0
CHEMBL108133,C6H22Cl2N6Pt2+2,1800.0,5.75,Cytotoxic activity in a panel of Human ovarian tumor 41M/CDDP cell line after 96h of drug exposure,41M,,,639.344,38,2,0,0,0,0,1,0
CHEMBL2068288,C12H20N2O5Pt,48460.0,4.32,Growth inhibitory activity against COLO-320-DM human colon cancer cell line,COLO 320DM,,,467.3810000000001,40,0,0,0,0,0,1,0
CHEMBL2068288,C12H20N2O5Pt,19990.0,4.7,Growth inhibitory activity against SK-Hep1 human liver cancer cell line,SK-HEP1,,,467.3810000000001,40,0,0,0,0,0,1,0
CHEMBL2068288,C12H20N2O5Pt,62530.0,4.2,Growth inhibitory activity against MDA-MB-231 human breast cancer cell line,MDA-MB-231,,,467.3810000000001,40,0,0,0,0,0,1,0
CHEMBL2068288,C12H20N2O5Pt,3910.0,5.41,Growth inhibitory activity against NCI-H460 human lung cancer cell line,NCI-H460,,,467.3810000000001,40,0,0,0,0,0,1,0
CHEMBL2068288,C12H20N2O5Pt,62610.0,4.2,Growth inhibitory activity against SK-OV-3 human ovarian cancer cell line,SK-OV-3,,,467.3810000000001,40,0,0,0,0,0,1,0
CHEMBL2068288,C12H20N2O5Pt,600.0,6.22,Growth inhibitory activity against NTERA-S-cl-D1 human testicular cancer cell line,NTERA-2-cl-D1,,,467.3810000000001,40,0,0,0,0,0,1,0
CHEMBL2068288,C12H20N2O5Pt,9430.0,5.03,Cytotoxicity against NCI-H460-sensitive Human Nonsmall Cell Lung Cancer cell line assessed by MTT assay after 96 hr of compound exposure,NCI-H460,,,467.3810000000001,40,0,0,0,0,0,1,0
CHEMBL2068288,C12H20N2O5Pt,16690.0,4.78,Cytotoxicity against NCI-H460-resistant Human Nonsmall Cell Lung Cancer cell line assessed by MTT assay after 96 hr of compound exposure (resistance level),NCI-H460,,,467.3810000000001,40,0,0,0,0,0,1,0
CHEMBL2068449,C14H20N2O5Pt,10100.0,5.0,Growth inhibitory activity against COLO-320-DM human colon cancer cell line,COLO 320DM,,,491.403,42,0,0,0,0,0,1,0
CHEMBL2068449,C14H20N2O5Pt,2970.0,5.53,Growth inhibitory activity against SK-Hep1 human liver cancer cell line,SK-HEP1,,,491.403,42,0,0,0,0,0,1,0
CHEMBL2068449,C14H20N2O5Pt,36530.0,4.44,Growth inhibitory activity against MDA-MB-231 human breast cancer cell line,MDA-MB-231,,,491.403,42,0,0,0,0,0,1,0
CHEMBL2068449,C14H20N2O5Pt,3140.0,5.5,Growth inhibitory activity against NCI-H460 human lung cancer cell line,NCI-H460,,,491.403,42,0,0,0,0,0,1,0
CHEMBL2068449,C14H20N2O5Pt,41930.0,4.38,Growth inhibitory activity against SK-OV-3 human ovarian cancer cell line,SK-OV-3,,,491.403,42,0,0,0,0,0,1,0
CHEMBL2068449,C14H20N2O5Pt,150.0,6.82,Growth inhibitory activity against NTERA-S-cl-D1 human testicular cancer cell line,NTERA-2-cl-D1,,,491.403,42,0,0,0,0,0,1,0
CHEMBL2068449,C14H20N2O5Pt,1230.0,5.91,Cytotoxicity against NCI-H460-sensitive Human Nonsmall Cell Lung Cancer cell line assessed by MTT assay after 96 hr of compound exposure,NCI-H460,,,491.403,42,0,0,0,0,0,1,0
CHEMBL2068449,C14H20N2O5Pt,1400.0,5.85,Cytotoxicity against NCI-H460-resistant Human Nonsmall Cell Lung Cancer cell line assessed by MTT assay after 96 hr of compound exposure (resistance level),NCI-H460,,,491.403,42,0,0,0,0,0,1,0
CHEMBL3142754,C42H50Cl2N5O14PPt,35000.0,4.46,Growth and colony formation inhibition of CEM leukemia cancer cell lines,CCRF-CEM,,,1145.837,115,0,0,0,0,0,1,0
CHEMBL3142754,C42H50Cl2N5O14PPt,4000.0,5.4,Growth and colony formation inhibition of A2780 ovarian cancer cell lines,A2780,,,1145.837,115,0,0,0,0,0,1,0
CHEMBL3142754,C42H50Cl2N5O14PPt,24000.0,4.62,Growth and colony formation inhibition of SKOV-3 ovarian cancer cell lines,SK-OV-3,,,1145.837,115,0,0,0,0,0,1,0
CHEMBL2068310,C8H20Cl4N2O2Pt,10000.0,5.0,Growth and colony formation inhibition of CEM leukemia cancer cell lines,CCRF-CEM,,,513.14,37,0,0,0,0,0,1,0
CHEMBL2068310,C8H20Cl4N2O2Pt,2200.0,5.66,Growth and colony formation inhibition of A2780 ovarian cancer cell lines,A2780,,,513.14,37,0,0,0,0,0,1,0
CHEMBL2068310,C8H20Cl4N2O2Pt,4000.0,5.4,Growth and colony formation inhibition of SKOV-3 ovarian cancer cell lines,SK-OV-3,,,513.14,37,0,0,0,0,0,1,0
CHEMBL2068496,C9H19Cl2N3Pt,18000.0,4.75,cytotoxicity against A2780 cells incubated for 24 hr in MTT assay.,A2780,,,435.25200000000007,34,0,0,0,0,0,1,0
CHEMBL2068496,C9H19Cl2N3Pt,64000.0,4.19,cytotoxicity against A2780cisR cells incubated for 24 hr in MTT assay,A2780cisR,,,435.25200000000007,34,0,0,0,0,0,1,0
CHEMBL2068496,C9H19Cl2N3Pt,22000.0,4.66,cytotoxicity against CH1 cells incubated for 24 hr in MTT assay.,CH1,,,435.25200000000007,34,0,0,0,0,0,1,0
CHEMBL2068496,C9H19Cl2N3Pt,85000.0,4.07,cytotoxicity against CH1cisR cells incubated for 24 hr in MTT assay,CH1,,,435.25200000000007,34,0,0,0,0,0,1,0
CHEMBL2068496,C9H19Cl2N3Pt,37000.0,4.43,cytotoxicity against 41M cells incubated for 24 hr in MTT assay.,41M,,,435.25200000000007,34,0,0,0,0,0,1,0
CHEMBL2068496,C9H19Cl2N3Pt,118000.0,3.9281179926938745,cytotoxicity against 41McisR cells incubated for 24 hr in MTT assay,41M,,,435.25200000000007,34,0,0,0,0,0,1,0
CHEMBL2068454,C6H16Cl2N2O2Pt,20000.0,4.7,Growth and colony formation inhibition of SKOV-3 ovarian cancer cell lines,SK-OV-3,,,414.186,29,0,0,0,0,0,1,0
CHEMBL1351,C6H12N2O4Pt,28500.0,4.54,Growth and colony formation inhibition of SKOV-3 ovarian cancer cell lines,SK-OV-3,,,371.252,25,0,0,0,0,0,1,0
CHEMBL2068376,C8H19Cl2N3Pt,16000.0,4.8,cytotoxicity against A2780 cells incubated for 24 hr in MTT assay.,A2780,,,423.241,33,0,0,0,0,0,1,0
CHEMBL2068376,C8H19Cl2N3Pt,28000.0,4.55,cytotoxicity against A2780cisR cells incubated for 24 hr in MTT assay,A2780cisR,,,423.241,33,0,0,0,0,0,1,0
CHEMBL2068376,C8H19Cl2N3Pt,17000.0,4.77,cytotoxicity against CH1 cells incubated for 24 hr in MTT assay.,CH1,,,423.241,33,0,0,0,0,0,1,0
CHEMBL2068376,C8H19Cl2N3Pt,19000.0,4.72,cytotoxicity against CH1cisR cells incubated for 24 hr in MTT assay,CH1,,,423.241,33,0,0,0,0,0,1,0
CHEMBL2068376,C8H19Cl2N3Pt,32000.0,4.5,cytotoxicity against 41M cells incubated for 24 hr in MTT assay.,41M,,,423.241,33,0,0,0,0,0,1,0
CHEMBL2068376,C8H19Cl2N3Pt,48000.0,4.32,cytotoxicity against 41McisR cells incubated for 24 hr in MTT assay,41M,,,423.241,33,0,0,0,0,0,1,0
CHEMBL148800,C10H16Cl2N3Pt+,10000.0,5.0,cytotoxicity against A2780 cells incubated for 24 hr in MTT assay.,A2780,,,444.239,32,1,0,0,0,0,1,0
CHEMBL148800,C10H16Cl2N3Pt+,24000.0,4.62,cytotoxicity against A2780cisR cells incubated for 24 hr in MTT assay,A2780cisR,,,444.239,32,1,0,0,0,0,1,0
CHEMBL148800,C10H16Cl2N3Pt+,16000.0,4.8,cytotoxicity against CH1 cells incubated for 24 hr in MTT assay.,CH1,,,444.239,32,1,0,0,0,0,1,0
CHEMBL148800,C10H16Cl2N3Pt+,42000.0,4.38,cytotoxicity against CH1cisR cells incubated for 24 hr in MTT assay,CH1,,,444.239,32,1,0,0,0,0,1,0
CHEMBL148800,C10H16Cl2N3Pt+,45000.0,4.35,cytotoxicity against 41M cells incubated for 24 hr in MTT assay.,41M,,,444.239,32,1,0,0,0,0,1,0
CHEMBL148800,C10H16Cl2N3Pt+,147000.0,3.832682665251824,cytotoxicity against 41McisR cells incubated for 24 hr in MTT assay,41M,,,444.239,32,1,0,0,0,0,1,0
CHEMBL2068316,C6H16Cl4N2O2Pt,8000.0,5.1,Growth and colony formation inhibition of CEM leukemia cancer cell lines,CCRF-CEM,,,485.086,31,0,0,0,0,0,1,0
CHEMBL2068316,C6H16Cl4N2O2Pt,1600.0,5.8,Growth and colony formation inhibition of A2780 ovarian cancer cell lines,A2780,,,485.086,31,0,0,0,0,0,1,0
CHEMBL2068316,C6H16Cl4N2O2Pt,10000.0,5.0,Growth and colony formation inhibition of SKOV-3 ovarian cancer cell lines,SK-OV-3,,,485.086,31,0,0,0,0,0,1,0
CHEMBL3142753,C17H28Cl2N5O10PPt,100000.0,4.0,Growth and colony formation inhibition of CEM leukemia cancer cell lines,CCRF-CEM,,,759.3900000000001,64,0,0,0,0,0,1,0
CHEMBL3142753,C17H28Cl2N5O10PPt,16000.0,4.8,Growth and colony formation inhibition of A2780 ovarian cancer cell lines,A2780,,,759.3900000000001,64,0,0,0,0,0,1,0
CHEMBL3142753,C17H28Cl2N5O10PPt,75000.0,4.12,Growth and colony formation inhibition of SKOV-3 ovarian cancer cell lines,SK-OV-3,,,759.3900000000001,64,0,0,0,0,0,1,0
CHEMBL2068452,C8H20Cl2N2O2Pt,23000.0,4.64,Growth and colony formation inhibition of SKOV-3 ovarian cancer cell lines,SK-OV-3,,,442.24,35,0,0,0,0,0,1,0
CHEMBL2068458,C10H20Cl2N2O6Pt,22000.0,4.66,Growth and colony formation inhibition of SKOV-3 ovarian cancer cell lines,SK-OV-3,,,530.258,41,0,0,0,0,0,1,0
CHEMBL440148,C13H29Cl2N4O2PPt,125000.0,3.903089986991944,Growth and colony formation inhibition of A2780 ovarian cancer cell lines,A2780,,,570.355,52,0,0,0,0,0,1,0
CHEMBL440148,C13H29Cl2N4O2PPt,200000.0,3.6989700043360183,Growth and colony formation inhibition of SKOV-3 ovarian cancer cell lines,SK-OV-3,,,570.355,52,0,0,0,0,0,1,0
CHEMBL2068372,C7H17Cl2N3Pt,14000.0,4.85,cytotoxicity against A2780 cells incubated for 24 hr in MTT assay.,A2780,,,409.21400000000006,30,0,0,0,0,0,1,0
CHEMBL2068372,C7H17Cl2N3Pt,30000.0,4.52,cytotoxicity against A2780cisR cells incubated for 24 hr in MTT assay,A2780cisR,,,409.21400000000006,30,0,0,0,0,0,1,0
CHEMBL2068372,C7H17Cl2N3Pt,10000.0,5.0,cytotoxicity against CH1 cells incubated for 24 hr in MTT assay.,CH1,,,409.21400000000006,30,0,0,0,0,0,1,0
CHEMBL2068372,C7H17Cl2N3Pt,50000.0,4.3,cytotoxicity against CH1cisR cells incubated for 24 hr in MTT assay,CH1,,,409.21400000000006,30,0,0,0,0,0,1,0
CHEMBL2068372,C7H17Cl2N3Pt,38000.0,4.42,cytotoxicity against 41M cells incubated for 24 hr in MTT assay.,41M,,,409.21400000000006,30,0,0,0,0,0,1,0
CHEMBL2068372,C7H17Cl2N3Pt,122000.0,3.913640169325251,cytotoxicity against 41McisR cells incubated for 24 hr in MTT assay,41M,,,409.21400000000006,30,0,0,0,0,0,1,0
CHEMBL2068314,C8H16Cl2N2O6Pt,10000.0,5.0,Growth and colony formation inhibition of SKOV-3 ovarian cancer cell lines,SK-OV-3,,,502.20400000000006,35,0,0,0,0,0,1,0
CHEMBL2068480,C8H18Cl2N4Pt,17000.0,4.77,cytotoxicity against A2780 cells incubated for 24 hr in MTT assay.,A2780,,,436.24,33,0,0,0,0,0,1,0
CHEMBL2068480,C8H18Cl2N4Pt,43000.0,4.37,cytotoxicity against A2780cisR cells incubated for 24 hr in MTT assay,A2780cisR,,,436.24,33,0,0,0,0,0,1,0
CHEMBL2068480,C8H18Cl2N4Pt,26000.0,4.58,cytotoxicity against CH1 cells incubated for 24 hr in MTT assay.,CH1,,,436.24,33,0,0,0,0,0,1,0
CHEMBL2068480,C8H18Cl2N4Pt,53000.0,4.28,cytotoxicity against CH1cisR cells incubated for 24 hr in MTT assay,CH1,,,436.24,33,0,0,0,0,0,1,0
CHEMBL2068480,C8H18Cl2N4Pt,43000.0,4.37,cytotoxicity against 41M cells incubated for 24 hr in MTT assay.,41M,,,436.24,33,0,0,0,0,0,1,0
CHEMBL2068480,C8H18Cl2N4Pt,153000.0,3.815308569182401,cytotoxicity against 41McisR cells incubated for 24 hr in MTT assay,41M,,,436.24,33,0,0,0,0,0,1,0
CHEMBL2068312,C8H16Cl2N2O5Pt,7000.0,5.16,Growth and colony formation inhibition of CEM leukemia cancer cell lines,CCRF-CEM,,,486.205,34,0,0,0,0,0,1,0
CHEMBL2068312,C8H16Cl2N2O5Pt,2800.0,5.55,Growth and colony formation inhibition of A2780 ovarian cancer cell lines,A2780,,,486.205,34,0,0,0,0,0,1,0
CHEMBL2068312,C8H16Cl2N2O5Pt,24000.0,4.62,Growth and colony formation inhibition of SKOV-3 ovarian cancer cell lines,SK-OV-3,,,486.205,34,0,0,0,0,0,1,0
CHEMBL147416,C10H18Cl2N3Pt+3,7400.0,5.13,In vitro growth inhibition against OV-1063 cells incubated for 4 hr using cytotoxicity assay,OV-1063,,,446.255,34,3,0,0,0,0,1,0
CHEMBL147416,C10H18Cl2N3Pt+3,6000.0,5.22,In vitro growth inhibition against OV-1063 cells incubated for 24 hr using cytotoxicity assay,OV-1063,,,446.255,34,3,0,0,0,0,1,0
CHEMBL147416,C10H18Cl2N3Pt+3,5100.0,5.29,In vitro growth inhibition against OV-1063 cells incubated for 72 hr using cytotoxicity assay,OV-1063,,,446.255,34,3,0,0,0,0,1,0
CHEMBL148624,C6H10Cl2N2Pt+2,18000.0,4.75,In vitro growth inhibition against OV-1063 cells incubated for 4 hr using cytotoxicity assay,OV-1063,,,376.14,21,2,0,0,0,0,1,0
CHEMBL148624,C6H10Cl2N2Pt+2,16000.0,4.8,In vitro growth inhibition against OV-1063 cells incubated for 24 hr using cytotoxicity assay,OV-1063,,,376.14,21,2,0,0,0,0,1,0
CHEMBL148624,C6H10Cl2N2Pt+2,14000.0,4.85,In vitro growth inhibition against OV-1063 cells incubated for 72 hr using cytotoxicity assay,OV-1063,,,376.14,21,2,0,0,0,0,1,0
CHEMBL148734,C11H18Cl2N2Pt+2,6500.0,5.19,In vitro growth inhibition against OV-1063 cells incubated for 4 hr using cytotoxicity assay,OV-1063,,,444.259,34,2,0,0,0,0,1,0
CHEMBL148734,C11H18Cl2N2Pt+2,6000.0,5.22,In vitro growth inhibition against OV-1063 cells incubated for 24 hr using cytotoxicity assay,OV-1063,,,444.259,34,2,0,0,0,0,1,0
CHEMBL148734,C11H18Cl2N2Pt+2,4500.0,5.35,In vitro growth inhibition against OV-1063 cells incubated for 72 hr using cytotoxicity assay,OV-1063,,,444.259,34,2,0,0,0,0,1,0
CHEMBL148624,C6H10Cl2N2Pt+2,6000.0,5.22,In vitro growth inhibition against OV-1063 cells incubated for 4 hr using cytotoxicity assay,OV-1063,,,376.14,21,2,0,0,0,0,1,0
CHEMBL148624,C6H10Cl2N2Pt+2,5100.0,5.29,In vitro growth inhibition against OV-1063 cells incubated for 24 hr using cytotoxicity assay,OV-1063,,,376.14,21,2,0,0,0,0,1,0
CHEMBL148624,C6H10Cl2N2Pt+2,4000.0,5.4,In vitro growth inhibition against OV-1063 cells incubated for 72 hr using cytotoxicity assay,OV-1063,,,376.14,21,2,0,0,0,0,1,0
CHEMBL177002,C17H30N2O4Pt,630.0,6.2,In vitro Inhibitory concentration against HL-60 human leukemia cell line; Tested by trypan blue exclusion test,HL-60,,,521.5169999999999,54,0,0,0,0,0,1,0
CHEMBL177002,C17H30N2O4Pt,9240.0,5.03,In vitro Inhibitory concentration against BEL-7402 human hepatocarcinoma cell line; Tested by sulforhodamine B colorimetric assay,Bel-7402,,,521.5169999999999,54,0,0,0,0,0,1,0
CHEMBL177002,C17H30N2O4Pt,12250.0,4.91,In vitro Inhibitory Concentration against A549 human lung carcinoma cell line; Tested by sulforhodamine B colorimetric assay,A549,,,521.5169999999999,54,0,0,0,0,0,1,0
CHEMBL175535,C9H18N2O4Pt+2,176030.0,3.7544133110257865,Inhibitory concentration against human A2780 ovarian adenocarcinoma cell line,A2780,,,413.333,34,2,0,0,0,0,1,0
CHEMBL175535,C9H18N2O4Pt+2,952200.0,3.0212718228615083,Inhibitory concentration against cisplatin-resistant A2780 human ovarian adenocarcinoma cell line,A2780,,,413.333,34,2,0,0,0,0,1,0
CHEMBL175535,C9H18N2O4Pt+2,2300.0,5.64,Resistance index for cisplatin-resistant A2780 human ovarian adenocarcinoma cell line to that of A2780 cell line,A2780,,,413.333,34,2,0,0,0,0,1,0
CHEMBL1351,C6H12N2O4Pt,7660.0,5.12,Inhibitory concentration against human A2780 ovarian adenocarcinoma cell line,A2780,,,371.252,25,0,0,0,0,0,1,0
CHEMBL1351,C6H12N2O4Pt,123270.0,3.909142604018466,Inhibitory concentration against cisplatin-resistant A2780 human ovarian adenocarcinoma cell line,A2780,,,371.252,25,0,0,0,0,0,1,0
CHEMBL1351,C6H12N2O4Pt,16100.0,4.79,Resistance index for cisplatin-resistant A2780 human ovarian adenocarcinoma cell line to that of A2780 cell line,A2780,,,371.252,25,0,0,0,0,0,1,0
CHEMBL177920,C8H12N2O4Pt,9210.0,5.04,Inhibitory concentration against human A2780 ovarian adenocarcinoma cell line,A2780,,,395.274,27,0,0,0,0,0,1,0
CHEMBL177920,C8H12N2O4Pt,65990.0,4.18,Inhibitory concentration against cisplatin-resistant A2780 human ovarian adenocarcinoma cell line,A2780,,,395.274,27,0,0,0,0,0,1,0
CHEMBL177920,C8H12N2O4Pt,7200.0,5.14,Resistance index for cisplatin-resistant A2780 human ovarian adenocarcinoma cell line to that of A2780 cell line,A2780,,,395.274,27,0,0,0,0,0,1,0
CHEMBL177971,C6H16Cl2N2Pt+2,27240.0,4.57,Inhibitory concentration against human A2780 ovarian adenocarcinoma cell line,A2780,,,382.188,27,2,0,0,0,0,1,0
CHEMBL177971,C6H16Cl2N2Pt+2,126800.0,3.896880746454286,Inhibitory concentration against cisplatin-resistant A2780 human ovarian adenocarcinoma cell line,A2780,,,382.188,27,2,0,0,0,0,1,0
CHEMBL177971,C6H16Cl2N2Pt+2,4600.0,5.34,Resistance index for cisplatin-resistant A2780 human ovarian adenocarcinoma cell line to that of A2780 cell line,A2780,,,382.188,27,2,0,0,0,0,1,0
CHEMBL175844,C12H22N2O4Pt+2,135900.0,3.8667805432675055,Inhibitory concentration against human A2780 ovarian adenocarcinoma cell line,A2780,,,453.398,41,2,0,0,0,0,1,0
CHEMBL175844,C12H22N2O4Pt+2,643850.0,3.1912152999695818,Inhibitory concentration against cisplatin-resistant A2780 human ovarian adenocarcinoma cell line,A2780,,,453.398,41,2,0,0,0,0,1,0
CHEMBL175844,C12H22N2O4Pt+2,4700.0,5.33,Resistance index for cisplatin-resistant A2780 human ovarian adenocarcinoma cell line to that of A2780 cell line,A2780,,,453.398,41,2,0,0,0,0,1,0
CHEMBL179236,C6H14Cl2N2Pt+2,38860.0,4.41,Inhibitory concentration against human A2780 ovarian adenocarcinoma cell line,A2780,,,380.172,25,2,0,0,0,0,1,0
CHEMBL179236,C6H14Cl2N2Pt+2,100220.0,3.999045601593542,Inhibitory concentration against cisplatin-resistant A2780 human ovarian adenocarcinoma cell line,A2780,,,380.172,25,2,0,0,0,0,1,0
CHEMBL179236,C6H14Cl2N2Pt+2,2600.0,5.58,Resistance index for cisplatin-resistant A2780 human ovarian adenocarcinoma cell line to that of A2780 cell line,A2780,,,380.172,25,2,0,0,0,0,1,0
CHEMBL368607,C9H16N2O4Pt+2,167860.0,3.775052781222913,Inhibitory concentration against human A2780 ovarian adenocarcinoma cell line,A2780,,,411.317,32,2,0,0,0,0,1,0
CHEMBL368607,C9H16N2O4Pt+2,385980.0,3.4134351982159883,Inhibitory concentration against cisplatin-resistant A2780 human ovarian adenocarcinoma cell line,A2780,,,411.317,32,2,0,0,0,0,1,0
CHEMBL368607,C9H16N2O4Pt+2,2300.0,5.64,Resistance index for cisplatin-resistant A2780 human ovarian adenocarcinoma cell line to that of A2780 cell line,A2780,,,411.317,32,2,0,0,0,0,1,0
CHEMBL368608,C12H20N2O4Pt+2,167520.0,3.7759333356652327,Inhibitory concentration against human A2780 ovarian adenocarcinoma cell line,A2780,,,451.38200000000006,39,2,0,0,0,0,1,0
CHEMBL368608,C12H20N2O4Pt+2,615160.0,3.21101191173727,Inhibitory concentration against cisplatin-resistant A2780 human ovarian adenocarcinoma cell line,A2780,,,451.38200000000006,39,2,0,0,0,0,1,0
CHEMBL368608,C12H20N2O4Pt+2,3700.0,5.43,Resistance index for cisplatin-resistant A2780 human ovarian adenocarcinoma cell line to that of A2780 cell line,A2780,,,451.38200000000006,39,2,0,0,0,0,1,0
CHEMBL175505,C6H12Cl2N2Pt,1030.0,5.99,Inhibitory concentration against human A2780 ovarian adenocarcinoma cell line,A2780,,,378.15600000000006,23,0,0,0,0,0,1,0
CHEMBL175505,C6H12Cl2N2Pt,8260.0,5.08,Inhibitory concentration against cisplatin-resistant A2780 human ovarian adenocarcinoma cell line,A2780,,,378.15600000000006,23,0,0,0,0,0,1,0
CHEMBL175505,C6H12Cl2N2Pt,8000.0,5.1,Resistance index for cisplatin-resistant A2780 human ovarian adenocarcinoma cell line to that of A2780 cell line,A2780,,,378.15600000000006,23,0,0,0,0,0,1,0
CHEMBL414804,C8H12N2O4Pt,480.0,6.32,Inhibitory concentration against human A2780 ovarian adenocarcinoma cell line,A2780,,,395.274,27,0,0,0,0,0,1,0
CHEMBL414804,C8H12N2O4Pt,6620.0,5.18,Inhibitory concentration against cisplatin-resistant A2780 human ovarian adenocarcinoma cell line,A2780,,,395.274,27,0,0,0,0,0,1,0
CHEMBL414804,C8H12N2O4Pt,12400.0,4.91,Resistance index for cisplatin-resistant A2780 human ovarian adenocarcinoma cell line to that of A2780 cell line,A2780,,,395.274,27,0,0,0,0,0,1,0
CHEMBL435547,C9H14N2O4Pt,2220.0,5.65,Inhibitory concentration against human A2780 ovarian adenocarcinoma cell line,A2780,,,409.301,30,0,0,0,0,0,1,0
CHEMBL435547,C9H14N2O4Pt,9690.0,5.01,Inhibitory concentration against cisplatin-resistant A2780 human ovarian adenocarcinoma cell line,A2780,,,409.301,30,0,0,0,0,0,1,0
CHEMBL435547,C9H14N2O4Pt,4400.0,5.36,Resistance index for cisplatin-resistant A2780 human ovarian adenocarcinoma cell line to that of A2780 cell line,A2780,,,409.301,30,0,0,0,0,0,1,0
CHEMBL176766,C12H18N2O4Pt,1520.0,5.82,Inhibitory concentration against human A2780 ovarian adenocarcinoma cell line,A2780,,,449.366,37,0,0,0,0,0,1,0
CHEMBL176766,C12H18N2O4Pt,3740.0,5.43,Inhibitory concentration against cisplatin-resistant A2780 human ovarian adenocarcinoma cell line,A2780,,,449.366,37,0,0,0,0,0,1,0
CHEMBL176766,C12H18N2O4Pt,2500.0,5.6,Resistance index for cisplatin-resistant A2780 human ovarian adenocarcinoma cell line to that of A2780 cell line,A2780,,,449.366,37,0,0,0,0,0,1,0
CHEMBL384973,C6H11Br2NO2PtS2,15000.0,4.823908740944319,Concentration of the compound required to inhibit cell growth by 50% towards human HL60 tumor cell lines by the trypan blue dye exclusion test after 72 h,HL-60,,,548.167,25,0,0,0,0,0,1,0
CHEMBL384973,C6H11Br2NO2PtS2,15000.0,4.823908740944319,Concentration of the compound required to inhibit cell growth by 50% towards human HeLa tumor cell lines by the trypan blue dye exclusion test after 72 h,HeLa,,,548.167,25,0,0,0,0,0,1,0
CHEMBL369881,C18H30N2O6Pt,1610.0,5.79,In vitro Inhibitory concentration against HL-60 human leukemia cell line; Tested by trypan blue exclusion test,HL-60,,,565.5260000000001,57,0,0,0,0,0,1,0
CHEMBL369881,C18H30N2O6Pt,3740.0,5.43,In vitro Inhibitory concentration against BEL-7402 human hepatocarcinoma cell line; Tested by sulforhodamine B colorimetric assay,Bel-7402,,,565.5260000000001,57,0,0,0,0,0,1,0
CHEMBL369881,C18H30N2O6Pt,14700.0,4.83,In vitro Inhibitory Concentration against A549 human lung carcinoma cell line; Tested by sulforhodamine B colorimetric assay,A549,,,565.5260000000001,57,0,0,0,0,0,1,0
CHEMBL175793,C18H30N2O6Pt,50.0,7.3,In vitro Inhibitory concentration against HL-60 human leukemia cell line; Tested by trypan blue exclusion test,HL-60,,,565.5260000000001,57,0,0,0,0,0,1,0
CHEMBL175793,C18H30N2O6Pt,3130.0,5.5,In vitro Inhibitory concentration against BEL-7402 human hepatocarcinoma cell line; Tested by sulforhodamine B colorimetric assay,Bel-7402,,,565.5260000000001,57,0,0,0,0,0,1,0
CHEMBL175793,C18H30N2O6Pt,8670.0,5.06,In vitro Inhibitory Concentration against A549 human lung carcinoma cell line; Tested by sulforhodamine B colorimetric assay,A549,,,565.5260000000001,57,0,0,0,0,0,1,0
CHEMBL611449,C20H29ClN6PtS+2,750.0,6.12,In vitro inhibitory concentration against growth of U87MG glioblastoma cell line in clonogenic survival assay after 24 hr,U-87 MG,,,616.0840000000001,58,2,0,0,0,0,1,0
CHEMBL1351,C6H12N2O4Pt,2860.0,5.54,In vitro Inhibitory concentration against HL-60 human leukemia cell line; Tested by trypan blue exclusion test,HL-60,,,371.252,25,0,0,0,0,0,1,0
CHEMBL1351,C6H12N2O4Pt,36100.0,4.44,In vitro Inhibitory concentration against BEL-7402 human hepatocarcinoma cell line; Tested by sulforhodamine B colorimetric assay,Bel-7402,,,371.252,25,0,0,0,0,0,1,0
CHEMBL1351,C6H12N2O4Pt,42300.0,4.37,In vitro Inhibitory Concentration against A549 human lung carcinoma cell line; Tested by sulforhodamine B colorimetric assay,A549,,,371.252,25,0,0,0,0,0,1,0
CHEMBL1627737,C32H48Cl2N2O3Pt,3300.0,5.48,inhibitory concentration against estrogen independent human ovarian cancer cell line A2780wt,A2780,,,774.727,88,0,0,0,0,0,1,0
CHEMBL1627737,C32H48Cl2N2O3Pt,4200.0,5.38,inhibitory concentration against estrogen independent human ovarian cancer cell line A2780cp,A2780,,,774.727,88,0,0,0,0,0,1,0
CHEMBL1627737,C32H48Cl2N2O3Pt,9600.0,5.02,Inhibition of estrogen dependent human ovarian cancer OVCAR-3 cell proliferation,Estrogen receptor,,,774.727,88,0,0,0,0,0,1,0
CHEMBL1627737,C32H48Cl2N2O3Pt,8100.0,5.09,Inhibition of estrogen dependent human ovarian cancer SKOV-3 cell proliferation ,Estrogen receptor,,,774.727,88,0,0,0,0,0,1,0
CHEMBL1627734,C34H52Cl2N2O3Pt,2300.0,5.64,inhibitory concentration against estrogen independent human uterus cancer cell line HeLa,HeLa,,,802.781,94,0,0,0,0,0,1,0
CHEMBL1627734,C34H52Cl2N2O3Pt,1700.0,5.77,Inhibition of estrogen dependent human uterus cancer RL-95-2 cell proliferation,Estrogen receptor,,,802.781,94,0,0,0,0,0,1,0
CHEMBL1627734,C34H52Cl2N2O3Pt,2300.0,5.64,Inhibition of estrogen dependent human uterus cancer Ishikawa cell proliferation,Estrogen receptor,,,802.781,94,0,0,0,0,0,1,0
CHEMBL1627734,C34H52Cl2N2O3Pt,2400.0,5.62,inhibitory concentration against estrogen independent human ovarian cancer cell line A2780wt,A2780,,,802.781,94,0,0,0,0,0,1,0
CHEMBL1627734,C34H52Cl2N2O3Pt,2700.0,5.57,inhibitory concentration against estrogen independent human ovarian cancer cell line A2780cp,A2780,,,802.781,94,0,0,0,0,0,1,0
CHEMBL1627734,C34H52Cl2N2O3Pt,3000.0,5.52,Inhibition of estrogen dependent human ovarian cancer OVCAR-3 cell proliferation,Estrogen receptor,,,802.781,94,0,0,0,0,0,1,0
CHEMBL1627734,C34H52Cl2N2O3Pt,3100.0,5.51,Inhibition of estrogen dependent human ovarian cancer SKOV-3 cell proliferation ,Estrogen receptor,,,802.781,94,0,0,0,0,0,1,0
CHEMBL1627993,C36H56Cl2N2O3Pt,5200.0,5.28,inhibitory concentration against estrogen independent human uterus cancer cell line HeLa,HeLa,,,830.8349999999999,100,0,0,0,0,0,1,0
CHEMBL1627993,C36H56Cl2N2O3Pt,2700.0,5.57,Inhibition of estrogen dependent human uterus cancer RL-95-2 cell proliferation,Estrogen receptor,,,830.8349999999999,100,0,0,0,0,0,1,0
CHEMBL1627993,C36H56Cl2N2O3Pt,3300.0,5.48,Inhibition of estrogen dependent human uterus cancer Ishikawa cell proliferation,Estrogen receptor,,,830.8349999999999,100,0,0,0,0,0,1,0
CHEMBL1627993,C36H56Cl2N2O3Pt,1700.0,5.77,inhibitory concentration against estrogen independent human ovarian cancer cell line A2780wt,A2780,,,830.8349999999999,100,0,0,0,0,0,1,0
CHEMBL1627993,C36H56Cl2N2O3Pt,2300.0,5.64,inhibitory concentration against estrogen independent human ovarian cancer cell line A2780cp,A2780,,,830.8349999999999,100,0,0,0,0,0,1,0
CHEMBL1627993,C36H56Cl2N2O3Pt,2900.0,5.54,Inhibition of estrogen dependent human ovarian cancer OVCAR-3 cell proliferation,Estrogen receptor,,,830.8349999999999,100,0,0,0,0,0,1,0
CHEMBL1627993,C36H56Cl2N2O3Pt,5200.0,5.28,Inhibition of estrogen dependent human ovarian cancer SKOV-3 cell proliferation ,Estrogen receptor,,,830.8349999999999,100,0,0,0,0,0,1,0
CHEMBL186705,C6H8Cl2N2Pt+2,13000.0,4.89,inhibitory concentration against estrogen independent human uterus cancer cell line HeLa,HeLa,,,374.124,19,2,0,0,0,0,1,0
CHEMBL186705,C6H8Cl2N2Pt+2,31000.0,4.51,Inhibition of estrogen dependent human uterus cancer RL-95-2 cell proliferation,Estrogen receptor,,,374.124,19,2,0,0,0,0,1,0
CHEMBL186705,C6H8Cl2N2Pt+2,25200.0,4.6,Inhibition of estrogen dependent human uterus cancer Ishikawa cell proliferation,Estrogen receptor,,,374.124,19,2,0,0,0,0,1,0
CHEMBL186705,C6H8Cl2N2Pt+2,4200.0,5.38,inhibitory concentration against estrogen independent human ovarian cancer cell line A2780wt,A2780,,,374.124,19,2,0,0,0,0,1,0
CHEMBL186705,C6H8Cl2N2Pt+2,29000.0,4.54,Inhibition of estrogen dependent human ovarian cancer OVCAR-3 cell proliferation,Estrogen receptor,,,374.124,19,2,0,0,0,0,1,0
CHEMBL186705,C6H8Cl2N2Pt+2,24500.0,4.61,Inhibition of estrogen dependent human ovarian cancer SKOV-3 cell proliferation ,Estrogen receptor,,,374.124,19,2,0,0,0,0,1,0
CHEMBL1627740,C29H42Cl2N2O3Pt,15600.0,4.81,Inhibition of estrogen dependent human uterus cancer RL-95-2 cell proliferation,Estrogen receptor,,,732.646,79,0,0,0,0,0,1,0
CHEMBL1627740,C29H42Cl2N2O3Pt,32500.0,4.49,Inhibition of estrogen dependent human uterus cancer Ishikawa cell proliferation,Estrogen receptor,,,732.646,79,0,0,0,0,0,1,0
CHEMBL1627740,C29H42Cl2N2O3Pt,26600.0,4.58,inhibitory concentration against estrogen independent human ovarian cancer cell line A2780wt,A2780,,,732.646,79,0,0,0,0,0,1,0
CHEMBL1627740,C29H42Cl2N2O3Pt,27500.0,4.56,inhibitory concentration against estrogen independent human ovarian cancer cell line A2780cp,A2780,,,732.646,79,0,0,0,0,0,1,0
CHEMBL1627740,C29H42Cl2N2O3Pt,36300.0,4.44,Inhibition of estrogen dependent human ovarian cancer OVCAR-3 cell proliferation,Estrogen receptor,,,732.646,79,0,0,0,0,0,1,0
CHEMBL1627738,C31H46Cl2N2O3Pt,20200.0,4.7,inhibitory concentration against estrogen independent human uterus cancer cell line HeLa,HeLa,,,760.6999999999999,85,0,0,0,0,0,1,0
CHEMBL1627738,C31H46Cl2N2O3Pt,10900.0,4.96,Inhibition of estrogen dependent human uterus cancer RL-95-2 cell proliferation,Estrogen receptor,,,760.6999999999999,85,0,0,0,0,0,1,0
CHEMBL1627738,C31H46Cl2N2O3Pt,19700.0,4.71,Inhibition of estrogen dependent human uterus cancer Ishikawa cell proliferation,Estrogen receptor,,,760.6999999999999,85,0,0,0,0,0,1,0
CHEMBL1627738,C31H46Cl2N2O3Pt,15000.0,4.82,inhibitory concentration against estrogen independent human ovarian cancer cell line A2780wt,A2780,,,760.6999999999999,85,0,0,0,0,0,1,0
CHEMBL1627738,C31H46Cl2N2O3Pt,18400.0,4.74,inhibitory concentration against estrogen independent human ovarian cancer cell line A2780cp,A2780,,,760.6999999999999,85,0,0,0,0,0,1,0
CHEMBL1627729,C33H50Cl2N2O3Pt,16300.0,4.79,inhibitory concentration against estrogen independent human uterus cancer cell line HeLa,HeLa,,,788.754,91,0,0,0,0,0,1,0
CHEMBL1627729,C33H50Cl2N2O3Pt,5700.0,5.24,Inhibition of estrogen dependent human uterus cancer RL-95-2 cell proliferation,Estrogen receptor,,,788.754,91,0,0,0,0,0,1,0
CHEMBL1627729,C33H50Cl2N2O3Pt,16300.0,4.79,Inhibition of estrogen dependent human uterus cancer Ishikawa cell proliferation,Estrogen receptor,,,788.754,91,0,0,0,0,0,1,0
CHEMBL1627729,C33H50Cl2N2O3Pt,4500.0,5.35,inhibitory concentration against estrogen independent human ovarian cancer cell line A2780wt,A2780,,,788.754,91,0,0,0,0,0,1,0
CHEMBL1627729,C33H50Cl2N2O3Pt,7800.0,5.11,inhibitory concentration against estrogen independent human ovarian cancer cell line A2780cp,A2780,,,788.754,91,0,0,0,0,0,1,0
CHEMBL1627729,C33H50Cl2N2O3Pt,12200.0,4.91,Inhibition of estrogen dependent human ovarian cancer OVCAR-3 cell proliferation,Estrogen receptor,,,788.754,91,0,0,0,0,0,1,0
CHEMBL1627729,C33H50Cl2N2O3Pt,31100.0,4.51,Inhibition of estrogen dependent human ovarian cancer SKOV-3 cell proliferation ,Estrogen receptor,,,788.754,91,0,0,0,0,0,1,0
CHEMBL1627731,C35H54Cl2N2O3Pt,18800.0,4.73,inhibitory concentration against estrogen independent human uterus cancer cell line HeLa,HeLa,,,816.808,97,0,0,0,0,0,1,0
CHEMBL1627731,C35H54Cl2N2O3Pt,9700.0,5.01,Inhibition of estrogen dependent human uterus cancer RL-95-2 cell proliferation,Estrogen receptor,,,816.808,97,0,0,0,0,0,1,0
CHEMBL1627731,C35H54Cl2N2O3Pt,12200.0,4.91,Inhibition of estrogen dependent human uterus cancer Ishikawa cell proliferation,Estrogen receptor,,,816.808,97,0,0,0,0,0,1,0
CHEMBL1627731,C35H54Cl2N2O3Pt,7500.0,5.12,inhibitory concentration against estrogen independent human ovarian cancer cell line A2780wt,A2780,,,816.808,97,0,0,0,0,0,1,0
CHEMBL1627731,C35H54Cl2N2O3Pt,13100.0,4.88,inhibitory concentration against estrogen independent human ovarian cancer cell line A2780cp,A2780,,,816.808,97,0,0,0,0,0,1,0
CHEMBL1627731,C35H54Cl2N2O3Pt,5000.0,5.3,Inhibition of estrogen dependent human ovarian cancer OVCAR-3 cell proliferation,Estrogen receptor,,,816.808,97,0,0,0,0,0,1,0
CHEMBL1627731,C35H54Cl2N2O3Pt,15900.0,4.8,Inhibition of estrogen dependent human ovarian cancer SKOV-3 cell proliferation ,Estrogen receptor,,,816.808,97,0,0,0,0,0,1,0
CHEMBL34868,C7H10Cl2N2Pt+2,20000.0,4.7,inhibitory concentration against estrogen independent human uterus cancer cell line HeLa,HeLa,,,388.15100000000007,22,2,0,0,0,0,1,0
CHEMBL34868,C7H10Cl2N2Pt+2,30900.0,4.51,Inhibition of estrogen dependent human uterus cancer RL-95-2 cell proliferation,Estrogen receptor,,,388.15100000000007,22,2,0,0,0,0,1,0
CHEMBL34868,C7H10Cl2N2Pt+2,29800.0,4.53,Inhibition of estrogen dependent human uterus cancer Ishikawa cell proliferation,Estrogen receptor,,,388.15100000000007,22,2,0,0,0,0,1,0
CHEMBL34868,C7H10Cl2N2Pt+2,7000.0,5.16,inhibitory concentration against estrogen independent human ovarian cancer cell line A2780wt,A2780,,,388.15100000000007,22,2,0,0,0,0,1,0
CHEMBL34868,C7H10Cl2N2Pt+2,25000.0,4.6,Inhibition of estrogen dependent human ovarian cancer OVCAR-3 cell proliferation,Estrogen receptor,,,388.15100000000007,22,2,0,0,0,0,1,0
CHEMBL34868,C7H10Cl2N2Pt+2,27800.0,4.56,Inhibition of estrogen dependent human ovarian cancer SKOV-3 cell proliferation ,Estrogen receptor,,,388.15100000000007,22,2,0,0,0,0,1,0
CHEMBL1627733,C30H44Cl2N2O3Pt,10800.0,4.97,inhibitory concentration against estrogen independent human uterus cancer cell line HeLa,HeLa,,,746.673,82,0,0,0,0,0,1,0
CHEMBL1627733,C30H44Cl2N2O3Pt,8100.0,5.09,Inhibition of estrogen dependent human uterus cancer RL-95-2 cell proliferation,Estrogen receptor,,,746.673,82,0,0,0,0,0,1,0
CHEMBL1627733,C30H44Cl2N2O3Pt,12300.0,4.91,Inhibition of estrogen dependent human uterus cancer Ishikawa cell proliferation,Estrogen receptor,,,746.673,82,0,0,0,0,0,1,0
CHEMBL1627733,C30H44Cl2N2O3Pt,12000.0,4.92,inhibitory concentration against estrogen independent human ovarian cancer cell line A2780wt,A2780,,,746.673,82,0,0,0,0,0,1,0
CHEMBL1627733,C30H44Cl2N2O3Pt,18900.0,4.72,inhibitory concentration against estrogen independent human ovarian cancer cell line A2780cp,A2780,,,746.673,82,0,0,0,0,0,1,0
CHEMBL1627733,C30H44Cl2N2O3Pt,27300.0,4.56,Inhibition of estrogen dependent human ovarian cancer OVCAR-3 cell proliferation,Estrogen receptor,,,746.673,82,0,0,0,0,0,1,0
CHEMBL1627733,C30H44Cl2N2O3Pt,26700.0,4.57,Inhibition of estrogen dependent human ovarian cancer SKOV-3 cell proliferation ,Estrogen receptor,,,746.673,82,0,0,0,0,0,1,0
CHEMBL1627737,C32H48Cl2N2O3Pt,4800.0,5.32,inhibitory concentration against estrogen independent human uterus cancer cell line HeLa,HeLa,,,774.727,88,0,0,0,0,0,1,0
CHEMBL1627737,C32H48Cl2N2O3Pt,3300.0,5.48,Inhibition of estrogen dependent human uterus cancer RL-95-2 cell proliferation,Estrogen receptor,,,774.727,88,0,0,0,0,0,1,0
CHEMBL1627737,C32H48Cl2N2O3Pt,2800.0,5.55,Inhibition of estrogen dependent human uterus cancer Ishikawa cell proliferation,Estrogen receptor,,,774.727,88,0,0,0,0,0,1,0
CHEMBL441000,C17H30N2O4Pt,1780.0,5.75,In vitro Inhibitory concentration against HL-60 human leukemia cell line; Tested by trypan blue exclusion test,HL-60,,,521.5169999999999,54,0,0,0,0,0,1,0
CHEMBL441000,C17H30N2O4Pt,3420.0,5.47,In vitro Inhibitory concentration against BEL-7402 human hepatocarcinoma cell line; Tested by sulforhodamine B colorimetric assay,Bel-7402,,,521.5169999999999,54,0,0,0,0,0,1,0
CHEMBL441000,C17H30N2O4Pt,71210.0,4.15,In vitro Inhibitory Concentration against A549 human lung carcinoma cell line; Tested by sulforhodamine B colorimetric assay,A549,,,521.5169999999999,54,0,0,0,0,0,1,0
CHEMBL187664,C11H20N2O4Pt,910.0,6.04,In vitro Inhibitory concentration against HL-60 human leukemia cell line; Tested by trypan blue exclusion test,HL-60,,,439.371,38,0,0,0,0,0,1,0
CHEMBL187664,C11H20N2O4Pt,11060.0,4.96,In vitro Inhibitory concentration against BEL-7402 human hepatocarcinoma cell line; Tested by sulforhodamine B colorimetric assay,Bel-7402,,,439.371,38,0,0,0,0,0,1,0
CHEMBL186466,C10H18N2O4Pt,5540.0,5.26,In vitro Inhibitory concentration against HL-60 human leukemia cell line; Tested by trypan blue exclusion test,HL-60,,,425.3440000000001,35,0,0,0,0,0,1,0
CHEMBL186466,C10H18N2O4Pt,24360.0,4.61,In vitro Inhibitory concentration against BEL-7402 human hepatocarcinoma cell line; Tested by sulforhodamine B colorimetric assay,Bel-7402,,,425.3440000000001,35,0,0,0,0,0,1,0
CHEMBL186466,C10H18N2O4Pt,169260.0,3.77144566346099,In vitro Inhibitory Concentration against A549 human lung carcinoma cell line; Tested by sulforhodamine B colorimetric assay,A549,,,425.3440000000001,35,0,0,0,0,0,1,0
CHEMBL187664,C11H20N2O4Pt,17460.0,4.76,In vitro Inhibitory Concentration against A549 human lung carcinoma cell line; Tested by sulforhodamine B colorimetric assay,A549,,,439.371,38,0,0,0,0,0,1,0
CHEMBL191157,C16H30N2O4Pt,7080.0,5.15,In vitro Inhibitory concentration against HL-60 human leukemia cell line; Tested by trypan blue exclusion test,HL-60,,,509.506,53,0,0,0,0,0,1,0
CHEMBL191157,C16H30N2O4Pt,122150.0,3.913106528690544,In vitro Inhibitory concentration against BEL-7402 human hepatocarcinoma cell line; Tested by sulforhodamine B colorimetric assay,Bel-7402,,,509.506,53,0,0,0,0,0,1,0
CHEMBL191157,C16H30N2O4Pt,188800.0,3.72399801003795,In vitro Inhibitory Concentration against A549 human lung carcinoma cell line; Tested by sulforhodamine B colorimetric assay,A549,,,509.506,53,0,0,0,0,0,1,0
CHEMBL361029,C17H32N2O4Pt,4930.0,5.31,In vitro Inhibitory concentration against HL-60 human leukemia cell line; Tested by trypan blue exclusion test,HL-60,,,523.533,56,0,0,0,0,0,1,0
CHEMBL361029,C17H32N2O4Pt,188800.0,3.72399801003795,In vitro Inhibitory concentration against BEL-7402 human hepatocarcinoma cell line; Tested by sulforhodamine B colorimetric assay,Bel-7402,,,523.533,56,0,0,0,0,0,1,0
CHEMBL361029,C17H32N2O4Pt,158590.0,3.799724200888149,In vitro Inhibitory Concentration against A549 human lung carcinoma cell line; Tested by sulforhodamine B colorimetric assay,A549,,,523.533,56,0,0,0,0,0,1,0
CHEMBL1351,C6H12N2O4Pt,5220.0,5.28,In vitro cytotoxicity for human ovarian tumor A2780 cells,A2780,,,371.252,25,0,0,0,0,0,1,0
CHEMBL371997,C7H5Cl5N2Ru-2,35000.0,4.46,Inhibitory concentration against CH1 (ovarian cancer) cells,SK-OV-3,,,395.451,20,-2,0,0,0,0,0,1
CHEMBL371997,C7H5Cl5N2Ru-2,37000.0,4.43,Inhibitory concentration against SW480 (colon cancer) cells,SW480,,,395.451,20,-2,0,0,0,0,0,1
CHEMBL190065,C14H10Cl4N4Ru-,66000.0,4.18,Inhibitory concentration against CH1 (ovarian cancer) cells,SK-OV-3,,,477.132,33,-1,0,0,0,0,0,1
CHEMBL190065,C14H10Cl4N4Ru-,63000.0,4.2,Inhibitory concentration against SW480 (colon cancer) cells,SW480,,,477.132,33,-1,0,0,0,0,0,1
CHEMBL187543,C21H15Cl3N6Ru,2600.0,5.58,Inhibitory concentration against CH1 (ovarian cancer) cells,SK-OV-3,,,558.8130000000001,46,0,0,0,0,0,0,1
CHEMBL187543,C21H15Cl3N6Ru,2500.0,5.6,Inhibitory concentration against SW480 (colon cancer) cells,SW480,,,558.8130000000001,46,0,0,0,0,0,0,1
CHEMBL365925,C28H20Cl2N8Ru+,670.0,6.17,Inhibitory concentration against CH1 (ovarian cancer) cells,SK-OV-3,,,640.4940000000001,59,1,0,0,0,0,0,1
CHEMBL365925,C28H20Cl2N8Ru+,690.0,6.16,Inhibitory concentration against SW480 (colon cancer) cells,SW480,,,640.4940000000001,59,1,0,0,0,0,0,1
CHEMBL365925,C28H20Cl2N8Ru+,590.0,6.23,Inhibitory concentration against CH1 (ovarian cancer) cells,SK-OV-3,,,640.4940000000001,59,1,0,0,0,0,0,1
CHEMBL365925,C28H20Cl2N8Ru+,630.0,6.2,Inhibitory concentration against SW480 (colon cancer) cells,SW480,,,640.4940000000001,59,1,0,0,0,0,0,1
CHEMBL1351,C6H12N2O4Pt,2900.0,5.54,In vitro inhibitory concentration against human leukemia cell line (HL-60),HL-60,,,371.252,25,0,0,0,0,0,1,0
CHEMBL1351,C6H12N2O4Pt,700.0,6.16,In vitro inhibitory concentration against human leukemia cell line (NALM-6),NALM-6,,,371.252,25,0,0,0,0,0,1,0
CHEMBL372488,C27H28FeO2,700.0,6.16,Antiproliferative effect in the hormone dependent MCF-7 breast cancer cell line,MCF7,,,440.364,58,0,0,1,0,0,0,0
CHEMBL372488,C27H28FeO2,600.0,6.22,Antiproliferative effect in the hormone independent MDA-MB-231 breast cancer cell line,MDA-MB-231,,,440.364,58,0,0,1,0,0,0,0
CHEMBL216739,C6H11Br2NO2PdS2,15000.0,4.823908740944319,Concentration of the compound required to inhibit cell growth by 50% towards human HL60 tumor cell lines by the trypan blue dye exclusion test after 72 h,HL-60,,,459.507,25,0,0,0,0,1,0,0
CHEMBL216739,C6H11Br2NO2PdS2,15000.0,4.823908740944319,Concentration of the compound required to inhibit cell growth by 50% towards human HeLa tumor cell lines by the trypan blue dye exclusion test after 72 h,HeLa,,,459.507,25,0,0,0,0,1,0,0
CHEMBL194376,C13H16N2O4Pt,13000.0,4.89,Concentration required to inhibit growth of the human ovarian cancer A2780 cells by 50% after 96h exposure,A2780,,,459.361,36,0,0,0,0,0,1,0
CHEMBL194376,C13H16N2O4Pt,17000.0,4.77,Concentration required to inhibit growth of the human ovarian cancer CH1 cells by 50% after 96h exposure,CH1,,,459.361,36,0,0,0,0,0,1,0
CHEMBL194376,C13H16N2O4Pt,22000.0,4.66,Concentration required to inhibit growth of the human ovarian cancer 41M cells by 50% after 96h exposure,41M,,,459.361,36,0,0,0,0,0,1,0
CHEMBL370881,C13H16N2O4Pt,13000.0,4.89,Concentration required to inhibit growth of the human ovarian cancer A2780 cells by 50% after 96h exposure,A2780,,,459.361,36,0,0,0,0,0,1,0
CHEMBL370881,C13H16N2O4Pt,20000.0,4.7,Concentration required to inhibit growth of the human ovarian cancer CH1 cells by 50% after 96h exposure,CH1,,,459.361,36,0,0,0,0,0,1,0
CHEMBL370881,C13H16N2O4Pt,22000.0,4.66,Concentration required to inhibit growth of the human ovarian cancer 41M cells by 50% after 96h exposure ,41M,,,459.361,36,0,0,0,0,0,1,0
CHEMBL196628,C14H16N2O4Pt,12800.0,4.89,Concentration required to inhibit growth of the human ovarian cancer A2780 cells by 50% after 96h exposure,A2780,,,471.372,37,0,0,0,0,0,1,0
CHEMBL196628,C14H16N2O4Pt,19000.0,4.72,Concentration required to inhibit growth of the human ovarian cancer CH1 cells by 50% after 96h exposure,CH1,,,471.372,37,0,0,0,0,0,1,0
CHEMBL196628,C14H16N2O4Pt,14000.0,4.85,Concentration required to inhibit growth of the human ovarian cancer 41M cells by 50% after 96h exposure,41M,,,471.372,37,0,0,0,0,0,1,0
CHEMBL2068507,C21H20Cl2N6O6Pt,15100.0,4.82,Inhibitory concentration against SK-MEL-25 cell line,SK-MEL-25,,,718.4070000000002,56,0,0,0,0,0,1,0
CHEMBL2068507,C21H20Cl2N6O6Pt,27600.0,4.56,Inhibitory concentration against Calu-6 cell line,Calu-6,,,718.4070000000002,56,0,0,0,0,0,1,0
CHEMBL2068507,C21H20Cl2N6O6Pt,53100.0,4.28,Inhibitory concentration against MCF-7 cell line,MCF7,,,718.4070000000002,56,0,0,0,0,0,1,0
CHEMBL2068510,C8H14N2O5Pt,8740.0,5.06,In vitro cytotoxicity against human A549 non-small cell lung carcinoma cell line,A549,,,413.289,30,0,0,0,0,0,1,0
CHEMBL2068510,C8H14N2O5Pt,25040.0,4.6,In vitro cytotoxicity against human HCT116 colon cancer cell line,HCT-116,,,413.289,30,0,0,0,0,0,1,0
CHEMBL1366,C20H34AuO9PS,5600.0,5.25,HARVARD: Cytotoxicity in HepG2 cell line,HepG2,,,678.4870000000001,66,0,1,0,0,0,0,0
